station_id,station_name,timestamp,temperature,humidity,pressure,source,scenario_id,scenario_type,fault_type,severity,ground_truth,is_anomaly,is_sensor_fault,event_start,event_end,affected_parameter,description
43150,Visakhapatnam (AWS008),2026-08-01T00:00:00Z,25.59,88.1,1013.86,SYNTHETIC_SIMULATION,SCN_CLEAN_BASELINE,CLEAN_NORMAL,NONE,NONE,NORMAL,0,0,,,none,Normal ambient weather telemetry with diurnal solar cycles
43150,Visakhapatnam (AWS008),2026-08-01T01:00:00Z,24.55,91.3,1013.16,SYNTHETIC_SIMULATION,SCN_CLEAN_BASELINE,CLEAN_NORMAL,NONE,NONE,NORMAL,0,0,,,none,Normal ambient weather telemetry with diurnal solar cycles
43150,Visakhapatnam (AWS008),2026-08-01T02:00:00Z,24.51,92.7,1012.48,SYNTHETIC_SIMULATION,SCN_CLEAN_BASELINE,CLEAN_NORMAL,NONE,NONE,NORMAL,0,0,,,none,Normal ambient weather telemetry with diurnal solar cycles
43150,Visakhapatnam (AWS008),2026-08-01T03:00:00Z,24.33,91.1,1011.83,SYNTHETIC_SIMULATION,SCN_CLEAN_BASELINE,CLEAN_NORMAL,NONE,NONE,NORMAL,0,0,,,none,Normal ambient weather telemetry with diurnal solar cycles
43150,Visakhapatnam (AWS008),2026-08-01T04:00:00Z,25.09,90.6,1011.12,SYNTHETIC_SIMULATION,SCN_CLEAN_BASELINE,CLEAN_NORMAL,NONE,NONE,NORMAL,0,0,,,none,Normal ambient weather telemetry with diurnal solar cycles
43150,Visakhapatnam (AWS008),2026-08-01T05:00:00Z,26.23,90.2,1010.51,SYNTHETIC_SIMULATION,SCN_CLEAN_BASELINE,CLEAN_NORMAL,NONE,NONE,NORMAL,0,0,,,none,Normal ambient weather telemetry with diurnal solar cycles
43150,Visakhapatnam (AWS008),2026-08-01T06:00:00Z,27.56,85.1,1010.17,SYNTHETIC_SIMULATION,SCN_CLEAN_BASELINE,CLEAN_NORMAL,NONE,NONE,NORMAL,0,0,,,none,Normal ambient weather telemetry with diurnal solar cycles
43150,Visakhapatnam (AWS008),2026-08-01T07:00:00Z,28.31,82.6,1010.22,SYNTHETIC_SIMULATION,SCN_CLEAN_BASELINE,CLEAN_NORMAL,NONE,NONE,NORMAL,0,0,,,none,Normal ambient weather telemetry with diurnal solar cycles
43150,Visakhapatnam (AWS008),2026-08-01T08:00:00Z,29.37,77.2,1010.22,SYNTHETIC_SIMULATION,SCN_CLEAN_BASELINE,CLEAN_NORMAL,NONE,NONE,NORMAL,0,0,,,none,Normal ambient weather telemetry with diurnal solar cycles
43150,Visakhapatnam (AWS008),2026-08-01T09:00:00Z,31.41,73.1,1010.93,SYNTHETIC_SIMULATION,SCN_CLEAN_BASELINE,CLEAN_NORMAL,NONE,NONE,NORMAL,0,0,,,none,Normal ambient weather telemetry with diurnal solar cycles
43150,Visakhapatnam (AWS008),2026-08-01T10:00:00Z,33.12,69.3,1011.8,SYNTHETIC_SIMULATION,SCN_CLEAN_BASELINE,CLEAN_NORMAL,NONE,NONE,NORMAL,0,0,,,none,Normal ambient weather telemetry with diurnal solar cycles
43150,Visakhapatnam (AWS008),2026-08-01T11:00:00Z,34.12,65.9,1011.61,SYNTHETIC_SIMULATION,SCN_CLEAN_BASELINE,CLEAN_NORMAL,NONE,NONE,NORMAL,0,0,,,none,Normal ambient weather telemetry with diurnal solar cycles
43150,Visakhapatnam (AWS008),2026-08-01T12:00:00Z,35.25,63.4,1011.91,SYNTHETIC_SIMULATION,SCN_CLEAN_BASELINE,CLEAN_NORMAL,NONE,NONE,NORMAL,0,0,,,none,Normal ambient weather telemetry with diurnal solar cycles
43150,Visakhapatnam (AWS008),2026-08-01T13:00:00Z,35.79,62.5,1011.77,SYNTHETIC_SIMULATION,SCN_CLEAN_BASELINE,CLEAN_NORMAL,NONE,NONE,NORMAL,0,0,,,none,Normal ambient weather telemetry with diurnal solar cycles
43150,Visakhapatnam (AWS008),2026-08-01T14:00:00Z,36.95,61.6,1011.1,SYNTHETIC_SIMULATION,SCN_CLEAN_BASELINE,CLEAN_NORMAL,NONE,NONE,NORMAL,0,0,,,none,Normal ambient weather telemetry with diurnal solar cycles
43150,Visakhapatnam (AWS008),2026-08-01T15:00:00Z,36.91,61.3,1009.77,SYNTHETIC_SIMULATION,SCN_CLEAN_BASELINE,CLEAN_NORMAL,NONE,NONE,NORMAL,0,0,,,none,Normal ambient weather telemetry with diurnal solar cycles
43150,Visakhapatnam (AWS008),2026-08-01T16:00:00Z,36.01,61.5,1009.48,SYNTHETIC_SIMULATION,SCN_CLEAN_BASELINE,CLEAN_NORMAL,NONE,NONE,NORMAL,0,0,,,none,Normal ambient weather telemetry with diurnal solar cycles
43150,Visakhapatnam (AWS008),2026-08-01T17:00:00Z,35.85,63.8,1008.55,SYNTHETIC_SIMULATION,SCN_CLEAN_BASELINE,CLEAN_NORMAL,NONE,NONE,NORMAL,0,0,,,none,Normal ambient weather telemetry with diurnal solar cycles
43150,Visakhapatnam (AWS008),2026-08-01T18:00:00Z,34.52,63.5,1008.48,SYNTHETIC_SIMULATION,SCN_CLEAN_BASELINE,CLEAN_NORMAL,NONE,NONE,NORMAL,0,0,,,none,Normal ambient weather telemetry with diurnal solar cycles
43150,Visakhapatnam (AWS008),2026-08-01T19:00:00Z,33.64,67.2,1008.63,SYNTHETIC_SIMULATION,SCN_CLEAN_BASELINE,CLEAN_NORMAL,NONE,NONE,NORMAL,0,0,,,none,Normal ambient weather telemetry with diurnal solar cycles
43150,Visakhapatnam (AWS008),2026-08-01T20:00:00Z,32.37,71.2,1008.99,SYNTHETIC_SIMULATION,SCN_CLEAN_BASELINE,CLEAN_NORMAL,NONE,NONE,NORMAL,0,0,,,none,Normal ambient weather telemetry with diurnal solar cycles
43150,Visakhapatnam (AWS008),2026-08-01T21:00:00Z,31.11,74.9,1009.6,SYNTHETIC_SIMULATION,SCN_CLEAN_BASELINE,CLEAN_NORMAL,NONE,NONE,NORMAL,0,0,,,none,Normal ambient weather telemetry with diurnal solar cycles
43150,Visakhapatnam (AWS008),2026-08-01T22:00:00Z,30.36,76.6,1010.35,SYNTHETIC_SIMULATION,SCN_CLEAN_BASELINE,CLEAN_NORMAL,NONE,NONE,NORMAL,0,0,,,none,Normal ambient weather telemetry with diurnal solar cycles
43150,Visakhapatnam (AWS008),2026-08-01T23:00:00Z,29.14,80.5,1010.67,SYNTHETIC_SIMULATION,SCN_CLEAN_BASELINE,CLEAN_NORMAL,NONE,NONE,NORMAL,0,0,,,none,Normal ambient weather telemetry with diurnal solar cycles
43150,Visakhapatnam (AWS008),2026-08-02T00:00:00Z,27.72,85.0,1010.53,SYNTHETIC_SIMULATION,SCN_CLEAN_BASELINE,CLEAN_NORMAL,NONE,NONE,NORMAL,0,0,,,none,Normal ambient weather telemetry with diurnal solar cycles
43150,Visakhapatnam (AWS008),2026-08-02T01:00:00Z,27.17,85.7,1010.12,SYNTHETIC_SIMULATION,SCN_CLEAN_BASELINE,CLEAN_NORMAL,NONE,NONE,NORMAL,0,0,,,none,Normal ambient weather telemetry with diurnal solar cycles
43150,Visakhapatnam (AWS008),2026-08-02T02:00:00Z,26.4,87.4,1009.62,SYNTHETIC_SIMULATION,SCN_CLEAN_BASELINE,CLEAN_NORMAL,NONE,NONE,NORMAL,0,0,,,none,Normal ambient weather telemetry with diurnal solar cycles
43150,Visakhapatnam (AWS008),2026-08-02T03:00:00Z,27.05,85.2,1009.01,SYNTHETIC_SIMULATION,SCN_CLEAN_BASELINE,CLEAN_NORMAL,NONE,NONE,NORMAL,0,0,,,none,Normal ambient weather telemetry with diurnal solar cycles
43150,Visakhapatnam (AWS008),2026-08-02T04:00:00Z,26.97,86.5,1008.33,SYNTHETIC_SIMULATION,SCN_CLEAN_BASELINE,CLEAN_NORMAL,NONE,NONE,NORMAL,0,0,,,none,Normal ambient weather telemetry with diurnal solar cycles
43150,Visakhapatnam (AWS008),2026-08-02T05:00:00Z,28.08,85.2,1007.69,SYNTHETIC_SIMULATION,SCN_CLEAN_BASELINE,CLEAN_NORMAL,NONE,NONE,NORMAL,0,0,,,none,Normal ambient weather telemetry with diurnal solar cycles
43150,Visakhapatnam (AWS008),2026-08-02T06:00:00Z,28.41,80.8,1008.01,SYNTHETIC_SIMULATION,SCN_CLEAN_BASELINE,CLEAN_NORMAL,NONE,NONE,NORMAL,0,0,,,none,Normal ambient weather telemetry with diurnal solar cycles
43150,Visakhapatnam (AWS008),2026-08-02T07:00:00Z,29.89,78.1,1007.83,SYNTHETIC_SIMULATION,SCN_CLEAN_BASELINE,CLEAN_NORMAL,NONE,NONE,NORMAL,0,0,,,none,Normal ambient weather telemetry with diurnal solar cycles
43150,Visakhapatnam (AWS008),2026-08-02T08:00:00Z,,73.0,1008.46,SYNTHETIC_SIMULATION,SCN_CLEAN_BASELINE,CLEAN_NORMAL,NONE,NONE,NORMAL,0,0,,,none,Normal ambient weather telemetry with diurnal solar cycles
43150,Visakhapatnam (AWS008),2026-08-02T09:00:00Z,32.84,70.0,1009.01,SYNTHETIC_SIMULATION,SCN_CLEAN_BASELINE,CLEAN_NORMAL,NONE,NONE,NORMAL,0,0,,,none,Normal ambient weather telemetry with diurnal solar cycles
43150,Visakhapatnam (AWS008),2026-08-02T10:00:00Z,34.02,66.9,1009.42,SYNTHETIC_SIMULATION,SCN_CLEAN_BASELINE,CLEAN_NORMAL,NONE,NONE,NORMAL,0,0,,,none,Normal ambient weather telemetry with diurnal solar cycles
43150,Visakhapatnam (AWS008),2026-08-02T11:00:00Z,34.76,64.5,1009.99,SYNTHETIC_SIMULATION,SCN_CLEAN_BASELINE,CLEAN_NORMAL,NONE,NONE,NORMAL,0,0,,,none,Normal ambient weather telemetry with diurnal solar cycles
43150,Visakhapatnam (AWS008),2026-08-02T12:00:00Z,35.67,61.9,,SYNTHETIC_SIMULATION,SCN_CLEAN_BASELINE,CLEAN_NORMAL,NONE,NONE,NORMAL,0,0,,,none,Normal ambient weather telemetry with diurnal solar cycles
43150,Visakhapatnam (AWS008),2026-08-02T13:00:00Z,37.22,60.1,1010.33,SYNTHETIC_SIMULATION,SCN_CLEAN_BASELINE,CLEAN_NORMAL,NONE,NONE,NORMAL,0,0,,,none,Normal ambient weather telemetry with diurnal solar cycles
43150,Visakhapatnam (AWS008),2026-08-02T14:00:00Z,37.79,58.5,1009.52,SYNTHETIC_SIMULATION,SCN_CLEAN_BASELINE,CLEAN_NORMAL,NONE,NONE,NORMAL,0,0,,,none,Normal ambient weather telemetry with diurnal solar cycles
43150,Visakhapatnam (AWS008),2026-08-02T15:00:00Z,36.82,58.6,1009.0,SYNTHETIC_SIMULATION,SCN_CLEAN_BASELINE,CLEAN_NORMAL,NONE,NONE,NORMAL,0,0,,,none,Normal ambient weather telemetry with diurnal solar cycles
43150,Visakhapatnam (AWS008),2026-08-02T16:00:00Z,36.05,61.4,1008.46,SYNTHETIC_SIMULATION,SCN_CLEAN_BASELINE,CLEAN_NORMAL,NONE,NONE,NORMAL,0,0,,,none,Normal ambient weather telemetry with diurnal solar cycles
43150,Visakhapatnam (AWS008),2026-08-02T17:00:00Z,35.99,62.4,1007.93,SYNTHETIC_SIMULATION,SCN_CLEAN_BASELINE,CLEAN_NORMAL,NONE,NONE,NORMAL,0,0,,,none,Normal ambient weather telemetry with diurnal solar cycles
43150,Visakhapatnam (AWS008),2026-08-02T18:00:00Z,35.01,62.2,1007.44,SYNTHETIC_SIMULATION,SCN_CLEAN_BASELINE,CLEAN_NORMAL,NONE,NONE,NORMAL,0,0,,,none,Normal ambient weather telemetry with diurnal solar cycles
43150,Visakhapatnam (AWS008),2026-08-02T19:00:00Z,34.48,67.8,1008.11,SYNTHETIC_SIMULATION,SCN_CLEAN_BASELINE,CLEAN_NORMAL,NONE,NONE,NORMAL,0,0,,,none,Normal ambient weather telemetry with diurnal solar cycles
43150,Visakhapatnam (AWS008),2026-08-02T20:00:00Z,32.72,71.5,1008.75,SYNTHETIC_SIMULATION,SCN_CLEAN_BASELINE,CLEAN_NORMAL,NONE,NONE,NORMAL,0,0,,,none,Normal ambient weather telemetry with diurnal solar cycles
43150,Visakhapatnam (AWS008),2026-08-02T21:00:00Z,31.29,75.5,1009.44,SYNTHETIC_SIMULATION,SCN_CLEAN_BASELINE,CLEAN_NORMAL,NONE,NONE,NORMAL,0,0,,,none,Normal ambient weather telemetry with diurnal solar cycles
43150,Visakhapatnam (AWS008),2026-08-02T22:00:00Z,29.4,79.0,1010.05,SYNTHETIC_SIMULATION,SCN_CLEAN_BASELINE,CLEAN_NORMAL,NONE,NONE,NORMAL,0,0,,,none,Normal ambient weather telemetry with diurnal solar cycles
43150,Visakhapatnam (AWS008),2026-08-02T23:00:00Z,28.11,82.0,1010.99,SYNTHETIC_SIMULATION,SCN_CLEAN_BASELINE,CLEAN_NORMAL,NONE,NONE,NORMAL,0,0,,,none,Normal ambient weather telemetry with diurnal solar cycles
43150,Visakhapatnam (AWS008),2026-08-03T00:00:00Z,27.46,84.4,1010.92,SYNTHETIC_SIMULATION,SCN_CLEAN_BASELINE,CLEAN_NORMAL,NONE,NONE,NORMAL,0,0,,,none,Normal ambient weather telemetry with diurnal solar cycles
43150,Visakhapatnam (AWS008),2026-08-03T01:00:00Z,26.84,85.5,1011.04,SYNTHETIC_SIMULATION,SCN_CLEAN_BASELINE,CLEAN_NORMAL,NONE,NONE,NORMAL,0,0,,,none,Normal ambient weather telemetry with diurnal solar cycles
43150,Visakhapatnam (AWS008),2026-08-03T02:00:00Z,26.47,88.8,1010.84,SYNTHETIC_SIMULATION,SCN_CLEAN_BASELINE,CLEAN_NORMAL,NONE,NONE,NORMAL,0,0,,,none,Normal ambient weather telemetry with diurnal solar cycles
43150,Visakhapatnam (AWS008),2026-08-03T03:00:00Z,26.44,86.9,1010.13,SYNTHETIC_SIMULATION,SCN_CLEAN_BASELINE,CLEAN_NORMAL,NONE,NONE,NORMAL,0,0,,,none,Normal ambient weather telemetry with diurnal solar cycles
43150,Visakhapatnam (AWS008),2026-08-03T04:00:00Z,26.52,89.6,1009.66,SYNTHETIC_SIMULATION,SCN_CLEAN_BASELINE,CLEAN_NORMAL,NONE,NONE,NORMAL,0,0,,,none,Normal ambient weather telemetry with diurnal solar cycles
43150,Visakhapatnam (AWS008),2026-08-03T05:00:00Z,26.86,83.4,1009.35,SYNTHETIC_SIMULATION,SCN_CLEAN_BASELINE,CLEAN_NORMAL,NONE,NONE,NORMAL,0,0,,,none,Normal ambient weather telemetry with diurnal solar cycles
43150,Visakhapatnam (AWS008),2026-08-03T06:00:00Z,27.46,83.1,1009.22,SYNTHETIC_SIMULATION,SCN_CLEAN_BASELINE,CLEAN_NORMAL,NONE,NONE,NORMAL,0,0,,,none,Normal ambient weather telemetry with diurnal solar cycles
43150,Visakhapatnam (AWS008),2026-08-03T07:00:00Z,28.95,80.3,1009.3,SYNTHETIC_SIMULATION,SCN_CLEAN_BASELINE,CLEAN_NORMAL,NONE,NONE,NORMAL,0,0,,,none,Normal ambient weather telemetry with diurnal solar cycles
43150,Visakhapatnam (AWS008),2026-08-03T08:00:00Z,29.81,77.7,1010.13,SYNTHETIC_SIMULATION,SCN_CLEAN_BASELINE,CLEAN_NORMAL,NONE,NONE,NORMAL,0,0,,,none,Normal ambient weather telemetry with diurnal solar cycles
43150,Visakhapatnam (AWS008),2026-08-03T09:00:00Z,31.56,73.8,1010.91,SYNTHETIC_SIMULATION,SCN_CLEAN_BASELINE,CLEAN_NORMAL,NONE,NONE,NORMAL,0,0,,,none,Normal ambient weather telemetry with diurnal solar cycles
43150,Visakhapatnam (AWS008),2026-08-03T10:00:00Z,31.88,71.9,1011.6,SYNTHETIC_SIMULATION,SCN_CLEAN_BASELINE,CLEAN_NORMAL,NONE,NONE,NORMAL,0,0,,,none,Normal ambient weather telemetry with diurnal solar cycles
43150,Visakhapatnam (AWS008),2026-08-03T11:00:00Z,33.68,69.5,1012.61,SYNTHETIC_SIMULATION,SCN_CLEAN_BASELINE,CLEAN_NORMAL,NONE,NONE,NORMAL,0,0,,,none,Normal ambient weather telemetry with diurnal solar cycles
43150,Visakhapatnam (AWS008),2026-08-03T12:00:00Z,34.35,66.2,1012.87,SYNTHETIC_SIMULATION,SCN_CLEAN_BASELINE,CLEAN_NORMAL,NONE,NONE,NORMAL,0,0,,,none,Normal ambient weather telemetry with diurnal solar cycles
43150,Visakhapatnam (AWS008),2026-08-03T13:00:00Z,34.97,63.2,1012.73,SYNTHETIC_SIMULATION,SCN_CLEAN_BASELINE,CLEAN_NORMAL,NONE,NONE,NORMAL,0,0,,,none,Normal ambient weather telemetry with diurnal solar cycles
43150,Visakhapatnam (AWS008),2026-08-03T14:00:00Z,35.63,61.4,1012.74,SYNTHETIC_SIMULATION,SCN_CLEAN_BASELINE,CLEAN_NORMAL,NONE,NONE,NORMAL,0,0,,,none,Normal ambient weather telemetry with diurnal solar cycles
43150,Visakhapatnam (AWS008),2026-08-03T15:00:00Z,35.2,63.1,1011.69,SYNTHETIC_SIMULATION,SCN_CLEAN_BASELINE,CLEAN_NORMAL,NONE,NONE,NORMAL,0,0,,,none,Normal ambient weather telemetry with diurnal solar cycles
43150,Visakhapatnam (AWS008),2026-08-03T16:00:00Z,35.5,63.7,1011.7,SYNTHETIC_SIMULATION,SCN_CLEAN_BASELINE,CLEAN_NORMAL,NONE,NONE,NORMAL,0,0,,,none,Normal ambient weather telemetry with diurnal solar cycles
43150,Visakhapatnam (AWS008),2026-08-03T17:00:00Z,34.03,65.5,1010.91,SYNTHETIC_SIMULATION,SCN_CLEAN_BASELINE,CLEAN_NORMAL,NONE,NONE,NORMAL,0,0,,,none,Normal ambient weather telemetry with diurnal solar cycles
43150,Visakhapatnam (AWS008),2026-08-03T18:00:00Z,32.85,68.1,1011.09,SYNTHETIC_SIMULATION,SCN_CLEAN_BASELINE,CLEAN_NORMAL,NONE,NONE,NORMAL,0,0,,,none,Normal ambient weather telemetry with diurnal solar cycles
43150,Visakhapatnam (AWS008),2026-08-03T19:00:00Z,31.72,72.5,1011.2,SYNTHETIC_SIMULATION,SCN_CLEAN_BASELINE,CLEAN_NORMAL,NONE,NONE,NORMAL,0,0,,,none,Normal ambient weather telemetry with diurnal solar cycles
43150,Visakhapatnam (AWS008),2026-08-03T20:00:00Z,30.16,75.5,1012.18,SYNTHETIC_SIMULATION,SCN_CLEAN_BASELINE,CLEAN_NORMAL,NONE,NONE,NORMAL,0,0,,,none,Normal ambient weather telemetry with diurnal solar cycles
43150,Visakhapatnam (AWS008),2026-08-03T21:00:00Z,29.01,80.9,1012.58,SYNTHETIC_SIMULATION,SCN_CLEAN_BASELINE,CLEAN_NORMAL,NONE,NONE,NORMAL,0,0,,,none,Normal ambient weather telemetry with diurnal solar cycles
43150,Visakhapatnam (AWS008),2026-08-03T22:00:00Z,26.96,84.7,1013.84,SYNTHETIC_SIMULATION,SCN_CLEAN_BASELINE,CLEAN_NORMAL,NONE,NONE,NORMAL,0,0,,,none,Normal ambient weather telemetry with diurnal solar cycles
43150,Visakhapatnam (AWS008),2026-08-03T23:00:00Z,26.32,89.2,1014.27,SYNTHETIC_SIMULATION,SCN_CLEAN_BASELINE,CLEAN_NORMAL,NONE,NONE,NORMAL,0,0,,,none,Normal ambient weather telemetry with diurnal solar cycles
43150,Visakhapatnam (AWS008),2026-08-04T00:00:00Z,25.05,91.3,1014.78,SYNTHETIC_SIMULATION,SCN_CLEAN_BASELINE,CLEAN_NORMAL,NONE,NONE,NORMAL,0,0,,,none,Normal ambient weather telemetry with diurnal solar cycles
43150,Visakhapatnam (AWS008),2026-08-04T01:00:00Z,23.93,94.4,1014.43,SYNTHETIC_SIMULATION,SCN_CLEAN_BASELINE,CLEAN_NORMAL,NONE,NONE,NORMAL,0,0,,,none,Normal ambient weather telemetry with diurnal solar cycles
43150,Visakhapatnam (AWS008),2026-08-04T02:00:00Z,23.63,93.6,1014.24,SYNTHETIC_SIMULATION,SCN_CLEAN_BASELINE,CLEAN_NORMAL,NONE,NONE,NORMAL,0,0,,,none,Normal ambient weather telemetry with diurnal solar cycles
43150,Visakhapatnam (AWS008),2026-08-04T03:00:00Z,23.88,94.7,1013.98,SYNTHETIC_SIMULATION,SCN_CLEAN_BASELINE,CLEAN_NORMAL,NONE,NONE,NORMAL,0,0,,,none,Normal ambient weather telemetry with diurnal solar cycles
43150,Visakhapatnam (AWS008),2026-08-04T04:00:00Z,23.98,93.5,1012.93,SYNTHETIC_SIMULATION,SCN_CLEAN_BASELINE,CLEAN_NORMAL,NONE,NONE,NORMAL,0,0,,,none,Normal ambient weather telemetry with diurnal solar cycles
43150,Visakhapatnam (AWS008),2026-08-04T05:00:00Z,24.64,94.5,1013.03,SYNTHETIC_SIMULATION,SCN_CLEAN_BASELINE,CLEAN_NORMAL,NONE,NONE,NORMAL,0,0,,,none,Normal ambient weather telemetry with diurnal solar cycles
43150,Visakhapatnam (AWS008),2026-08-04T06:00:00Z,25.2,91.6,1012.86,SYNTHETIC_SIMULATION,SCN_CLEAN_BASELINE,CLEAN_NORMAL,NONE,NONE,NORMAL,0,0,,,none,Normal ambient weather telemetry with diurnal solar cycles
43150,Visakhapatnam (AWS008),2026-08-04T07:00:00Z,27.01,86.8,1013.24,SYNTHETIC_SIMULATION,SCN_CLEAN_BASELINE,CLEAN_NORMAL,NONE,NONE,NORMAL,0,0,,,none,Normal ambient weather telemetry with diurnal solar cycles
43150,Visakhapatnam (AWS008),2026-08-04T08:00:00Z,27.4,82.7,1013.96,SYNTHETIC_SIMULATION,SCN_CLEAN_BASELINE,CLEAN_NORMAL,NONE,NONE,NORMAL,0,0,,,none,Normal ambient weather telemetry with diurnal solar cycles
43150,Visakhapatnam (AWS008),2026-08-04T09:00:00Z,28.3,77.1,1014.99,SYNTHETIC_SIMULATION,SCN_CLEAN_BASELINE,CLEAN_NORMAL,NONE,NONE,NORMAL,0,0,,,none,Normal ambient weather telemetry with diurnal solar cycles
43150,Visakhapatnam (AWS008),2026-08-04T10:00:00Z,30.24,75.8,1015.45,SYNTHETIC_SIMULATION,SCN_CLEAN_BASELINE,CLEAN_NORMAL,NONE,NONE,NORMAL,0,0,,,none,Normal ambient weather telemetry with diurnal solar cycles
43150,Visakhapatnam (AWS008),2026-08-04T11:00:00Z,31.61,74.8,1015.92,SYNTHETIC_SIMULATION,SCN_CLEAN_BASELINE,CLEAN_NORMAL,NONE,NONE,NORMAL,0,0,,,none,Normal ambient weather telemetry with diurnal solar cycles
43150,Visakhapatnam (AWS008),2026-08-04T12:00:00Z,32.33,72.3,1016.15,SYNTHETIC_SIMULATION,SCN_CLEAN_BASELINE,CLEAN_NORMAL,NONE,NONE,NORMAL,0,0,,,none,Normal ambient weather telemetry with diurnal solar cycles
43150,Visakhapatnam (AWS008),2026-08-04T13:00:00Z,32.33,71.3,1015.77,SYNTHETIC_SIMULATION,SCN_CLEAN_BASELINE,CLEAN_NORMAL,NONE,NONE,NORMAL,0,0,,,none,Normal ambient weather telemetry with diurnal solar cycles
43150,Visakhapatnam (AWS008),2026-08-04T14:00:00Z,33.38,69.6,1015.89,SYNTHETIC_SIMULATION,SCN_CLEAN_BASELINE,CLEAN_NORMAL,NONE,NONE,NORMAL,0,0,,,none,Normal ambient weather telemetry with diurnal solar cycles
43150,Visakhapatnam (AWS008),2026-08-04T15:00:00Z,33.74,70.9,1015.51,SYNTHETIC_SIMULATION,SCN_CLEAN_BASELINE,CLEAN_NORMAL,NONE,NONE,NORMAL,0,0,,,none,Normal ambient weather telemetry with diurnal solar cycles
43150,Visakhapatnam (AWS008),2026-08-04T16:00:00Z,32.83,69.6,1014.4,SYNTHETIC_SIMULATION,SCN_CLEAN_BASELINE,CLEAN_NORMAL,NONE,NONE,NORMAL,0,0,,,none,Normal ambient weather telemetry with diurnal solar cycles
43150,Visakhapatnam (AWS008),2026-08-04T17:00:00Z,32.23,73.3,1014.69,SYNTHETIC_SIMULATION,SCN_CLEAN_BASELINE,CLEAN_NORMAL,NONE,NONE,NORMAL,0,0,,,none,Normal ambient weather telemetry with diurnal solar cycles
43150,Visakhapatnam (AWS008),2026-08-04T18:00:00Z,30.51,74.4,1014.47,SYNTHETIC_SIMULATION,SCN_CLEAN_BASELINE,CLEAN_NORMAL,NONE,NONE,NORMAL,0,0,,,none,Normal ambient weather telemetry with diurnal solar cycles
43150,Visakhapatnam (AWS008),2026-08-04T19:00:00Z,29.67,79.0,1015.04,SYNTHETIC_SIMULATION,SCN_CLEAN_BASELINE,CLEAN_NORMAL,NONE,NONE,NORMAL,0,0,,,none,Normal ambient weather telemetry with diurnal solar cycles
43150,Visakhapatnam (AWS008),2026-08-04T20:00:00Z,28.53,80.7,1014.73,SYNTHETIC_SIMULATION,SCN_CLEAN_BASELINE,CLEAN_NORMAL,NONE,NONE,NORMAL,0,0,,,none,Normal ambient weather telemetry with diurnal solar cycles
43150,Visakhapatnam (AWS008),2026-08-04T21:00:00Z,27.59,86.2,1016.13,SYNTHETIC_SIMULATION,SCN_CLEAN_BASELINE,CLEAN_NORMAL,NONE,NONE,NORMAL,0,0,,,none,Normal ambient weather telemetry with diurnal solar cycles
43150,Visakhapatnam (AWS008),2026-08-04T22:00:00Z,25.92,86.4,1016.72,SYNTHETIC_SIMULATION,SCN_CLEAN_BASELINE,CLEAN_NORMAL,NONE,NONE,NORMAL,0,0,,,none,Normal ambient weather telemetry with diurnal solar cycles
43150,Visakhapatnam (AWS008),2026-08-04T23:00:00Z,24.2,90.2,1016.49,SYNTHETIC_SIMULATION,SCN_CLEAN_BASELINE,CLEAN_NORMAL,NONE,NONE,NORMAL,0,0,,,none,Normal ambient weather telemetry with diurnal solar cycles
43150,Visakhapatnam (AWS008),2026-08-05T00:00:00Z,23.58,94.7,1017.41,SYNTHETIC_SIMULATION,SCN_CLEAN_BASELINE,CLEAN_NORMAL,NONE,NONE,NORMAL,0,0,,,none,Normal ambient weather telemetry with diurnal solar cycles
43150,Visakhapatnam (AWS008),2026-08-05T01:00:00Z,22.69,97.4,1016.95,SYNTHETIC_SIMULATION,SCN_CLEAN_BASELINE,CLEAN_NORMAL,NONE,NONE,NORMAL,0,0,,,none,Normal ambient weather telemetry with diurnal solar cycles
43150,Visakhapatnam (AWS008),2026-08-05T02:00:00Z,22.62,97.0,1016.5,SYNTHETIC_SIMULATION,SCN_CLEAN_BASELINE,CLEAN_NORMAL,NONE,NONE,NORMAL,0,0,,,none,Normal ambient weather telemetry with diurnal solar cycles
43150,Visakhapatnam (AWS008),2026-08-05T03:00:00Z,22.41,98.0,1015.64,SYNTHETIC_SIMULATION,SCN_CLEAN_BASELINE,CLEAN_NORMAL,NONE,NONE,NORMAL,0,0,,,none,Normal ambient weather telemetry with diurnal solar cycles
43150,Visakhapatnam (AWS008),2026-08-05T04:00:00Z,22.91,97.2,1015.53,SYNTHETIC_SIMULATION,SCN_CLEAN_BASELINE,CLEAN_NORMAL,NONE,NONE,NORMAL,0,0,,,none,Normal ambient weather telemetry with diurnal solar cycles
43150,Visakhapatnam (AWS008),2026-08-05T05:00:00Z,23.3,94.4,1014.47,SYNTHETIC_SIMULATION,SCN_CLEAN_BASELINE,CLEAN_NORMAL,NONE,NONE,NORMAL,0,0,,,none,Normal ambient weather telemetry with diurnal solar cycles
43150,Visakhapatnam (AWS008),2026-08-05T06:00:00Z,24.23,92.8,1014.69,SYNTHETIC_SIMULATION,SCN_CLEAN_BASELINE,CLEAN_NORMAL,NONE,NONE,NORMAL,0,0,,,none,Normal ambient weather telemetry with diurnal solar cycles
43150,Visakhapatnam (AWS008),2026-08-05T07:00:00Z,25.61,87.7,1014.96,SYNTHETIC_SIMULATION,SCN_CLEAN_BASELINE,CLEAN_NORMAL,NONE,NONE,NORMAL,0,0,,,none,Normal ambient weather telemetry with diurnal solar cycles
43150,Visakhapatnam (AWS008),2026-08-05T08:00:00Z,27.54,87.3,1014.88,SYNTHETIC_SIMULATION,SCN_CLEAN_BASELINE,CLEAN_NORMAL,NONE,NONE,NORMAL,0,0,,,none,Normal ambient weather telemetry with diurnal solar cycles
43150,Visakhapatnam (AWS008),2026-08-05T09:00:00Z,27.9,80.8,1015.87,SYNTHETIC_SIMULATION,SCN_CLEAN_BASELINE,CLEAN_NORMAL,NONE,NONE,NORMAL,0,0,,,none,Normal ambient weather telemetry with diurnal solar cycles
43150,Visakhapatnam (AWS008),2026-08-05T10:00:00Z,29.35,78.3,1016.57,SYNTHETIC_SIMULATION,SCN_CLEAN_BASELINE,CLEAN_NORMAL,NONE,NONE,NORMAL,0,0,,,none,Normal ambient weather telemetry with diurnal solar cycles
43150,Visakhapatnam (AWS008),2026-08-05T11:00:00Z,31.09,73.7,1016.39,SYNTHETIC_SIMULATION,SCN_CLEAN_BASELINE,CLEAN_NORMAL,NONE,NONE,NORMAL,0,0,,,none,Normal ambient weather telemetry with diurnal solar cycles
43150,Visakhapatnam (AWS008),2026-08-05T12:00:00Z,31.71,71.4,1016.81,SYNTHETIC_SIMULATION,SCN_CLEAN_BASELINE,CLEAN_NORMAL,NONE,NONE,NORMAL,0,0,,,none,Normal ambient weather telemetry with diurnal solar cycles
43150,Visakhapatnam (AWS008),2026-08-05T13:00:00Z,32.39,70.4,1016.28,SYNTHETIC_SIMULATION,SCN_CLEAN_BASELINE,CLEAN_NORMAL,NONE,NONE,NORMAL,0,0,,,none,Normal ambient weather telemetry with diurnal solar cycles
43150,Visakhapatnam (AWS008),2026-08-05T14:00:00Z,33.67,71.1,1016.47,SYNTHETIC_SIMULATION,SCN_CLEAN_BASELINE,CLEAN_NORMAL,NONE,NONE,NORMAL,0,0,,,none,Normal ambient weather telemetry with diurnal solar cycles
43150,Visakhapatnam (AWS008),2026-08-05T15:00:00Z,32.48,68.5,1015.47,SYNTHETIC_SIMULATION,SCN_CLEAN_BASELINE,CLEAN_NORMAL,NONE,NONE,NORMAL,0,0,,,none,Normal ambient weather telemetry with diurnal solar cycles
43150,Visakhapatnam (AWS008),2026-08-05T16:00:00Z,33.7,70.7,1014.1,SYNTHETIC_SIMULATION,SCN_CLEAN_BASELINE,CLEAN_NORMAL,NONE,NONE,NORMAL,0,0,,,none,Normal ambient weather telemetry with diurnal solar cycles
43150,Visakhapatnam (AWS008),2026-08-05T17:00:00Z,32.05,72.6,1014.39,SYNTHETIC_SIMULATION,SCN_CLEAN_BASELINE,CLEAN_NORMAL,NONE,NONE,NORMAL,0,0,,,none,Normal ambient weather telemetry with diurnal solar cycles
43150,Visakhapatnam (AWS008),2026-08-05T18:00:00Z,31.34,74.4,1013.68,SYNTHETIC_SIMULATION,SCN_CLEAN_BASELINE,CLEAN_NORMAL,NONE,NONE,NORMAL,0,0,,,none,Normal ambient weather telemetry with diurnal solar cycles
43150,Visakhapatnam (AWS008),2026-08-05T19:00:00Z,30.52,75.3,1013.74,SYNTHETIC_SIMULATION,SCN_CLEAN_BASELINE,CLEAN_NORMAL,NONE,NONE,NORMAL,0,0,,,none,Normal ambient weather telemetry with diurnal solar cycles
43150,Visakhapatnam (AWS008),2026-08-05T20:00:00Z,28.62,80.5,1013.92,SYNTHETIC_SIMULATION,SCN_CLEAN_BASELINE,CLEAN_NORMAL,NONE,NONE,NORMAL,0,0,,,none,Normal ambient weather telemetry with diurnal solar cycles
43150,Visakhapatnam (AWS008),2026-08-05T21:00:00Z,27.19,83.0,1014.73,SYNTHETIC_SIMULATION,SCN_CLEAN_BASELINE,CLEAN_NORMAL,NONE,NONE,NORMAL,0,0,,,none,Normal ambient weather telemetry with diurnal solar cycles
43150,Visakhapatnam (AWS008),2026-08-05T22:00:00Z,26.17,88.7,1015.04,SYNTHETIC_SIMULATION,SCN_CLEAN_BASELINE,CLEAN_NORMAL,NONE,NONE,NORMAL,0,0,,,none,Normal ambient weather telemetry with diurnal solar cycles
43150,Visakhapatnam (AWS008),2026-08-05T23:00:00Z,25.79,91.3,1015.58,SYNTHETIC_SIMULATION,SCN_CLEAN_BASELINE,CLEAN_NORMAL,NONE,NONE,NORMAL,0,0,,,none,Normal ambient weather telemetry with diurnal solar cycles
43150,Visakhapatnam (AWS008),2026-08-06T00:00:00Z,25.09,91.8,1015.65,SYNTHETIC_SIMULATION,SCN_CLEAN_BASELINE,CLEAN_NORMAL,NONE,NONE,NORMAL,0,0,,,none,Normal ambient weather telemetry with diurnal solar cycles
43150,Visakhapatnam (AWS008),2026-08-06T01:00:00Z,23.66,93.3,1015.43,SYNTHETIC_SIMULATION,SCN_CLEAN_BASELINE,CLEAN_NORMAL,NONE,NONE,NORMAL,0,0,,,none,Normal ambient weather telemetry with diurnal solar cycles
43150,Visakhapatnam (AWS008),2026-08-06T02:00:00Z,23.62,95.7,1014.75,SYNTHETIC_SIMULATION,SCN_CLEAN_BASELINE,CLEAN_NORMAL,NONE,NONE,NORMAL,0,0,,,none,Normal ambient weather telemetry with diurnal solar cycles
43150,Visakhapatnam (AWS008),2026-08-06T03:00:00Z,23.43,94.3,1014.02,SYNTHETIC_SIMULATION,SCN_CLEAN_BASELINE,CLEAN_NORMAL,NONE,NONE,NORMAL,0,0,,,none,Normal ambient weather telemetry with diurnal solar cycles
43150,Visakhapatnam (AWS008),2026-08-06T04:00:00Z,24.25,94.7,1012.81,SYNTHETIC_SIMULATION,SCN_CLEAN_BASELINE,CLEAN_NORMAL,NONE,NONE,NORMAL,0,0,,,none,Normal ambient weather telemetry with diurnal solar cycles
43150,Visakhapatnam (AWS008),2026-08-06T05:00:00Z,25.19,90.1,1012.37,SYNTHETIC_SIMULATION,SCN_CLEAN_BASELINE,CLEAN_NORMAL,NONE,NONE,NORMAL,0,0,,,none,Normal ambient weather telemetry with diurnal solar cycles
43150,Visakhapatnam (AWS008),2026-08-06T06:00:00Z,26.46,89.5,1012.22,SYNTHETIC_SIMULATION,SCN_CLEAN_BASELINE,CLEAN_NORMAL,NONE,NONE,NORMAL,0,0,,,none,Normal ambient weather telemetry with diurnal solar cycles
43150,Visakhapatnam (AWS008),2026-08-06T07:00:00Z,27.56,84.3,1011.9,SYNTHETIC_SIMULATION,SCN_CLEAN_BASELINE,CLEAN_NORMAL,NONE,NONE,NORMAL,0,0,,,none,Normal ambient weather telemetry with diurnal solar cycles
43150,Visakhapatnam (AWS008),2026-08-06T08:00:00Z,28.94,81.0,1011.88,SYNTHETIC_SIMULATION,SCN_CLEAN_BASELINE,CLEAN_NORMAL,NONE,NONE,NORMAL,0,0,,,none,Normal ambient weather telemetry with diurnal solar cycles
43150,Visakhapatnam (AWS008),2026-08-06T09:00:00Z,30.28,76.5,1012.9,SYNTHETIC_SIMULATION,SCN_CLEAN_BASELINE,CLEAN_NORMAL,NONE,NONE,NORMAL,0,0,,,none,Normal ambient weather telemetry with diurnal solar cycles
43150,Visakhapatnam (AWS008),2026-08-06T10:00:00Z,31.33,71.3,1013.12,SYNTHETIC_SIMULATION,SCN_CLEAN_BASELINE,CLEAN_NORMAL,NONE,NONE,NORMAL,0,0,,,none,Normal ambient weather telemetry with diurnal solar cycles
43150,Visakhapatnam (AWS008),2026-08-06T11:00:00Z,32.43,71.0,1013.93,SYNTHETIC_SIMULATION,SCN_CLEAN_BASELINE,CLEAN_NORMAL,NONE,NONE,NORMAL,0,0,,,none,Normal ambient weather telemetry with diurnal solar cycles
43150,Visakhapatnam (AWS008),2026-08-06T12:00:00Z,33.9,65.0,1013.88,SYNTHETIC_SIMULATION,SCN_CLEAN_BASELINE,CLEAN_NORMAL,NONE,NONE,NORMAL,0,0,,,none,Normal ambient weather telemetry with diurnal solar cycles
43150,Visakhapatnam (AWS008),2026-08-06T13:00:00Z,34.6,65.5,1013.42,SYNTHETIC_SIMULATION,SCN_CLEAN_BASELINE,CLEAN_NORMAL,NONE,NONE,NORMAL,0,0,,,none,Normal ambient weather telemetry with diurnal solar cycles
43150,Visakhapatnam (AWS008),2026-08-06T14:00:00Z,34.7,63.2,1012.84,SYNTHETIC_SIMULATION,SCN_CLEAN_BASELINE,CLEAN_NORMAL,NONE,NONE,NORMAL,0,0,,,none,Normal ambient weather telemetry with diurnal solar cycles
43150,Visakhapatnam (AWS008),2026-08-06T15:00:00Z,35.54,62.3,1012.1,SYNTHETIC_SIMULATION,SCN_CLEAN_BASELINE,CLEAN_NORMAL,NONE,NONE,NORMAL,0,0,,,none,Normal ambient weather telemetry with diurnal solar cycles
43150,Visakhapatnam (AWS008),2026-08-06T16:00:00Z,35.09,64.4,1011.06,SYNTHETIC_SIMULATION,SCN_CLEAN_BASELINE,CLEAN_NORMAL,NONE,NONE,NORMAL,0,0,,,none,Normal ambient weather telemetry with diurnal solar cycles
43150,Visakhapatnam (AWS008),2026-08-06T17:00:00Z,33.97,66.5,1010.64,SYNTHETIC_SIMULATION,SCN_CLEAN_BASELINE,CLEAN_NORMAL,NONE,NONE,NORMAL,0,0,,,none,Normal ambient weather telemetry with diurnal solar cycles
43150,Visakhapatnam (AWS008),2026-08-06T18:00:00Z,33.06,68.7,1010.37,SYNTHETIC_SIMULATION,SCN_CLEAN_BASELINE,CLEAN_NORMAL,NONE,NONE,NORMAL,0,0,,,none,Normal ambient weather telemetry with diurnal solar cycles
43150,Visakhapatnam (AWS008),2026-08-06T19:00:00Z,32.35,70.0,1009.91,SYNTHETIC_SIMULATION,SCN_CLEAN_BASELINE,CLEAN_NORMAL,NONE,NONE,NORMAL,0,0,,,none,Normal ambient weather telemetry with diurnal solar cycles
43150,Visakhapatnam (AWS008),2026-08-06T20:00:00Z,31.65,73.6,1010.82,SYNTHETIC_SIMULATION,SCN_CLEAN_BASELINE,CLEAN_NORMAL,NONE,NONE,NORMAL,0,0,,,none,Normal ambient weather telemetry with diurnal solar cycles
43150,Visakhapatnam (AWS008),2026-08-06T21:00:00Z,29.93,77.7,1011.13,SYNTHETIC_SIMULATION,SCN_CLEAN_BASELINE,CLEAN_NORMAL,NONE,NONE,NORMAL,0,0,,,none,Normal ambient weather telemetry with diurnal solar cycles
43150,Visakhapatnam (AWS008),2026-08-06T22:00:00Z,29.17,82.2,1011.45,SYNTHETIC_SIMULATION,SCN_CLEAN_BASELINE,CLEAN_NORMAL,NONE,NONE,NORMAL,0,0,,,none,Normal ambient weather telemetry with diurnal solar cycles
43150,Visakhapatnam (AWS008),2026-08-06T23:00:00Z,28.05,83.8,1012.08,SYNTHETIC_SIMULATION,SCN_CLEAN_BASELINE,CLEAN_NORMAL,NONE,NONE,NORMAL,0,0,,,none,Normal ambient weather telemetry with diurnal solar cycles
43150,Visakhapatnam (AWS008),2026-08-07T00:00:00Z,27.42,87.5,1011.49,SYNTHETIC_SIMULATION,SCN_CLEAN_BASELINE,CLEAN_NORMAL,NONE,NONE,NORMAL,0,0,,,none,Normal ambient weather telemetry with diurnal solar cycles
43150,Visakhapatnam (AWS008),2026-08-07T01:00:00Z,26.85,86.9,1011.42,SYNTHETIC_SIMULATION,SCN_CLEAN_BASELINE,CLEAN_NORMAL,NONE,NONE,NORMAL,0,0,,,none,Normal ambient weather telemetry with diurnal solar cycles
43150,Visakhapatnam (AWS008),2026-08-07T02:00:00Z,25.64,90.5,1010.97,SYNTHETIC_SIMULATION,SCN_CLEAN_BASELINE,CLEAN_NORMAL,NONE,NONE,NORMAL,0,0,,,none,Normal ambient weather telemetry with diurnal solar cycles
43150,Visakhapatnam (AWS008),2026-08-07T03:00:00Z,25.93,88.6,1010.3,SYNTHETIC_SIMULATION,SCN_CLEAN_BASELINE,CLEAN_NORMAL,NONE,NONE,NORMAL,0,0,,,none,Normal ambient weather telemetry with diurnal solar cycles
43150,Visakhapatnam (AWS008),2026-08-07T04:00:00Z,26.63,87.6,1009.29,SYNTHETIC_SIMULATION,SCN_CLEAN_BASELINE,CLEAN_NORMAL,NONE,NONE,NORMAL,0,0,,,none,Normal ambient weather telemetry with diurnal solar cycles
43150,Visakhapatnam (AWS008),2026-08-07T05:00:00Z,27.27,85.8,1008.89,SYNTHETIC_SIMULATION,SCN_CLEAN_BASELINE,CLEAN_NORMAL,NONE,NONE,NORMAL,0,0,,,none,Normal ambient weather telemetry with diurnal solar cycles
43150,Visakhapatnam (AWS008),2026-08-07T06:00:00Z,28.04,82.8,1008.49,SYNTHETIC_SIMULATION,SCN_CLEAN_BASELINE,CLEAN_NORMAL,NONE,NONE,NORMAL,0,0,,,none,Normal ambient weather telemetry with diurnal solar cycles
43150,Visakhapatnam (AWS008),2026-08-07T07:00:00Z,29.44,79.1,1008.42,SYNTHETIC_SIMULATION,SCN_CLEAN_BASELINE,CLEAN_NORMAL,NONE,NONE,NORMAL,0,0,,,none,Normal ambient weather telemetry with diurnal solar cycles
43150,Visakhapatnam (AWS008),2026-08-07T08:00:00Z,31.09,74.4,1008.96,SYNTHETIC_SIMULATION,SCN_CLEAN_BASELINE,CLEAN_NORMAL,NONE,NONE,NORMAL,0,0,,,none,Normal ambient weather telemetry with diurnal solar cycles
43150,Visakhapatnam (AWS008),2026-08-07T09:00:00Z,32.91,70.1,1009.54,SYNTHETIC_SIMULATION,SCN_CLEAN_BASELINE,CLEAN_NORMAL,NONE,NONE,NORMAL,0,0,,,none,Normal ambient weather telemetry with diurnal solar cycles
43150,Visakhapatnam (AWS008),2026-08-07T10:00:00Z,33.72,68.8,1010.1,SYNTHETIC_SIMULATION,SCN_CLEAN_BASELINE,CLEAN_NORMAL,NONE,NONE,NORMAL,0,0,,,none,Normal ambient weather telemetry with diurnal solar cycles
43150,Visakhapatnam (AWS008),2026-08-07T11:00:00Z,36.01,63.7,1010.51,SYNTHETIC_SIMULATION,SCN_CLEAN_BASELINE,CLEAN_NORMAL,NONE,NONE,NORMAL,0,0,,,none,Normal ambient weather telemetry with diurnal solar cycles
43150,Visakhapatnam (AWS008),2026-08-07T12:00:00Z,35.99,62.2,1010.65,SYNTHETIC_SIMULATION,SCN_CLEAN_BASELINE,CLEAN_NORMAL,NONE,NONE,NORMAL,0,0,,,none,Normal ambient weather telemetry with diurnal solar cycles
43150,Visakhapatnam (AWS008),2026-08-07T13:00:00Z,37.29,60.4,1010.52,SYNTHETIC_SIMULATION,SCN_CLEAN_BASELINE,CLEAN_NORMAL,NONE,NONE,NORMAL,0,0,,,none,Normal ambient weather telemetry with diurnal solar cycles
43150,Visakhapatnam (AWS008),2026-08-07T14:00:00Z,37.01,59.7,1009.54,SYNTHETIC_SIMULATION,SCN_CLEAN_BASELINE,CLEAN_NORMAL,NONE,NONE,NORMAL,0,0,,,none,Normal ambient weather telemetry with diurnal solar cycles
43150,Visakhapatnam (AWS008),2026-08-07T15:00:00Z,37.32,59.0,1009.41,SYNTHETIC_SIMULATION,SCN_CLEAN_BASELINE,CLEAN_NORMAL,NONE,NONE,NORMAL,0,0,,,none,Normal ambient weather telemetry with diurnal solar cycles
43150,Visakhapatnam (AWS008),2026-08-07T16:00:00Z,36.32,58.9,1008.38,SYNTHETIC_SIMULATION,SCN_CLEAN_BASELINE,CLEAN_NORMAL,NONE,NONE,NORMAL,0,0,,,none,Normal ambient weather telemetry with diurnal solar cycles
43150,Visakhapatnam (AWS008),2026-08-07T17:00:00Z,36.46,62.4,1007.86,SYNTHETIC_SIMULATION,SCN_CLEAN_BASELINE,CLEAN_NORMAL,NONE,NONE,NORMAL,0,0,,,none,Normal ambient weather telemetry with diurnal solar cycles
43150,Visakhapatnam (AWS008),2026-08-07T18:00:00Z,35.23,63.5,1007.33,SYNTHETIC_SIMULATION,SCN_CLEAN_BASELINE,CLEAN_NORMAL,NONE,NONE,NORMAL,0,0,,,none,Normal ambient weather telemetry with diurnal solar cycles
43150,Visakhapatnam (AWS008),2026-08-07T19:00:00Z,33.64,65.1,1007.48,SYNTHETIC_SIMULATION,SCN_CLEAN_BASELINE,CLEAN_NORMAL,NONE,NONE,NORMAL,0,0,,,none,Normal ambient weather telemetry with diurnal solar cycles
43150,Visakhapatnam (AWS008),2026-08-07T20:00:00Z,31.97,71.8,1008.13,SYNTHETIC_SIMULATION,SCN_CLEAN_BASELINE,CLEAN_NORMAL,NONE,NONE,NORMAL,0,0,,,none,Normal ambient weather telemetry with diurnal solar cycles
43150,Visakhapatnam (AWS008),2026-08-07T21:00:00Z,31.08,76.3,1008.69,SYNTHETIC_SIMULATION,SCN_CLEAN_BASELINE,CLEAN_NORMAL,NONE,NONE,NORMAL,0,0,,,none,Normal ambient weather telemetry with diurnal solar cycles
43150,Visakhapatnam (AWS008),2026-08-07T22:00:00Z,30.22,77.2,1009.63,SYNTHETIC_SIMULATION,SCN_CLEAN_BASELINE,CLEAN_NORMAL,NONE,NONE,NORMAL,0,0,,,none,Normal ambient weather telemetry with diurnal solar cycles
43150,Visakhapatnam (AWS008),2026-08-07T23:00:00Z,28.75,81.6,1009.95,SYNTHETIC_SIMULATION,SCN_CLEAN_BASELINE,CLEAN_NORMAL,NONE,NONE,NORMAL,0,0,,,none,Normal ambient weather telemetry with diurnal solar cycles
43150,Visakhapatnam (AWS008),2026-08-08T00:00:00Z,28.08,85.0,1010.35,SYNTHETIC_SIMULATION,SCN_CLEAN_BASELINE,CLEAN_NORMAL,NONE,NONE,NORMAL,0,0,,,none,Normal ambient weather telemetry with diurnal solar cycles
43150,Visakhapatnam (AWS008),2026-08-08T01:00:00Z,26.24,84.7,1009.9,SYNTHETIC_SIMULATION,SCN_CLEAN_BASELINE,CLEAN_NORMAL,NONE,NONE,NORMAL,0,0,,,none,Normal ambient weather telemetry with diurnal solar cycles
43150,Visakhapatnam (AWS008),2026-08-08T02:00:00Z,26.65,87.6,1009.54,SYNTHETIC_SIMULATION,SCN_CLEAN_BASELINE,CLEAN_NORMAL,NONE,NONE,NORMAL,0,0,,,none,Normal ambient weather telemetry with diurnal solar cycles
43150,Visakhapatnam (AWS008),2026-08-08T03:00:00Z,26.89,87.4,1009.36,SYNTHETIC_SIMULATION,SCN_CLEAN_BASELINE,CLEAN_NORMAL,NONE,NONE,NORMAL,0,0,,,none,Normal ambient weather telemetry with diurnal solar cycles
43150,Visakhapatnam (AWS008),2026-08-08T04:00:00Z,27.48,86.5,1008.67,SYNTHETIC_SIMULATION,SCN_CLEAN_BASELINE,CLEAN_NORMAL,NONE,NONE,NORMAL,0,0,,,none,Normal ambient weather telemetry with diurnal solar cycles
43150,Visakhapatnam (AWS008),2026-08-08T05:00:00Z,28.21,84.0,1008.26,SYNTHETIC_SIMULATION,SCN_CLEAN_BASELINE,CLEAN_NORMAL,NONE,NONE,NORMAL,0,0,,,none,Normal ambient weather telemetry with diurnal solar cycles
43150,Visakhapatnam (AWS008),2026-08-08T06:00:00Z,28.53,80.4,1007.77,SYNTHETIC_SIMULATION,SCN_CLEAN_BASELINE,CLEAN_NORMAL,NONE,NONE,NORMAL,0,0,,,none,Normal ambient weather telemetry with diurnal solar cycles
43150,Visakhapatnam (AWS008),2026-08-08T07:00:00Z,30.07,78.4,1008.03,SYNTHETIC_SIMULATION,SCN_CLEAN_BASELINE,CLEAN_NORMAL,NONE,NONE,NORMAL,0,0,,,none,Normal ambient weather telemetry with diurnal solar cycles
43150,Visakhapatnam (AWS008),2026-08-08T08:00:00Z,31.36,75.4,1008.67,SYNTHETIC_SIMULATION,SCN_CLEAN_BASELINE,CLEAN_NORMAL,NONE,NONE,NORMAL,0,0,,,none,Normal ambient weather telemetry with diurnal solar cycles
43150,Visakhapatnam (AWS008),2026-08-08T09:00:00Z,32.44,71.1,1009.48,SYNTHETIC_SIMULATION,SCN_CLEAN_BASELINE,CLEAN_NORMAL,NONE,NONE,NORMAL,0,0,,,none,Normal ambient weather telemetry with diurnal solar cycles
43150,Visakhapatnam (AWS008),2026-08-08T10:00:00Z,33.57,67.7,1010.15,SYNTHETIC_SIMULATION,SCN_CLEAN_BASELINE,CLEAN_NORMAL,NONE,NONE,NORMAL,0,0,,,none,Normal ambient weather telemetry with diurnal solar cycles
43150,Visakhapatnam (AWS008),2026-08-08T11:00:00Z,34.84,64.2,1010.84,SYNTHETIC_SIMULATION,SCN_CLEAN_BASELINE,CLEAN_NORMAL,NONE,NONE,NORMAL,0,0,,,none,Normal ambient weather telemetry with diurnal solar cycles
43150,Visakhapatnam (AWS008),2026-08-08T12:00:00Z,35.34,62.6,1010.97,SYNTHETIC_SIMULATION,SCN_CLEAN_BASELINE,CLEAN_NORMAL,NONE,NONE,NORMAL,0,0,,,none,Normal ambient weather telemetry with diurnal solar cycles
43150,Visakhapatnam (AWS008),2026-08-08T13:00:00Z,,61.4,1010.85,SYNTHETIC_SIMULATION,SCN_CLEAN_BASELINE,CLEAN_NORMAL,NONE,NONE,NORMAL,0,0,,,none,Normal ambient weather telemetry with diurnal solar cycles
43150,Visakhapatnam (AWS008),2026-08-08T14:00:00Z,37.0,60.9,1010.81,SYNTHETIC_SIMULATION,SCN_CLEAN_BASELINE,CLEAN_NORMAL,NONE,NONE,NORMAL,0,0,,,none,Normal ambient weather telemetry with diurnal solar cycles
43150,Visakhapatnam (AWS008),2026-08-08T15:00:00Z,35.93,61.9,1010.12,SYNTHETIC_SIMULATION,SCN_CLEAN_BASELINE,CLEAN_NORMAL,NONE,NONE,NORMAL,0,0,,,none,Normal ambient weather telemetry with diurnal solar cycles
43150,Visakhapatnam (AWS008),2026-08-08T16:00:00Z,36.3,61.5,1009.23,SYNTHETIC_SIMULATION,SCN_CLEAN_BASELINE,CLEAN_NORMAL,NONE,NONE,NORMAL,0,0,,,none,Normal ambient weather telemetry with diurnal solar cycles
43150,Visakhapatnam (AWS008),2026-08-08T17:00:00Z,35.27,63.0,1008.9,SYNTHETIC_SIMULATION,SCN_CLEAN_BASELINE,CLEAN_NORMAL,NONE,NONE,NORMAL,0,0,,,none,Normal ambient weather telemetry with diurnal solar cycles
43150,Visakhapatnam (AWS008),2026-08-08T18:00:00Z,33.94,67.1,1009.23,SYNTHETIC_SIMULATION,SCN_CLEAN_BASELINE,CLEAN_NORMAL,NONE,NONE,NORMAL,0,0,,,none,Normal ambient weather telemetry with diurnal solar cycles
43150,Visakhapatnam (AWS008),2026-08-08T19:00:00Z,32.89,68.4,1009.12,SYNTHETIC_SIMULATION,SCN_CLEAN_BASELINE,CLEAN_NORMAL,NONE,NONE,NORMAL,0,0,,,none,Normal ambient weather telemetry with diurnal solar cycles
43150,Visakhapatnam (AWS008),2026-08-08T20:00:00Z,31.46,73.3,1010.11,SYNTHETIC_SIMULATION,SCN_CLEAN_BASELINE,CLEAN_NORMAL,NONE,NONE,NORMAL,0,0,,,none,Normal ambient weather telemetry with diurnal solar cycles
43150,Visakhapatnam (AWS008),2026-08-08T21:00:00Z,29.99,78.5,1010.99,SYNTHETIC_SIMULATION,SCN_CLEAN_BASELINE,CLEAN_NORMAL,NONE,NONE,NORMAL,0,0,,,none,Normal ambient weather telemetry with diurnal solar cycles
43150,Visakhapatnam (AWS008),2026-08-08T22:00:00Z,28.51,83.1,1011.65,SYNTHETIC_SIMULATION,SCN_CLEAN_BASELINE,CLEAN_NORMAL,NONE,NONE,NORMAL,0,0,,,none,Normal ambient weather telemetry with diurnal solar cycles
43150,Visakhapatnam (AWS008),2026-08-08T23:00:00Z,27.29,87.1,1012.51,SYNTHETIC_SIMULATION,SCN_CLEAN_BASELINE,CLEAN_NORMAL,NONE,NONE,NORMAL,0,0,,,none,Normal ambient weather telemetry with diurnal solar cycles
43150,Visakhapatnam (AWS008),2026-08-09T00:00:00Z,26.86,87.0,1013.04,SYNTHETIC_SIMULATION,SCN_CLEAN_BASELINE,CLEAN_NORMAL,NONE,NONE,NORMAL,0,0,,,none,Normal ambient weather telemetry with diurnal solar cycles
43150,Visakhapatnam (AWS008),2026-08-09T01:00:00Z,25.94,89.4,1012.88,SYNTHETIC_SIMULATION,SCN_CLEAN_BASELINE,CLEAN_NORMAL,NONE,NONE,NORMAL,0,0,,,none,Normal ambient weather telemetry with diurnal solar cycles
43150,Visakhapatnam (AWS008),2026-08-09T02:00:00Z,24.51,92.7,1012.12,SYNTHETIC_SIMULATION,SCN_CLEAN_BASELINE,CLEAN_NORMAL,NONE,NONE,NORMAL,0,0,,,none,Normal ambient weather telemetry with diurnal solar cycles
43150,Visakhapatnam (AWS008),2026-08-09T03:00:00Z,24.87,90.7,1012.09,SYNTHETIC_SIMULATION,SCN_CLEAN_BASELINE,CLEAN_NORMAL,NONE,NONE,NORMAL,0,0,,,none,Normal ambient weather telemetry with diurnal solar cycles
43150,Visakhapatnam (AWS008),2026-08-09T04:00:00Z,24.63,90.7,1011.46,SYNTHETIC_SIMULATION,SCN_CLEAN_BASELINE,CLEAN_NORMAL,NONE,NONE,NORMAL,0,0,,,none,Normal ambient weather telemetry with diurnal solar cycles
43150,Visakhapatnam (AWS008),2026-08-09T05:00:00Z,25.97,89.7,1011.42,SYNTHETIC_SIMULATION,SCN_CLEAN_BASELINE,CLEAN_NORMAL,NONE,NONE,NORMAL,0,0,,,none,Normal ambient weather telemetry with diurnal solar cycles
43150,Visakhapatnam (AWS008),2026-08-09T06:00:00Z,26.7,86.2,1011.51,SYNTHETIC_SIMULATION,SCN_CLEAN_BASELINE,CLEAN_NORMAL,NONE,NONE,NORMAL,0,0,,,none,Normal ambient weather telemetry with diurnal solar cycles
43150,Visakhapatnam (AWS008),2026-08-09T07:00:00Z,27.61,84.4,1011.5,SYNTHETIC_SIMULATION,SCN_CLEAN_BASELINE,CLEAN_NORMAL,NONE,NONE,NORMAL,0,0,,,none,Normal ambient weather telemetry with diurnal solar cycles
43150,Visakhapatnam (AWS008),2026-08-09T08:00:00Z,28.3,80.3,1011.9,SYNTHETIC_SIMULATION,SCN_CLEAN_BASELINE,CLEAN_NORMAL,NONE,NONE,NORMAL,0,0,,,none,Normal ambient weather telemetry with diurnal solar cycles
43150,Visakhapatnam (AWS008),2026-08-09T09:00:00Z,30.48,75.9,1013.01,SYNTHETIC_SIMULATION,SCN_CLEAN_BASELINE,CLEAN_NORMAL,NONE,NONE,NORMAL,0,0,,,none,Normal ambient weather telemetry with diurnal solar cycles
43150,Visakhapatnam (AWS008),2026-08-09T10:00:00Z,31.88,71.6,1013.51,SYNTHETIC_SIMULATION,SCN_CLEAN_BASELINE,CLEAN_NORMAL,NONE,NONE,NORMAL,0,0,,,none,Normal ambient weather telemetry with diurnal solar cycles
43150,Visakhapatnam (AWS008),2026-08-09T11:00:00Z,32.45,71.8,1014.37,SYNTHETIC_SIMULATION,SCN_CLEAN_BASELINE,CLEAN_NORMAL,NONE,NONE,NORMAL,0,0,,,none,Normal ambient weather telemetry with diurnal solar cycles
43150,Visakhapatnam (AWS008),2026-08-09T12:00:00Z,33.33,68.7,1014.36,SYNTHETIC_SIMULATION,SCN_CLEAN_BASELINE,CLEAN_NORMAL,NONE,NONE,NORMAL,0,0,,,none,Normal ambient weather telemetry with diurnal solar cycles
43150,Visakhapatnam (AWS008),2026-08-09T13:00:00Z,33.77,67.3,1014.45,SYNTHETIC_SIMULATION,SCN_CLEAN_BASELINE,CLEAN_NORMAL,NONE,NONE,NORMAL,0,0,,,none,Normal ambient weather telemetry with diurnal solar cycles
43150,Visakhapatnam (AWS008),2026-08-09T14:00:00Z,34.02,64.9,1014.56,SYNTHETIC_SIMULATION,SCN_CLEAN_BASELINE,CLEAN_NORMAL,NONE,NONE,NORMAL,0,0,,,none,Normal ambient weather telemetry with diurnal solar cycles
43150,Visakhapatnam (AWS008),2026-08-09T15:00:00Z,33.61,67.4,1013.81,SYNTHETIC_SIMULATION,SCN_CLEAN_BASELINE,CLEAN_NORMAL,NONE,NONE,NORMAL,0,0,,,none,Normal ambient weather telemetry with diurnal solar cycles
43150,Visakhapatnam (AWS008),2026-08-09T16:00:00Z,33.65,68.0,1013.24,SYNTHETIC_SIMULATION,SCN_CLEAN_BASELINE,CLEAN_NORMAL,NONE,NONE,NORMAL,0,0,,,none,Normal ambient weather telemetry with diurnal solar cycles
43150,Visakhapatnam (AWS008),2026-08-09T17:00:00Z,32.86,68.2,1012.87,SYNTHETIC_SIMULATION,SCN_CLEAN_BASELINE,CLEAN_NORMAL,NONE,NONE,NORMAL,0,0,,,none,Normal ambient weather telemetry with diurnal solar cycles
43150,Visakhapatnam (AWS008),2026-08-09T18:00:00Z,32.04,72.9,1012.96,SYNTHETIC_SIMULATION,SCN_CLEAN_BASELINE,CLEAN_NORMAL,NONE,NONE,NORMAL,0,0,,,none,Normal ambient weather telemetry with diurnal solar cycles
43150,Visakhapatnam (AWS008),2026-08-09T19:00:00Z,30.45,76.0,1013.11,SYNTHETIC_SIMULATION,SCN_CLEAN_BASELINE,CLEAN_NORMAL,NONE,NONE,NORMAL,0,0,,,none,Normal ambient weather telemetry with diurnal solar cycles
43150,Visakhapatnam (AWS008),2026-08-09T20:00:00Z,29.28,79.6,1013.7,SYNTHETIC_SIMULATION,SCN_CLEAN_BASELINE,CLEAN_NORMAL,NONE,NONE,NORMAL,0,0,,,none,Normal ambient weather telemetry with diurnal solar cycles
43150,Visakhapatnam (AWS008),2026-08-09T21:00:00Z,27.61,83.0,1015.1,SYNTHETIC_SIMULATION,SCN_CLEAN_BASELINE,CLEAN_NORMAL,NONE,NONE,NORMAL,0,0,,,none,Normal ambient weather telemetry with diurnal solar cycles
43150,Visakhapatnam (AWS008),2026-08-09T22:00:00Z,26.55,88.6,1015.61,SYNTHETIC_SIMULATION,SCN_CLEAN_BASELINE,CLEAN_NORMAL,NONE,NONE,NORMAL,0,0,,,none,Normal ambient weather telemetry with diurnal solar cycles
43150,Visakhapatnam (AWS008),2026-08-09T23:00:00Z,24.31,88.7,1016.12,SYNTHETIC_SIMULATION,SCN_CLEAN_BASELINE,CLEAN_NORMAL,NONE,NONE,NORMAL,0,0,,,none,Normal ambient weather telemetry with diurnal solar cycles
43150,Visakhapatnam (AWS008),2026-08-10T00:00:00Z,24.17,96.1,1016.47,SYNTHETIC_SIMULATION,SCN_CLEAN_BASELINE,CLEAN_NORMAL,NONE,NONE,NORMAL,0,0,,,none,Normal ambient weather telemetry with diurnal solar cycles
43150,Visakhapatnam (AWS008),2026-08-10T01:00:00Z,23.03,96.8,1016.52,SYNTHETIC_SIMULATION,SCN_CLEAN_BASELINE,CLEAN_NORMAL,NONE,NONE,NORMAL,0,0,,,none,Normal ambient weather telemetry with diurnal solar cycles
43150,Visakhapatnam (AWS008),2026-08-10T02:00:00Z,23.02,96.8,1015.85,SYNTHETIC_SIMULATION,SCN_CLEAN_BASELINE,CLEAN_NORMAL,NONE,NONE,NORMAL,0,0,,,none,Normal ambient weather telemetry with diurnal solar cycles
43150,Visakhapatnam (AWS008),2026-08-10T03:00:00Z,22.8,96.5,1015.25,SYNTHETIC_SIMULATION,SCN_CLEAN_BASELINE,CLEAN_NORMAL,NONE,NONE,NORMAL,0,0,,,none,Normal ambient weather telemetry with diurnal solar cycles
43150,Visakhapatnam (AWS008),2026-08-10T04:00:00Z,23.33,95.7,1014.25,SYNTHETIC_SIMULATION,SCN_CLEAN_BASELINE,CLEAN_NORMAL,NONE,NONE,NORMAL,0,0,,,none,Normal ambient weather telemetry with diurnal solar cycles
43150,Visakhapatnam (AWS008),2026-08-10T05:00:00Z,23.19,92.8,1014.24,SYNTHETIC_SIMULATION,SCN_CLEAN_BASELINE,CLEAN_NORMAL,NONE,NONE,NORMAL,0,0,,,none,Normal ambient weather telemetry with diurnal solar cycles
43150,Visakhapatnam (AWS008),2026-08-10T06:00:00Z,24.25,93.1,1013.97,SYNTHETIC_SIMULATION,SCN_CLEAN_BASELINE,CLEAN_NORMAL,NONE,NONE,NORMAL,0,0,,,none,Normal ambient weather telemetry with diurnal solar cycles
43150,Visakhapatnam (AWS008),2026-08-10T07:00:00Z,24.96,88.0,1014.34,SYNTHETIC_SIMULATION,SCN_CLEAN_BASELINE,CLEAN_NORMAL,NONE,NONE,NORMAL,0,0,,,none,Normal ambient weather telemetry with diurnal solar cycles
43150,Visakhapatnam (AWS008),2026-08-10T08:00:00Z,27.07,84.8,1014.77,SYNTHETIC_SIMULATION,SCN_CLEAN_BASELINE,CLEAN_NORMAL,NONE,NONE,NORMAL,0,0,,,none,Normal ambient weather telemetry with diurnal solar cycles
43150,Visakhapatnam (AWS008),2026-08-10T09:00:00Z,28.13,81.6,1015.31,SYNTHETIC_SIMULATION,SCN_CLEAN_BASELINE,CLEAN_NORMAL,NONE,NONE,NORMAL,0,0,,,none,Normal ambient weather telemetry with diurnal solar cycles
43150,Visakhapatnam (AWS008),2026-08-10T10:00:00Z,29.91,78.8,1016.62,SYNTHETIC_SIMULATION,SCN_CLEAN_BASELINE,CLEAN_NORMAL,NONE,NONE,NORMAL,0,0,,,none,Normal ambient weather telemetry with diurnal solar cycles
43150,Visakhapatnam (AWS008),2026-08-10T11:00:00Z,30.76,73.2,1016.85,SYNTHETIC_SIMULATION,SCN_CLEAN_BASELINE,CLEAN_NORMAL,NONE,NONE,NORMAL,0,0,,,none,Normal ambient weather telemetry with diurnal solar cycles
43150,Visakhapatnam (AWS008),2026-08-10T12:00:00Z,31.39,72.1,1017.08,SYNTHETIC_SIMULATION,SCN_CLEAN_BASELINE,CLEAN_NORMAL,NONE,NONE,NORMAL,0,0,,,none,Normal ambient weather telemetry with diurnal solar cycles
43150,Visakhapatnam (AWS008),2026-08-10T13:00:00Z,32.62,71.1,1017.08,SYNTHETIC_SIMULATION,SCN_CLEAN_BASELINE,CLEAN_NORMAL,NONE,NONE,NORMAL,0,0,,,none,Normal ambient weather telemetry with diurnal solar cycles
43150,Visakhapatnam (AWS008),2026-08-10T14:00:00Z,33.19,70.0,1016.69,SYNTHETIC_SIMULATION,SCN_CLEAN_BASELINE,CLEAN_NORMAL,NONE,NONE,NORMAL,0,0,,,none,Normal ambient weather telemetry with diurnal solar cycles
43150,Visakhapatnam (AWS008),2026-08-10T15:00:00Z,32.08,70.6,1015.75,SYNTHETIC_SIMULATION,SCN_CLEAN_BASELINE,CLEAN_NORMAL,NONE,NONE,NORMAL,0,0,,,none,Normal ambient weather telemetry with diurnal solar cycles
43150,Visakhapatnam (AWS008),2026-08-10T16:00:00Z,32.09,69.2,1015.04,SYNTHETIC_SIMULATION,SCN_CLEAN_BASELINE,CLEAN_NORMAL,NONE,NONE,NORMAL,0,0,,,none,Normal ambient weather telemetry with diurnal solar cycles
43150,Visakhapatnam (AWS008),2026-08-10T17:00:00Z,31.55,71.0,1014.47,SYNTHETIC_SIMULATION,SCN_CLEAN_BASELINE,CLEAN_NORMAL,NONE,NONE,NORMAL,0,0,,,none,Normal ambient weather telemetry with diurnal solar cycles
43150,Visakhapatnam (AWS008),2026-08-10T18:00:00Z,30.53,74.9,,SYNTHETIC_SIMULATION,SCN_CLEAN_BASELINE,CLEAN_NORMAL,NONE,NONE,NORMAL,0,0,,,none,Normal ambient weather telemetry with diurnal solar cycles
43150,Visakhapatnam (AWS008),2026-08-10T19:00:00Z,30.15,78.2,1015.41,SYNTHETIC_SIMULATION,SCN_CLEAN_BASELINE,CLEAN_NORMAL,NONE,NONE,NORMAL,0,0,,,none,Normal ambient weather telemetry with diurnal solar cycles
43150,Visakhapatnam (AWS008),2026-08-10T20:00:00Z,28.52,82.8,1014.91,SYNTHETIC_SIMULATION,SCN_CLEAN_BASELINE,CLEAN_NORMAL,NONE,NONE,NORMAL,0,0,,,none,Normal ambient weather telemetry with diurnal solar cycles
43150,Visakhapatnam (AWS008),2026-08-10T21:00:00Z,27.14,84.0,1015.69,SYNTHETIC_SIMULATION,SCN_CLEAN_BASELINE,CLEAN_NORMAL,NONE,NONE,NORMAL,0,0,,,none,Normal ambient weather telemetry with diurnal solar cycles
43150,Visakhapatnam (AWS008),2026-08-10T22:00:00Z,25.62,89.7,1016.12,SYNTHETIC_SIMULATION,SCN_CLEAN_BASELINE,CLEAN_NORMAL,NONE,NONE,NORMAL,0,0,,,none,Normal ambient weather telemetry with diurnal solar cycles
43150,Visakhapatnam (AWS008),2026-08-10T23:00:00Z,24.82,89.0,1017.15,SYNTHETIC_SIMULATION,SCN_CLEAN_BASELINE,CLEAN_NORMAL,NONE,NONE,NORMAL,0,0,,,none,Normal ambient weather telemetry with diurnal solar cycles
43150,Visakhapatnam (AWS008),2026-08-11T00:00:00Z,23.58,94.9,1016.8,SYNTHETIC_SIMULATION,SCN_CLEAN_BASELINE,CLEAN_NORMAL,NONE,NONE,NORMAL,0,0,,,none,Normal ambient weather telemetry with diurnal solar cycles
43150,Visakhapatnam (AWS008),2026-08-11T01:00:00Z,23.36,97.2,1016.67,SYNTHETIC_SIMULATION,SCN_CLEAN_BASELINE,CLEAN_NORMAL,NONE,NONE,NORMAL,0,0,,,none,Normal ambient weather telemetry with diurnal solar cycles
43150,Visakhapatnam (AWS008),2026-08-11T02:00:00Z,22.62,95.7,1016.73,SYNTHETIC_SIMULATION,SCN_CLEAN_BASELINE,CLEAN_NORMAL,NONE,NONE,NORMAL,0,0,,,none,Normal ambient weather telemetry with diurnal solar cycles
43150,Visakhapatnam (AWS008),2026-08-11T03:00:00Z,22.99,96.2,1014.92,SYNTHETIC_SIMULATION,SCN_CLEAN_BASELINE,CLEAN_NORMAL,NONE,NONE,NORMAL,0,0,,,none,Normal ambient weather telemetry with diurnal solar cycles
43150,Visakhapatnam (AWS008),2026-08-11T04:00:00Z,22.73,95.4,1014.72,SYNTHETIC_SIMULATION,SCN_CLEAN_BASELINE,CLEAN_NORMAL,NONE,NONE,NORMAL,0,0,,,none,Normal ambient weather telemetry with diurnal solar cycles
43150,Visakhapatnam (AWS008),2026-08-11T05:00:00Z,23.89,93.4,1013.97,SYNTHETIC_SIMULATION,SCN_CLEAN_BASELINE,CLEAN_NORMAL,NONE,NONE,NORMAL,0,0,,,none,Normal ambient weather telemetry with diurnal solar cycles
43150,Visakhapatnam (AWS008),2026-08-11T06:00:00Z,25.07,90.1,1013.42,SYNTHETIC_SIMULATION,SCN_CLEAN_BASELINE,CLEAN_NORMAL,NONE,NONE,NORMAL,0,0,,,none,Normal ambient weather telemetry with diurnal solar cycles
43150,Visakhapatnam (AWS008),2026-08-11T07:00:00Z,25.8,89.0,1013.27,SYNTHETIC_SIMULATION,SCN_CLEAN_BASELINE,CLEAN_NORMAL,NONE,NONE,NORMAL,0,0,,,none,Normal ambient weather telemetry with diurnal solar cycles
43150,Visakhapatnam (AWS008),2026-08-11T08:00:00Z,27.57,82.3,1014.1,SYNTHETIC_SIMULATION,SCN_CLEAN_BASELINE,CLEAN_NORMAL,NONE,NONE,NORMAL,0,0,,,none,Normal ambient weather telemetry with diurnal solar cycles
43150,Visakhapatnam (AWS008),2026-08-11T09:00:00Z,28.78,78.7,1014.75,SYNTHETIC_SIMULATION,SCN_CLEAN_BASELINE,CLEAN_NORMAL,NONE,NONE,NORMAL,0,0,,,none,Normal ambient weather telemetry with diurnal solar cycles
43150,Visakhapatnam (AWS008),2026-08-11T10:00:00Z,29.69,77.3,1015.29,SYNTHETIC_SIMULATION,SCN_CLEAN_BASELINE,CLEAN_NORMAL,NONE,NONE,NORMAL,0,0,,,none,Normal ambient weather telemetry with diurnal solar cycles
43150,Visakhapatnam (AWS008),2026-08-11T11:00:00Z,31.38,75.3,1015.89,SYNTHETIC_SIMULATION,SCN_CLEAN_BASELINE,CLEAN_NORMAL,NONE,NONE,NORMAL,0,0,,,none,Normal ambient weather telemetry with diurnal solar cycles
43150,Visakhapatnam (AWS008),2026-08-11T12:00:00Z,32.94,70.2,1015.59,SYNTHETIC_SIMULATION,SCN_CLEAN_BASELINE,CLEAN_NORMAL,NONE,NONE,NORMAL,0,0,,,none,Normal ambient weather telemetry with diurnal solar cycles
43150,Visakhapatnam (AWS008),2026-08-11T13:00:00Z,33.05,67.6,1015.6,SYNTHETIC_SIMULATION,SCN_CLEAN_BASELINE,CLEAN_NORMAL,NONE,NONE,NORMAL,0,0,,,none,Normal ambient weather telemetry with diurnal solar cycles
43150,Visakhapatnam (AWS008),2026-08-11T14:00:00Z,33.89,66.6,1014.86,SYNTHETIC_SIMULATION,SCN_CLEAN_BASELINE,CLEAN_NORMAL,NONE,NONE,NORMAL,0,0,,,none,Normal ambient weather telemetry with diurnal solar cycles
43150,Visakhapatnam (AWS008),2026-08-11T15:00:00Z,33.38,66.5,1013.8,SYNTHETIC_SIMULATION,SCN_CLEAN_BASELINE,CLEAN_NORMAL,NONE,NONE,NORMAL,0,0,,,none,Normal ambient weather telemetry with diurnal solar cycles
43150,Visakhapatnam (AWS008),2026-08-11T16:00:00Z,33.52,67.4,1013.13,SYNTHETIC_SIMULATION,SCN_CLEAN_BASELINE,CLEAN_NORMAL,NONE,NONE,NORMAL,0,0,,,none,Normal ambient weather telemetry with diurnal solar cycles
43150,Visakhapatnam (AWS008),2026-08-11T17:00:00Z,33.18,68.6,1012.9,SYNTHETIC_SIMULATION,SCN_CLEAN_BASELINE,CLEAN_NORMAL,NONE,NONE,NORMAL,0,0,,,none,Normal ambient weather telemetry with diurnal solar cycles
43150,Visakhapatnam (AWS008),2026-08-11T18:00:00Z,32.3,72.0,1011.53,SYNTHETIC_SIMULATION,SCN_CLEAN_BASELINE,CLEAN_NORMAL,NONE,NONE,NORMAL,0,0,,,none,Normal ambient weather telemetry with diurnal solar cycles
43150,Visakhapatnam (AWS008),2026-08-11T19:00:00Z,31.51,72.8,1012.1,SYNTHETIC_SIMULATION,SCN_CLEAN_BASELINE,CLEAN_NORMAL,NONE,NONE,NORMAL,0,0,,,none,Normal ambient weather telemetry with diurnal solar cycles
43150,Visakhapatnam (AWS008),2026-08-11T20:00:00Z,30.28,75.3,1012.39,SYNTHETIC_SIMULATION,SCN_CLEAN_BASELINE,CLEAN_NORMAL,NONE,NONE,NORMAL,0,0,,,none,Normal ambient weather telemetry with diurnal solar cycles
43150,Visakhapatnam (AWS008),2026-08-11T21:00:00Z,28.59,79.4,1012.83,SYNTHETIC_SIMULATION,SCN_CLEAN_BASELINE,CLEAN_NORMAL,NONE,NONE,NORMAL,0,0,,,none,Normal ambient weather telemetry with diurnal solar cycles
43150,Visakhapatnam (AWS008),2026-08-11T22:00:00Z,27.67,83.3,1013.37,SYNTHETIC_SIMULATION,SCN_CLEAN_BASELINE,CLEAN_NORMAL,NONE,NONE,NORMAL,0,0,,,none,Normal ambient weather telemetry with diurnal solar cycles
43150,Visakhapatnam (AWS008),2026-08-11T23:00:00Z,26.02,86.7,1013.7,SYNTHETIC_SIMULATION,SCN_CLEAN_BASELINE,CLEAN_NORMAL,NONE,NONE,NORMAL,0,0,,,none,Normal ambient weather telemetry with diurnal solar cycles
43150,Visakhapatnam (AWS008),2026-08-12T00:00:00Z,25.86,87.6,1013.66,SYNTHETIC_SIMULATION,SCN_CLEAN_BASELINE,CLEAN_NORMAL,NONE,NONE,NORMAL,0,0,,,none,Normal ambient weather telemetry with diurnal solar cycles
43150,Visakhapatnam (AWS008),2026-08-12T01:00:00Z,25.18,90.6,1012.86,SYNTHETIC_SIMULATION,SCN_CLEAN_BASELINE,CLEAN_NORMAL,NONE,NONE,NORMAL,0,0,,,none,Normal ambient weather telemetry with diurnal solar cycles
43150,Visakhapatnam (AWS008),2026-08-12T02:00:00Z,25.08,90.2,1012.42,SYNTHETIC_SIMULATION,SCN_CLEAN_BASELINE,CLEAN_NORMAL,NONE,NONE,NORMAL,0,0,,,none,Normal ambient weather telemetry with diurnal solar cycles
43150,Visakhapatnam (AWS008),2026-08-12T03:00:00Z,25.01,90.0,1011.71,SYNTHETIC_SIMULATION,SCN_CLEAN_BASELINE,CLEAN_NORMAL,NONE,NONE,NORMAL,0,0,,,none,Normal ambient weather telemetry with diurnal solar cycles
43150,Visakhapatnam (AWS008),2026-08-12T04:00:00Z,25.08,90.7,1011.21,SYNTHETIC_SIMULATION,SCN_CLEAN_BASELINE,CLEAN_NORMAL,NONE,NONE,NORMAL,0,0,,,none,Normal ambient weather telemetry with diurnal solar cycles
43150,Visakhapatnam (AWS008),2026-08-12T05:00:00Z,26.35,87.3,1010.63,SYNTHETIC_SIMULATION,SCN_CLEAN_BASELINE,CLEAN_NORMAL,NONE,NONE,NORMAL,0,0,,,none,Normal ambient weather telemetry with diurnal solar cycles
43150,Visakhapatnam (AWS008),2026-08-12T06:00:00Z,26.87,83.1,1009.92,SYNTHETIC_SIMULATION,SCN_CLEAN_BASELINE,CLEAN_NORMAL,NONE,NONE,NORMAL,0,0,,,none,Normal ambient weather telemetry with diurnal solar cycles
43150,Visakhapatnam (AWS008),2026-08-12T07:00:00Z,28.47,81.3,1010.11,SYNTHETIC_SIMULATION,SCN_CLEAN_BASELINE,CLEAN_NORMAL,NONE,NONE,NORMAL,0,0,,,none,Normal ambient weather telemetry with diurnal solar cycles
43150,Visakhapatnam (AWS008),2026-08-12T08:00:00Z,30.18,77.3,1010.42,SYNTHETIC_SIMULATION,SCN_CLEAN_BASELINE,CLEAN_NORMAL,NONE,NONE,NORMAL,0,0,,,none,Normal ambient weather telemetry with diurnal solar cycles
43150,Visakhapatnam (AWS008),2026-08-12T09:00:00Z,32.16,73.8,1011.34,SYNTHETIC_SIMULATION,SCN_CLEAN_BASELINE,CLEAN_NORMAL,NONE,NONE,NORMAL,0,0,,,none,Normal ambient weather telemetry with diurnal solar cycles
43150,Visakhapatnam (AWS008),2026-08-12T10:00:00Z,32.99,69.2,1011.43,SYNTHETIC_SIMULATION,SCN_CLEAN_BASELINE,CLEAN_NORMAL,NONE,NONE,NORMAL,0,0,,,none,Normal ambient weather telemetry with diurnal solar cycles
43150,Visakhapatnam (AWS008),2026-08-12T11:00:00Z,34.08,65.4,1011.6,SYNTHETIC_SIMULATION,SCN_CLEAN_BASELINE,CLEAN_NORMAL,NONE,NONE,NORMAL,0,0,,,none,Normal ambient weather telemetry with diurnal solar cycles
43150,Visakhapatnam (AWS008),2026-08-12T12:00:00Z,35.17,64.5,1011.97,SYNTHETIC_SIMULATION,SCN_CLEAN_BASELINE,CLEAN_NORMAL,NONE,NONE,NORMAL,0,0,,,none,Normal ambient weather telemetry with diurnal solar cycles
43150,Visakhapatnam (AWS008),2026-08-12T13:00:00Z,36.3,62.0,1011.57,SYNTHETIC_SIMULATION,SCN_CLEAN_BASELINE,CLEAN_NORMAL,NONE,NONE,NORMAL,0,0,,,none,Normal ambient weather telemetry with diurnal solar cycles
43150,Visakhapatnam (AWS008),2026-08-12T14:00:00Z,36.24,60.8,1010.93,SYNTHETIC_SIMULATION,SCN_CLEAN_BASELINE,CLEAN_NORMAL,NONE,NONE,NORMAL,0,0,,,none,Normal ambient weather telemetry with diurnal solar cycles
43150,Visakhapatnam (AWS008),2026-08-12T15:00:00Z,36.57,60.9,1010.44,SYNTHETIC_SIMULATION,SCN_CLEAN_BASELINE,CLEAN_NORMAL,NONE,NONE,NORMAL,0,0,,,none,Normal ambient weather telemetry with diurnal solar cycles
43150,Visakhapatnam (AWS008),2026-08-12T16:00:00Z,36.01,61.8,1009.5,SYNTHETIC_SIMULATION,SCN_CLEAN_BASELINE,CLEAN_NORMAL,NONE,NONE,NORMAL,0,0,,,none,Normal ambient weather telemetry with diurnal solar cycles
43150,Visakhapatnam (AWS008),2026-08-12T17:00:00Z,35.99,61.4,1008.79,SYNTHETIC_SIMULATION,SCN_CLEAN_BASELINE,CLEAN_NORMAL,NONE,NONE,NORMAL,0,0,,,none,Normal ambient weather telemetry with diurnal solar cycles
43150,Visakhapatnam (AWS008),2026-08-12T18:00:00Z,35.05,64.2,1008.48,SYNTHETIC_SIMULATION,SCN_CLEAN_BASELINE,CLEAN_NORMAL,NONE,NONE,NORMAL,0,0,,,none,Normal ambient weather telemetry with diurnal solar cycles
43150,Visakhapatnam (AWS008),2026-08-12T19:00:00Z,33.85,69.5,1008.24,SYNTHETIC_SIMULATION,SCN_CLEAN_BASELINE,CLEAN_NORMAL,NONE,NONE,NORMAL,0,0,,,none,Normal ambient weather telemetry with diurnal solar cycles
43150,Visakhapatnam (AWS008),2026-08-12T20:00:00Z,32.67,72.4,1008.7,SYNTHETIC_SIMULATION,SCN_CLEAN_BASELINE,CLEAN_NORMAL,NONE,NONE,NORMAL,0,0,,,none,Normal ambient weather telemetry with diurnal solar cycles
43150,Visakhapatnam (AWS008),2026-08-12T21:00:00Z,30.84,74.7,1009.44,SYNTHETIC_SIMULATION,SCN_CLEAN_BASELINE,CLEAN_NORMAL,NONE,NONE,NORMAL,0,0,,,none,Normal ambient weather telemetry with diurnal solar cycles
43150,Visakhapatnam (AWS008),2026-08-12T22:00:00Z,29.62,78.6,1009.77,SYNTHETIC_SIMULATION,SCN_CLEAN_BASELINE,CLEAN_NORMAL,NONE,NONE,NORMAL,0,0,,,none,Normal ambient weather telemetry with diurnal solar cycles
43150,Visakhapatnam (AWS008),2026-08-12T23:00:00Z,27.62,80.9,1010.72,SYNTHETIC_SIMULATION,SCN_CLEAN_BASELINE,CLEAN_NORMAL,NONE,NONE,NORMAL,0,0,,,none,Normal ambient weather telemetry with diurnal solar cycles
43150,Visakhapatnam (AWS008),2026-08-13T00:00:00Z,27.61,83.1,1010.66,SYNTHETIC_SIMULATION,SCN_CLEAN_BASELINE,CLEAN_NORMAL,NONE,NONE,NORMAL,0,0,,,none,Normal ambient weather telemetry with diurnal solar cycles
43150,Visakhapatnam (AWS008),2026-08-13T01:00:00Z,27.22,84.3,1010.13,SYNTHETIC_SIMULATION,SCN_CLEAN_BASELINE,CLEAN_NORMAL,NONE,NONE,NORMAL,0,0,,,none,Normal ambient weather telemetry with diurnal solar cycles
43150,Visakhapatnam (AWS008),2026-08-13T02:00:00Z,26.06,86.4,1009.82,SYNTHETIC_SIMULATION,SCN_CLEAN_BASELINE,CLEAN_NORMAL,NONE,NONE,NORMAL,0,0,,,none,Normal ambient weather telemetry with diurnal solar cycles
43150,Visakhapatnam (AWS008),2026-08-13T03:00:00Z,26.75,86.2,1009.14,SYNTHETIC_SIMULATION,SCN_CLEAN_BASELINE,CLEAN_NORMAL,NONE,NONE,NORMAL,0,0,,,none,Normal ambient weather telemetry with diurnal solar cycles
43150,Visakhapatnam (AWS008),2026-08-13T04:00:00Z,27.3,85.5,1008.32,SYNTHETIC_SIMULATION,SCN_CLEAN_BASELINE,CLEAN_NORMAL,NONE,NONE,NORMAL,0,0,,,none,Normal ambient weather telemetry with diurnal solar cycles
43150,Visakhapatnam (AWS008),2026-08-13T05:00:00Z,27.86,84.8,1007.37,SYNTHETIC_SIMULATION,SCN_CLEAN_BASELINE,CLEAN_NORMAL,NONE,NONE,NORMAL,0,0,,,none,Normal ambient weather telemetry with diurnal solar cycles
43150,Visakhapatnam (AWS008),2026-08-13T06:00:00Z,28.64,80.8,1007.32,SYNTHETIC_SIMULATION,SCN_CLEAN_BASELINE,CLEAN_NORMAL,NONE,NONE,NORMAL,0,0,,,none,Normal ambient weather telemetry with diurnal solar cycles
43150,Visakhapatnam (AWS008),2026-08-13T07:00:00Z,29.72,77.7,1007.76,SYNTHETIC_SIMULATION,SCN_CLEAN_BASELINE,CLEAN_NORMAL,NONE,NONE,NORMAL,0,0,,,none,Normal ambient weather telemetry with diurnal solar cycles
43150,Visakhapatnam (AWS008),2026-08-13T08:00:00Z,31.72,74.8,1008.32,SYNTHETIC_SIMULATION,SCN_CLEAN_BASELINE,CLEAN_NORMAL,NONE,NONE,NORMAL,0,0,,,none,Normal ambient weather telemetry with diurnal solar cycles
43150,Visakhapatnam (AWS008),2026-08-13T09:00:00Z,32.7,70.0,1008.77,SYNTHETIC_SIMULATION,SCN_CLEAN_BASELINE,CLEAN_NORMAL,NONE,NONE,NORMAL,0,0,,,none,Normal ambient weather telemetry with diurnal solar cycles
43150,Visakhapatnam (AWS008),2026-08-13T10:00:00Z,33.77,65.3,1009.62,SYNTHETIC_SIMULATION,SCN_CLEAN_BASELINE,CLEAN_NORMAL,NONE,NONE,NORMAL,0,0,,,none,Normal ambient weather telemetry with diurnal solar cycles
43150,Visakhapatnam (AWS008),2026-08-13T11:00:00Z,35.28,63.5,1010.27,SYNTHETIC_SIMULATION,SCN_CLEAN_BASELINE,CLEAN_NORMAL,NONE,NONE,NORMAL,0,0,,,none,Normal ambient weather telemetry with diurnal solar cycles
43150,Visakhapatnam (AWS008),2026-08-13T12:00:00Z,36.59,61.4,1010.02,SYNTHETIC_SIMULATION,SCN_CLEAN_BASELINE,CLEAN_NORMAL,NONE,NONE,NORMAL,0,0,,,none,Normal ambient weather telemetry with diurnal solar cycles
43150,Visakhapatnam (AWS008),2026-08-13T13:00:00Z,36.5,59.1,1010.0,SYNTHETIC_SIMULATION,SCN_CLEAN_BASELINE,CLEAN_NORMAL,NONE,NONE,NORMAL,0,0,,,none,Normal ambient weather telemetry with diurnal solar cycles
43150,Visakhapatnam (AWS008),2026-08-13T14:00:00Z,36.63,59.7,1009.36,SYNTHETIC_SIMULATION,SCN_CLEAN_BASELINE,CLEAN_NORMAL,NONE,NONE,NORMAL,0,0,,,none,Normal ambient weather telemetry with diurnal solar cycles
43150,Visakhapatnam (AWS008),2026-08-13T15:00:00Z,37.34,57.0,1009.39,SYNTHETIC_SIMULATION,SCN_CLEAN_BASELINE,CLEAN_NORMAL,NONE,NONE,NORMAL,0,0,,,none,Normal ambient weather telemetry with diurnal solar cycles
43150,Visakhapatnam (AWS008),2026-08-13T16:00:00Z,36.76,58.7,1008.46,SYNTHETIC_SIMULATION,SCN_CLEAN_BASELINE,CLEAN_NORMAL,NONE,NONE,NORMAL,0,0,,,none,Normal ambient weather telemetry with diurnal solar cycles
43150,Visakhapatnam (AWS008),2026-08-13T17:00:00Z,35.62,63.9,1008.02,SYNTHETIC_SIMULATION,SCN_CLEAN_BASELINE,CLEAN_NORMAL,NONE,NONE,NORMAL,0,0,,,none,Normal ambient weather telemetry with diurnal solar cycles
43150,Visakhapatnam (AWS008),2026-08-13T18:00:00Z,34.93,61.4,1007.92,SYNTHETIC_SIMULATION,SCN_CLEAN_BASELINE,CLEAN_NORMAL,NONE,NONE,NORMAL,0,0,,,none,Normal ambient weather telemetry with diurnal solar cycles
43150,Visakhapatnam (AWS008),2026-08-13T19:00:00Z,33.67,67.2,1008.17,SYNTHETIC_SIMULATION,SCN_CLEAN_BASELINE,CLEAN_NORMAL,NONE,NONE,NORMAL,0,0,,,none,Normal ambient weather telemetry with diurnal solar cycles
43150,Visakhapatnam (AWS008),2026-08-13T20:00:00Z,32.19,72.4,1008.34,SYNTHETIC_SIMULATION,SCN_CLEAN_BASELINE,CLEAN_NORMAL,NONE,NONE,NORMAL,0,0,,,none,Normal ambient weather telemetry with diurnal solar cycles
43150,Visakhapatnam (AWS008),2026-08-13T21:00:00Z,31.33,72.8,1009.35,SYNTHETIC_SIMULATION,SCN_CLEAN_BASELINE,CLEAN_NORMAL,NONE,NONE,NORMAL,0,0,,,none,Normal ambient weather telemetry with diurnal solar cycles
43150,Visakhapatnam (AWS008),2026-08-13T22:00:00Z,29.23,79.5,1009.84,SYNTHETIC_SIMULATION,SCN_CLEAN_BASELINE,CLEAN_NORMAL,NONE,NONE,NORMAL,0,0,,,none,Normal ambient weather telemetry with diurnal solar cycles
43150,Visakhapatnam (AWS008),2026-08-13T23:00:00Z,28.45,83.0,1011.15,SYNTHETIC_SIMULATION,SCN_CLEAN_BASELINE,CLEAN_NORMAL,NONE,NONE,NORMAL,0,0,,,none,Normal ambient weather telemetry with diurnal solar cycles
43150,Visakhapatnam (AWS008),2026-08-14T00:00:00Z,26.82,86.1,1010.99,SYNTHETIC_SIMULATION,SCN_CLEAN_BASELINE,CLEAN_NORMAL,NONE,NONE,NORMAL,0,0,,,none,Normal ambient weather telemetry with diurnal solar cycles
43150,Visakhapatnam (AWS008),2026-08-14T01:00:00Z,26.7,87.0,1010.91,SYNTHETIC_SIMULATION,SCN_CLEAN_BASELINE,CLEAN_NORMAL,NONE,NONE,NORMAL,0,0,,,none,Normal ambient weather telemetry with diurnal solar cycles
43150,Visakhapatnam (AWS008),2026-08-14T02:00:00Z,26.34,87.9,1011.0,SYNTHETIC_SIMULATION,SCN_CLEAN_BASELINE,CLEAN_NORMAL,NONE,NONE,NORMAL,0,0,,,none,Normal ambient weather telemetry with diurnal solar cycles
43150,Visakhapatnam (AWS008),2026-08-14T03:00:00Z,25.88,88.9,1010.32,SYNTHETIC_SIMULATION,SCN_CLEAN_BASELINE,CLEAN_NORMAL,NONE,NONE,NORMAL,0,0,,,none,Normal ambient weather telemetry with diurnal solar cycles
43150,Visakhapatnam (AWS008),2026-08-14T04:00:00Z,26.62,88.6,1009.36,SYNTHETIC_SIMULATION,SCN_CLEAN_BASELINE,CLEAN_NORMAL,NONE,NONE,NORMAL,0,0,,,none,Normal ambient weather telemetry with diurnal solar cycles
43150,Visakhapatnam (AWS008),2026-08-14T05:00:00Z,27.0,84.8,1008.82,SYNTHETIC_SIMULATION,SCN_CLEAN_BASELINE,CLEAN_NORMAL,NONE,NONE,NORMAL,0,0,,,none,Normal ambient weather telemetry with diurnal solar cycles
43150,Visakhapatnam (AWS008),2026-08-14T06:00:00Z,27.73,84.9,1009.61,SYNTHETIC_SIMULATION,SCN_CLEAN_BASELINE,CLEAN_NORMAL,NONE,NONE,NORMAL,0,0,,,none,Normal ambient weather telemetry with diurnal solar cycles
43150,Visakhapatnam (AWS008),2026-08-14T07:00:00Z,28.51,80.1,1009.22,SYNTHETIC_SIMULATION,SCN_CLEAN_BASELINE,CLEAN_NORMAL,NONE,NONE,NORMAL,0,0,,,none,Normal ambient weather telemetry with diurnal solar cycles
43150,Visakhapatnam (AWS008),2026-08-14T08:00:00Z,30.11,77.6,1010.11,SYNTHETIC_SIMULATION,SCN_CLEAN_BASELINE,CLEAN_NORMAL,NONE,NONE,NORMAL,0,0,,,none,Normal ambient weather telemetry with diurnal solar cycles
43150,Visakhapatnam (AWS008),2026-08-14T09:00:00Z,31.73,73.3,1011.01,SYNTHETIC_SIMULATION,SCN_CLEAN_BASELINE,CLEAN_NORMAL,NONE,NONE,NORMAL,0,0,,,none,Normal ambient weather telemetry with diurnal solar cycles
43150,Visakhapatnam (AWS008),2026-08-14T10:00:00Z,32.21,68.8,1011.56,SYNTHETIC_SIMULATION,SCN_CLEAN_BASELINE,CLEAN_NORMAL,NONE,NONE,NORMAL,0,0,,,none,Normal ambient weather telemetry with diurnal solar cycles
43150,Visakhapatnam (AWS008),2026-08-14T11:00:00Z,33.44,68.8,1012.57,SYNTHETIC_SIMULATION,SCN_CLEAN_BASELINE,CLEAN_NORMAL,NONE,NONE,NORMAL,0,0,,,none,Normal ambient weather telemetry with diurnal solar cycles
43150,Visakhapatnam (AWS008),2026-08-14T12:00:00Z,34.07,66.9,1012.7,SYNTHETIC_SIMULATION,SCN_CLEAN_BASELINE,CLEAN_NORMAL,NONE,NONE,NORMAL,0,0,,,none,Normal ambient weather telemetry with diurnal solar cycles
43150,Visakhapatnam (AWS008),2026-08-14T13:00:00Z,35.0,63.7,1012.73,SYNTHETIC_SIMULATION,SCN_CLEAN_BASELINE,CLEAN_NORMAL,NONE,NONE,NORMAL,0,0,,,none,Normal ambient weather telemetry with diurnal solar cycles
43150,Visakhapatnam (AWS008),2026-08-14T14:00:00Z,35.02,62.3,1012.37,SYNTHETIC_SIMULATION,SCN_CLEAN_BASELINE,CLEAN_NORMAL,NONE,NONE,NORMAL,0,0,,,none,Normal ambient weather telemetry with diurnal solar cycles
43150,Visakhapatnam (AWS008),2026-08-14T15:00:00Z,35.39,65.9,1011.87,SYNTHETIC_SIMULATION,SCN_CLEAN_BASELINE,CLEAN_NORMAL,NONE,NONE,NORMAL,0,0,,,none,Normal ambient weather telemetry with diurnal solar cycles
43150,Visakhapatnam (AWS008),2026-08-14T16:00:00Z,34.8,66.3,1011.56,SYNTHETIC_SIMULATION,SCN_CLEAN_BASELINE,CLEAN_NORMAL,NONE,NONE,NORMAL,0,0,,,none,Normal ambient weather telemetry with diurnal solar cycles
43150,Visakhapatnam (AWS008),2026-08-14T17:00:00Z,34.51,65.8,1011.23,SYNTHETIC_SIMULATION,SCN_CLEAN_BASELINE,CLEAN_NORMAL,NONE,NONE,NORMAL,0,0,,,none,Normal ambient weather telemetry with diurnal solar cycles
43150,Visakhapatnam (AWS008),2026-08-14T18:00:00Z,32.54,69.2,1011.34,SYNTHETIC_SIMULATION,SCN_CLEAN_BASELINE,CLEAN_NORMAL,NONE,NONE,NORMAL,0,0,,,none,Normal ambient weather telemetry with diurnal solar cycles
43150,Visakhapatnam (AWS008),2026-08-14T19:00:00Z,32.14,72.0,1011.68,SYNTHETIC_SIMULATION,SCN_CLEAN_BASELINE,CLEAN_NORMAL,NONE,NONE,NORMAL,0,0,,,none,Normal ambient weather telemetry with diurnal solar cycles
43150,Visakhapatnam (AWS008),2026-08-14T20:00:00Z,30.04,76.5,1012.07,SYNTHETIC_SIMULATION,SCN_CLEAN_BASELINE,CLEAN_NORMAL,NONE,NONE,NORMAL,0,0,,,none,Normal ambient weather telemetry with diurnal solar cycles
43150,Visakhapatnam (AWS008),2026-08-14T21:00:00Z,28.51,79.6,1012.86,SYNTHETIC_SIMULATION,SCN_CLEAN_BASELINE,CLEAN_NORMAL,NONE,NONE,NORMAL,0,0,,,none,Normal ambient weather telemetry with diurnal solar cycles
43150,Visakhapatnam (AWS008),2026-08-14T22:00:00Z,28.03,85.1,1013.85,SYNTHETIC_SIMULATION,SCN_CLEAN_BASELINE,CLEAN_NORMAL,NONE,NONE,NORMAL,0,0,,,none,Normal ambient weather telemetry with diurnal solar cycles
43150,Visakhapatnam (AWS008),2026-08-14T23:00:00Z,26.01,88.2,1014.28,SYNTHETIC_SIMULATION,SCN_CLEAN_BASELINE,CLEAN_NORMAL,NONE,NONE,NORMAL,0,0,,,none,Normal ambient weather telemetry with diurnal solar cycles
43150,Visakhapatnam (AWS008),2026-08-15T00:00:00Z,25.16,90.5,1014.61,SYNTHETIC_SIMULATION,SCN_CLEAN_BASELINE,CLEAN_NORMAL,NONE,NONE,NORMAL,0,0,,,none,Normal ambient weather telemetry with diurnal solar cycles
43150,Visakhapatnam (AWS008),2026-08-15T01:00:00Z,24.26,94.0,1014.66,SYNTHETIC_SIMULATION,SCN_CLEAN_BASELINE,CLEAN_NORMAL,NONE,NONE,NORMAL,0,0,,,none,Normal ambient weather telemetry with diurnal solar cycles
43150,Visakhapatnam (AWS008),2026-08-15T02:00:00Z,23.45,92.9,1014.16,SYNTHETIC_SIMULATION,SCN_CLEAN_BASELINE,CLEAN_NORMAL,NONE,NONE,NORMAL,0,0,,,none,Normal ambient weather telemetry with diurnal solar cycles
43150,Visakhapatnam (AWS008),2026-08-15T03:00:00Z,23.97,92.7,1013.7,SYNTHETIC_SIMULATION,SCN_CLEAN_BASELINE,CLEAN_NORMAL,NONE,NONE,NORMAL,0,0,,,none,Normal ambient weather telemetry with diurnal solar cycles
43150,Visakhapatnam (AWS008),2026-08-15T04:00:00Z,23.78,92.7,1013.57,SYNTHETIC_SIMULATION,SCN_CLEAN_BASELINE,CLEAN_NORMAL,NONE,NONE,NORMAL,0,0,,,none,Normal ambient weather telemetry with diurnal solar cycles
43150,Visakhapatnam (AWS008),2026-08-15T05:00:00Z,24.6,93.5,1012.87,SYNTHETIC_SIMULATION,SCN_CLEAN_BASELINE,CLEAN_NORMAL,NONE,NONE,NORMAL,0,0,,,none,Normal ambient weather telemetry with diurnal solar cycles
43150,Visakhapatnam (AWS008),2026-08-15T06:00:00Z,26.3,90.5,1012.79,SYNTHETIC_SIMULATION,SCN_CLEAN_BASELINE,CLEAN_NORMAL,NONE,NONE,NORMAL,0,0,,,none,Normal ambient weather telemetry with diurnal solar cycles
43150,Visakhapatnam (AWS008),2026-08-15T07:00:00Z,26.51,84.8,1013.43,SYNTHETIC_SIMULATION,SCN_CLEAN_BASELINE,CLEAN_NORMAL,NONE,NONE,NORMAL,0,0,,,none,Normal ambient weather telemetry with diurnal solar cycles
43150,Visakhapatnam (AWS008),2026-08-15T08:00:00Z,27.92,83.1,1013.72,SYNTHETIC_SIMULATION,SCN_CLEAN_BASELINE,CLEAN_NORMAL,NONE,NONE,NORMAL,0,0,,,none,Normal ambient weather telemetry with diurnal solar cycles
43150,Visakhapatnam (AWS008),2026-08-15T09:00:00Z,28.93,80.5,1014.54,SYNTHETIC_SIMULATION,SCN_CLEAN_BASELINE,CLEAN_NORMAL,NONE,NONE,NORMAL,0,0,,,none,Normal ambient weather telemetry with diurnal solar cycles
43150,Visakhapatnam (AWS008),2026-08-15T10:00:00Z,30.15,76.7,1015.42,SYNTHETIC_SIMULATION,SCN_CLEAN_BASELINE,CLEAN_NORMAL,NONE,NONE,NORMAL,0,0,,,none,Normal ambient weather telemetry with diurnal solar cycles
43150,Visakhapatnam (AWS008),2026-08-15T11:00:00Z,31.6,74.9,1016.13,SYNTHETIC_SIMULATION,SCN_CLEAN_BASELINE,CLEAN_NORMAL,NONE,NONE,NORMAL,0,0,,,none,Normal ambient weather telemetry with diurnal solar cycles
43150,Visakhapatnam (AWS008),2026-08-15T12:00:00Z,32.49,72.2,1016.39,SYNTHETIC_SIMULATION,SCN_CLEAN_BASELINE,CLEAN_NORMAL,NONE,NONE,NORMAL,0,0,,,none,Normal ambient weather telemetry with diurnal solar cycles
43150,Visakhapatnam (AWS008),2026-08-15T13:00:00Z,32.5,70.7,1016.53,SYNTHETIC_SIMULATION,SCN_CLEAN_BASELINE,CLEAN_NORMAL,NONE,NONE,NORMAL,0,0,,,none,Normal ambient weather telemetry with diurnal solar cycles
43150,Visakhapatnam (AWS008),2026-08-15T14:00:00Z,33.39,68.1,1015.67,SYNTHETIC_SIMULATION,SCN_CLEAN_BASELINE,CLEAN_NORMAL,NONE,NONE,NORMAL,0,0,,,none,Normal ambient weather telemetry with diurnal solar cycles
43150,Visakhapatnam (AWS008),2026-08-15T15:00:00Z,33.25,67.9,1015.25,SYNTHETIC_SIMULATION,SCN_CLEAN_BASELINE,CLEAN_NORMAL,NONE,NONE,NORMAL,0,0,,,none,Normal ambient weather telemetry with diurnal solar cycles
43150,Visakhapatnam (AWS008),2026-08-15T16:00:00Z,32.75,70.8,1014.67,SYNTHETIC_SIMULATION,SCN_CLEAN_BASELINE,CLEAN_NORMAL,NONE,NONE,NORMAL,0,0,,,none,Normal ambient weather telemetry with diurnal solar cycles
43150,Visakhapatnam (AWS008),2026-08-15T17:00:00Z,32.33,71.3,1014.51,SYNTHETIC_SIMULATION,SCN_CLEAN_BASELINE,CLEAN_NORMAL,NONE,NONE,NORMAL,0,0,,,none,Normal ambient weather telemetry with diurnal solar cycles
43150,Visakhapatnam (AWS008),2026-08-15T18:00:00Z,30.38,75.3,1014.24,SYNTHETIC_SIMULATION,SCN_CLEAN_BASELINE,CLEAN_NORMAL,NONE,NONE,NORMAL,0,0,,,none,Normal ambient weather telemetry with diurnal solar cycles
43150,Visakhapatnam (AWS008),2026-08-15T19:00:00Z,29.39,78.0,1014.5,SYNTHETIC_SIMULATION,SCN_CLEAN_BASELINE,CLEAN_NORMAL,NONE,NONE,NORMAL,0,0,,,none,Normal ambient weather telemetry with diurnal solar cycles
43150,Visakhapatnam (AWS008),2026-08-15T20:00:00Z,28.53,82.4,1014.93,SYNTHETIC_SIMULATION,SCN_CLEAN_BASELINE,CLEAN_NORMAL,NONE,NONE,NORMAL,0,0,,,none,Normal ambient weather telemetry with diurnal solar cycles
43150,Visakhapatnam (AWS008),2026-08-15T21:00:00Z,26.82,85.9,1015.86,SYNTHETIC_SIMULATION,SCN_CLEAN_BASELINE,CLEAN_NORMAL,NONE,NONE,NORMAL,0,0,,,none,Normal ambient weather telemetry with diurnal solar cycles
43150,Visakhapatnam (AWS008),2026-08-15T22:00:00Z,26.06,87.6,1016.63,SYNTHETIC_SIMULATION,SCN_CLEAN_BASELINE,CLEAN_NORMAL,NONE,NONE,NORMAL,0,0,,,none,Normal ambient weather telemetry with diurnal solar cycles
43150,Visakhapatnam (AWS008),2026-08-15T23:00:00Z,24.08,91.8,1017.15,SYNTHETIC_SIMULATION,SCN_CLEAN_BASELINE,CLEAN_NORMAL,NONE,NONE,NORMAL,0,0,,,none,Normal ambient weather telemetry with diurnal solar cycles
43150,Visakhapatnam (AWS008),2026-08-16T00:00:00Z,23.45,94.5,1017.27,SYNTHETIC_SIMULATION,SCN_CLEAN_BASELINE,CLEAN_NORMAL,NONE,NONE,NORMAL,0,0,,,none,Normal ambient weather telemetry with diurnal solar cycles
43150,Visakhapatnam (AWS008),2026-08-16T01:00:00Z,22.52,96.7,1017.03,SYNTHETIC_SIMULATION,SCN_CLEAN_BASELINE,CLEAN_NORMAL,NONE,NONE,NORMAL,0,0,,,none,Normal ambient weather telemetry with diurnal solar cycles
43150,Visakhapatnam (AWS008),2026-08-16T02:00:00Z,22.49,98.0,1016.13,SYNTHETIC_SIMULATION,SCN_CLEAN_BASELINE,CLEAN_NORMAL,NONE,NONE,NORMAL,0,0,,,none,Normal ambient weather telemetry with diurnal solar cycles
43150,Visakhapatnam (AWS008),2026-08-16T03:00:00Z,22.15,98.0,1015.85,SYNTHETIC_SIMULATION,SCN_CLEAN_BASELINE,CLEAN_NORMAL,NONE,NONE,NORMAL,0,0,,,none,Normal ambient weather telemetry with diurnal solar cycles
43150,Visakhapatnam (AWS008),2026-08-16T04:00:00Z,23.67,97.9,1014.85,SYNTHETIC_SIMULATION,SCN_CLEAN_BASELINE,CLEAN_NORMAL,NONE,NONE,NORMAL,0,0,,,none,Normal ambient weather telemetry with diurnal solar cycles
43150,Visakhapatnam (AWS008),2026-08-16T05:00:00Z,23.53,93.0,1014.35,SYNTHETIC_SIMULATION,SCN_CLEAN_BASELINE,CLEAN_NORMAL,NONE,NONE,NORMAL,0,0,,,none,Normal ambient weather telemetry with diurnal solar cycles
43150,Visakhapatnam (AWS008),2026-08-16T06:00:00Z,24.88,91.2,1014.9,SYNTHETIC_SIMULATION,SCN_CLEAN_BASELINE,CLEAN_NORMAL,NONE,NONE,NORMAL,0,0,,,none,Normal ambient weather telemetry with diurnal solar cycles
43150,Visakhapatnam (AWS008),2026-08-16T07:00:00Z,25.12,89.8,1014.22,SYNTHETIC_SIMULATION,SCN_CLEAN_BASELINE,CLEAN_NORMAL,NONE,NONE,NORMAL,0,0,,,none,Normal ambient weather telemetry with diurnal solar cycles
43150,Visakhapatnam (AWS008),2026-08-16T08:00:00Z,26.76,84.6,1015.39,SYNTHETIC_SIMULATION,SCN_CLEAN_BASELINE,CLEAN_NORMAL,NONE,NONE,NORMAL,0,0,,,none,Normal ambient weather telemetry with diurnal solar cycles
43150,Visakhapatnam (AWS008),2026-08-16T09:00:00Z,28.72,81.6,1015.9,SYNTHETIC_SIMULATION,SCN_CLEAN_BASELINE,CLEAN_NORMAL,NONE,NONE,NORMAL,0,0,,,none,Normal ambient weather telemetry with diurnal solar cycles
43150,Visakhapatnam (AWS008),2026-08-16T10:00:00Z,30.05,78.2,1016.76,SYNTHETIC_SIMULATION,SCN_CLEAN_BASELINE,CLEAN_NORMAL,NONE,NONE,NORMAL,0,0,,,none,Normal ambient weather telemetry with diurnal solar cycles
43150,Visakhapatnam (AWS008),2026-08-16T11:00:00Z,31.42,74.2,1016.84,SYNTHETIC_SIMULATION,SCN_CLEAN_BASELINE,CLEAN_NORMAL,NONE,NONE,NORMAL,0,0,,,none,Normal ambient weather telemetry with diurnal solar cycles
43150,Visakhapatnam (AWS008),2026-08-16T12:00:00Z,32.03,70.6,1017.02,SYNTHETIC_SIMULATION,SCN_CLEAN_BASELINE,CLEAN_NORMAL,NONE,NONE,NORMAL,0,0,,,none,Normal ambient weather telemetry with diurnal solar cycles
43150,Visakhapatnam (AWS008),2026-08-16T13:00:00Z,32.79,70.9,1016.69,SYNTHETIC_SIMULATION,SCN_CLEAN_BASELINE,CLEAN_NORMAL,NONE,NONE,NORMAL,0,0,,,none,Normal ambient weather telemetry with diurnal solar cycles
43150,Visakhapatnam (AWS008),2026-08-16T14:00:00Z,33.09,69.0,1016.42,SYNTHETIC_SIMULATION,SCN_CLEAN_BASELINE,CLEAN_NORMAL,NONE,NONE,NORMAL,0,0,,,none,Normal ambient weather telemetry with diurnal solar cycles
43150,Visakhapatnam (AWS008),2026-08-16T15:00:00Z,33.56,70.1,1015.21,SYNTHETIC_SIMULATION,SCN_CLEAN_BASELINE,CLEAN_NORMAL,NONE,NONE,NORMAL,0,0,,,none,Normal ambient weather telemetry with diurnal solar cycles
43150,Visakhapatnam (AWS008),2026-08-16T16:00:00Z,33.2,71.2,1014.2,SYNTHETIC_SIMULATION,SCN_CLEAN_BASELINE,CLEAN_NORMAL,NONE,NONE,NORMAL,0,0,,,none,Normal ambient weather telemetry with diurnal solar cycles
43150,Visakhapatnam (AWS008),2026-08-16T17:00:00Z,32.56,,1013.91,SYNTHETIC_SIMULATION,SCN_CLEAN_BASELINE,CLEAN_NORMAL,NONE,NONE,NORMAL,0,0,,,none,Normal ambient weather telemetry with diurnal solar cycles
43150,Visakhapatnam (AWS008),2026-08-16T18:00:00Z,30.62,71.8,1014.23,SYNTHETIC_SIMULATION,SCN_CLEAN_BASELINE,CLEAN_NORMAL,NONE,NONE,NORMAL,0,0,,,none,Normal ambient weather telemetry with diurnal solar cycles
43150,Visakhapatnam (AWS008),2026-08-16T19:00:00Z,30.71,74.1,1013.69,SYNTHETIC_SIMULATION,SCN_CLEAN_BASELINE,CLEAN_NORMAL,NONE,NONE,NORMAL,0,0,,,none,Normal ambient weather telemetry with diurnal solar cycles
43150,Visakhapatnam (AWS008),2026-08-16T20:00:00Z,29.01,79.9,1013.88,SYNTHETIC_SIMULATION,SCN_CLEAN_BASELINE,CLEAN_NORMAL,NONE,NONE,NORMAL,0,0,,,none,Normal ambient weather telemetry with diurnal solar cycles
43150,Visakhapatnam (AWS008),2026-08-16T21:00:00Z,27.72,82.6,1014.76,SYNTHETIC_SIMULATION,SCN_CLEAN_BASELINE,CLEAN_NORMAL,NONE,NONE,NORMAL,0,0,,,none,Normal ambient weather telemetry with diurnal solar cycles
43150,Visakhapatnam (AWS008),2026-08-16T22:00:00Z,26.78,85.6,1015.18,SYNTHETIC_SIMULATION,SCN_CLEAN_BASELINE,CLEAN_NORMAL,NONE,NONE,NORMAL,0,0,,,none,Normal ambient weather telemetry with diurnal solar cycles
43150,Visakhapatnam (AWS008),2026-08-16T23:00:00Z,25.48,90.8,1015.39,SYNTHETIC_SIMULATION,SCN_CLEAN_BASELINE,CLEAN_NORMAL,NONE,NONE,NORMAL,0,0,,,none,Normal ambient weather telemetry with diurnal solar cycles
43150,Visakhapatnam (AWS008),2026-08-17T00:00:00Z,24.71,92.7,1015.89,SYNTHETIC_SIMULATION,SCN_CLEAN_BASELINE,CLEAN_NORMAL,NONE,NONE,NORMAL,0,0,,,none,Normal ambient weather telemetry with diurnal solar cycles
43150,Visakhapatnam (AWS008),2026-08-17T01:00:00Z,23.49,93.7,1015.13,SYNTHETIC_SIMULATION,SCN_CLEAN_BASELINE,CLEAN_NORMAL,NONE,NONE,NORMAL,0,0,,,none,Normal ambient weather telemetry with diurnal solar cycles
43150,Visakhapatnam (AWS008),2026-08-17T02:00:00Z,24.1,96.2,1014.96,SYNTHETIC_SIMULATION,SCN_CLEAN_BASELINE,CLEAN_NORMAL,NONE,NONE,NORMAL,0,0,,,none,Normal ambient weather telemetry with diurnal solar cycles
43150,Visakhapatnam (AWS008),2026-08-17T03:00:00Z,23.56,93.8,1014.02,SYNTHETIC_SIMULATION,SCN_CLEAN_BASELINE,CLEAN_NORMAL,NONE,NONE,NORMAL,0,0,,,none,Normal ambient weather telemetry with diurnal solar cycles
43150,Visakhapatnam (AWS008),2026-08-17T04:00:00Z,24.09,92.8,1013.18,SYNTHETIC_SIMULATION,SCN_CLEAN_BASELINE,CLEAN_NORMAL,NONE,NONE,NORMAL,0,0,,,none,Normal ambient weather telemetry with diurnal solar cycles
43150,Visakhapatnam (AWS008),2026-08-17T05:00:00Z,24.3,91.0,1011.88,SYNTHETIC_SIMULATION,SCN_CLEAN_BASELINE,CLEAN_NORMAL,NONE,NONE,NORMAL,0,0,,,none,Normal ambient weather telemetry with diurnal solar cycles
43150,Visakhapatnam (AWS008),2026-08-17T06:00:00Z,25.97,89.6,1012.17,SYNTHETIC_SIMULATION,SCN_CLEAN_BASELINE,CLEAN_NORMAL,NONE,NONE,NORMAL,0,0,,,none,Normal ambient weather telemetry with diurnal solar cycles
43150,Visakhapatnam (AWS008),2026-08-17T07:00:00Z,27.07,85.5,1011.78,SYNTHETIC_SIMULATION,SCN_CLEAN_BASELINE,CLEAN_NORMAL,NONE,NONE,NORMAL,0,0,,,none,Normal ambient weather telemetry with diurnal solar cycles
43150,Visakhapatnam (AWS008),2026-08-17T08:00:00Z,28.45,79.9,1012.36,SYNTHETIC_SIMULATION,SCN_CLEAN_BASELINE,CLEAN_NORMAL,NONE,NONE,NORMAL,0,0,,,none,Normal ambient weather telemetry with diurnal solar cycles
43150,Visakhapatnam (AWS008),2026-08-17T09:00:00Z,30.3,76.9,1013.04,SYNTHETIC_SIMULATION,SCN_CLEAN_BASELINE,CLEAN_NORMAL,NONE,NONE,NORMAL,0,0,,,none,Normal ambient weather telemetry with diurnal solar cycles
43150,Visakhapatnam (AWS008),2026-08-17T10:00:00Z,31.49,73.1,1013.43,SYNTHETIC_SIMULATION,SCN_CLEAN_BASELINE,CLEAN_NORMAL,NONE,NONE,NORMAL,0,0,,,none,Normal ambient weather telemetry with diurnal solar cycles
43150,Visakhapatnam (AWS008),2026-08-17T11:00:00Z,31.91,70.5,1013.57,SYNTHETIC_SIMULATION,SCN_CLEAN_BASELINE,CLEAN_NORMAL,NONE,NONE,NORMAL,0,0,,,none,Normal ambient weather telemetry with diurnal solar cycles
43150,Visakhapatnam (AWS008),2026-08-17T12:00:00Z,33.45,68.0,1013.79,SYNTHETIC_SIMULATION,SCN_CLEAN_BASELINE,CLEAN_NORMAL,NONE,NONE,NORMAL,0,0,,,none,Normal ambient weather telemetry with diurnal solar cycles
43150,Visakhapatnam (AWS008),2026-08-17T13:00:00Z,34.78,66.2,1013.12,SYNTHETIC_SIMULATION,SCN_CLEAN_BASELINE,CLEAN_NORMAL,NONE,NONE,NORMAL,0,0,,,none,Normal ambient weather telemetry with diurnal solar cycles
43150,Visakhapatnam (AWS008),2026-08-17T14:00:00Z,35.48,62.9,1012.62,SYNTHETIC_SIMULATION,SCN_CLEAN_BASELINE,CLEAN_NORMAL,NONE,NONE,NORMAL,0,0,,,none,Normal ambient weather telemetry with diurnal solar cycles
43150,Visakhapatnam (AWS008),2026-08-17T15:00:00Z,35.53,65.8,1012.04,SYNTHETIC_SIMULATION,SCN_CLEAN_BASELINE,CLEAN_NORMAL,NONE,NONE,NORMAL,0,0,,,none,Normal ambient weather telemetry with diurnal solar cycles
43150,Visakhapatnam (AWS008),2026-08-17T16:00:00Z,35.01,64.8,1010.81,SYNTHETIC_SIMULATION,SCN_CLEAN_BASELINE,CLEAN_NORMAL,NONE,NONE,NORMAL,0,0,,,none,Normal ambient weather telemetry with diurnal solar cycles
43150,Visakhapatnam (AWS008),2026-08-17T17:00:00Z,34.39,65.2,1010.78,SYNTHETIC_SIMULATION,SCN_CLEAN_BASELINE,CLEAN_NORMAL,NONE,NONE,NORMAL,0,0,,,none,Normal ambient weather telemetry with diurnal solar cycles
43150,Visakhapatnam (AWS008),2026-08-17T18:00:00Z,33.4,68.5,1010.47,SYNTHETIC_SIMULATION,SCN_CLEAN_BASELINE,CLEAN_NORMAL,NONE,NONE,NORMAL,0,0,,,none,Normal ambient weather telemetry with diurnal solar cycles
43150,Visakhapatnam (AWS008),2026-08-17T19:00:00Z,32.91,74.6,1010.11,SYNTHETIC_SIMULATION,SCN_CLEAN_BASELINE,CLEAN_NORMAL,NONE,NONE,NORMAL,0,0,,,none,Normal ambient weather telemetry with diurnal solar cycles
43150,Visakhapatnam (AWS008),2026-08-17T20:00:00Z,31.37,75.0,1010.44,SYNTHETIC_SIMULATION,SCN_CLEAN_BASELINE,CLEAN_NORMAL,NONE,NONE,NORMAL,0,0,,,none,Normal ambient weather telemetry with diurnal solar cycles
43150,Visakhapatnam (AWS008),2026-08-17T21:00:00Z,30.0,77.0,1011.17,SYNTHETIC_SIMULATION,SCN_CLEAN_BASELINE,CLEAN_NORMAL,NONE,NONE,NORMAL,0,0,,,none,Normal ambient weather telemetry with diurnal solar cycles
43150,Visakhapatnam (AWS008),2026-08-17T22:00:00Z,28.95,78.5,1011.37,SYNTHETIC_SIMULATION,SCN_CLEAN_BASELINE,CLEAN_NORMAL,NONE,NONE,NORMAL,0,0,,,none,Normal ambient weather telemetry with diurnal solar cycles
43150,Visakhapatnam (AWS008),2026-08-17T23:00:00Z,27.57,85.5,1012.07,SYNTHETIC_SIMULATION,SCN_CLEAN_BASELINE,CLEAN_NORMAL,NONE,NONE,NORMAL,0,0,,,none,Normal ambient weather telemetry with diurnal solar cycles
43150,Visakhapatnam (AWS008),2026-08-18T00:00:00Z,26.35,85.6,1011.44,SYNTHETIC_SIMULATION,SCN_CLEAN_BASELINE,CLEAN_NORMAL,NONE,NONE,NORMAL,0,0,,,none,Normal ambient weather telemetry with diurnal solar cycles
43150,Visakhapatnam (AWS008),2026-08-18T01:00:00Z,26.22,88.2,1011.52,SYNTHETIC_SIMULATION,SCN_CLEAN_BASELINE,CLEAN_NORMAL,NONE,NONE,NORMAL,0,0,,,none,Normal ambient weather telemetry with diurnal solar cycles
43150,Visakhapatnam (AWS008),2026-08-18T02:00:00Z,26.53,89.5,1011.02,SYNTHETIC_SIMULATION,SCN_CLEAN_BASELINE,CLEAN_NORMAL,NONE,NONE,NORMAL,0,0,,,none,Normal ambient weather telemetry with diurnal solar cycles
43150,Visakhapatnam (AWS008),2026-08-18T03:00:00Z,26.45,86.2,1009.93,SYNTHETIC_SIMULATION,SCN_CLEAN_BASELINE,CLEAN_NORMAL,NONE,NONE,NORMAL,0,0,,,none,Normal ambient weather telemetry with diurnal solar cycles
43150,Visakhapatnam (AWS008),2026-08-18T04:00:00Z,26.75,87.9,1008.99,SYNTHETIC_SIMULATION,SCN_CLEAN_BASELINE,CLEAN_NORMAL,NONE,NONE,NORMAL,0,0,,,none,Normal ambient weather telemetry with diurnal solar cycles
43150,Visakhapatnam (AWS008),2026-08-18T05:00:00Z,27.25,85.3,1008.82,SYNTHETIC_SIMULATION,SCN_CLEAN_BASELINE,CLEAN_NORMAL,NONE,NONE,NORMAL,0,0,,,none,Normal ambient weather telemetry with diurnal solar cycles
43150,Visakhapatnam (AWS008),2026-08-18T06:00:00Z,28.7,83.1,1008.56,SYNTHETIC_SIMULATION,SCN_CLEAN_BASELINE,CLEAN_NORMAL,NONE,NONE,NORMAL,0,0,,,none,Normal ambient weather telemetry with diurnal solar cycles
43150,Visakhapatnam (AWS008),2026-08-18T07:00:00Z,29.67,80.3,1008.59,SYNTHETIC_SIMULATION,SCN_CLEAN_BASELINE,CLEAN_NORMAL,NONE,NONE,NORMAL,0,0,,,none,Normal ambient weather telemetry with diurnal solar cycles
43150,Visakhapatnam (AWS008),2026-08-18T08:00:00Z,30.62,76.8,1008.93,SYNTHETIC_SIMULATION,SCN_CLEAN_BASELINE,CLEAN_NORMAL,NONE,NONE,NORMAL,0,0,,,none,Normal ambient weather telemetry with diurnal solar cycles
43150,Visakhapatnam (AWS008),2026-08-18T09:00:00Z,32.01,72.1,1009.61,SYNTHETIC_SIMULATION,SCN_CLEAN_BASELINE,CLEAN_NORMAL,NONE,NONE,NORMAL,0,0,,,none,Normal ambient weather telemetry with diurnal solar cycles
43150,Visakhapatnam (AWS008),2026-08-18T10:00:00Z,33.49,67.3,1010.17,SYNTHETIC_SIMULATION,SCN_CLEAN_BASELINE,CLEAN_NORMAL,NONE,NONE,NORMAL,0,0,,,none,Normal ambient weather telemetry with diurnal solar cycles
43150,Visakhapatnam (AWS008),2026-08-18T11:00:00Z,34.81,64.6,1010.65,SYNTHETIC_SIMULATION,SCN_CLEAN_BASELINE,CLEAN_NORMAL,NONE,NONE,NORMAL,0,0,,,none,Normal ambient weather telemetry with diurnal solar cycles
43150,Visakhapatnam (AWS008),2026-08-18T12:00:00Z,35.9,62.7,1010.34,SYNTHETIC_SIMULATION,SCN_CLEAN_BASELINE,CLEAN_NORMAL,NONE,NONE,NORMAL,0,0,,,none,Normal ambient weather telemetry with diurnal solar cycles
43150,Visakhapatnam (AWS008),2026-08-18T13:00:00Z,37.58,60.2,1010.16,SYNTHETIC_SIMULATION,SCN_CLEAN_BASELINE,CLEAN_NORMAL,NONE,NONE,NORMAL,0,0,,,none,Normal ambient weather telemetry with diurnal solar cycles
43150,Visakhapatnam (AWS008),2026-08-18T14:00:00Z,36.88,60.3,1009.91,SYNTHETIC_SIMULATION,SCN_CLEAN_BASELINE,CLEAN_NORMAL,NONE,NONE,NORMAL,0,0,,,none,Normal ambient weather telemetry with diurnal solar cycles
43150,Visakhapatnam (AWS008),2026-08-18T15:00:00Z,36.99,58.9,1009.32,SYNTHETIC_SIMULATION,SCN_CLEAN_BASELINE,CLEAN_NORMAL,NONE,NONE,NORMAL,0,0,,,none,Normal ambient weather telemetry with diurnal solar cycles
43150,Visakhapatnam (AWS008),2026-08-18T16:00:00Z,36.74,59.8,1008.67,SYNTHETIC_SIMULATION,SCN_CLEAN_BASELINE,CLEAN_NORMAL,NONE,NONE,NORMAL,0,0,,,none,Normal ambient weather telemetry with diurnal solar cycles
43150,Visakhapatnam (AWS008),2026-08-18T17:00:00Z,36.13,61.1,1008.14,SYNTHETIC_SIMULATION,SCN_CLEAN_BASELINE,CLEAN_NORMAL,NONE,NONE,NORMAL,0,0,,,none,Normal ambient weather telemetry with diurnal solar cycles
43150,Visakhapatnam (AWS008),2026-08-18T18:00:00Z,34.82,62.5,1007.58,SYNTHETIC_SIMULATION,SCN_CLEAN_BASELINE,CLEAN_NORMAL,NONE,NONE,NORMAL,0,0,,,none,Normal ambient weather telemetry with diurnal solar cycles
43150,Visakhapatnam (AWS008),2026-08-18T19:00:00Z,34.39,66.4,1007.88,SYNTHETIC_SIMULATION,SCN_CLEAN_BASELINE,CLEAN_NORMAL,NONE,NONE,NORMAL,0,0,,,none,Normal ambient weather telemetry with diurnal solar cycles
43150,Visakhapatnam (AWS008),2026-08-18T20:00:00Z,33.1,70.4,1007.91,SYNTHETIC_SIMULATION,SCN_CLEAN_BASELINE,CLEAN_NORMAL,NONE,NONE,NORMAL,0,0,,,none,Normal ambient weather telemetry with diurnal solar cycles
43150,Visakhapatnam (AWS008),2026-08-18T21:00:00Z,31.22,74.2,1008.52,SYNTHETIC_SIMULATION,SCN_CLEAN_BASELINE,CLEAN_NORMAL,NONE,NONE,NORMAL,0,0,,,none,Normal ambient weather telemetry with diurnal solar cycles
43150,Visakhapatnam (AWS008),2026-08-18T22:00:00Z,29.95,78.9,1009.63,SYNTHETIC_SIMULATION,SCN_CLEAN_BASELINE,CLEAN_NORMAL,NONE,NONE,NORMAL,0,0,,,none,Normal ambient weather telemetry with diurnal solar cycles
43150,Visakhapatnam (AWS008),2026-08-18T23:00:00Z,28.99,80.3,1010.18,SYNTHETIC_SIMULATION,SCN_CLEAN_BASELINE,CLEAN_NORMAL,NONE,NONE,NORMAL,0,0,,,none,Normal ambient weather telemetry with diurnal solar cycles
43150,Visakhapatnam (AWS008),2026-08-19T00:00:00Z,28.05,84.2,1010.17,SYNTHETIC_SIMULATION,SCN_CLEAN_BASELINE,CLEAN_NORMAL,NONE,NONE,NORMAL,0,0,,,none,Normal ambient weather telemetry with diurnal solar cycles
43150,Visakhapatnam (AWS008),2026-08-19T01:00:00Z,26.71,87.2,1010.19,SYNTHETIC_SIMULATION,SCN_CLEAN_BASELINE,CLEAN_NORMAL,NONE,NONE,NORMAL,0,0,,,none,Normal ambient weather telemetry with diurnal solar cycles
43150,Visakhapatnam (AWS008),2026-08-19T02:00:00Z,26.77,86.1,1009.54,SYNTHETIC_SIMULATION,SCN_CLEAN_BASELINE,CLEAN_NORMAL,NONE,NONE,NORMAL,0,0,,,none,Normal ambient weather telemetry with diurnal solar cycles
43150,Visakhapatnam (AWS008),2026-08-19T03:00:00Z,26.9,88.4,1009.28,SYNTHETIC_SIMULATION,SCN_CLEAN_BASELINE,CLEAN_NORMAL,NONE,NONE,NORMAL,0,0,,,none,Normal ambient weather telemetry with diurnal solar cycles
43150,Visakhapatnam (AWS008),2026-08-19T04:00:00Z,27.39,86.8,1008.3,SYNTHETIC_SIMULATION,SCN_CLEAN_BASELINE,CLEAN_NORMAL,NONE,NONE,NORMAL,0,0,,,none,Normal ambient weather telemetry with diurnal solar cycles
43150,Visakhapatnam (AWS008),2026-08-19T05:00:00Z,27.59,83.2,1008.0,SYNTHETIC_SIMULATION,SCN_CLEAN_BASELINE,CLEAN_NORMAL,NONE,NONE,NORMAL,0,0,,,none,Normal ambient weather telemetry with diurnal solar cycles
43150,Visakhapatnam (AWS008),2026-08-19T06:00:00Z,29.18,83.9,1007.62,SYNTHETIC_SIMULATION,SCN_CLEAN_BASELINE,CLEAN_NORMAL,NONE,NONE,NORMAL,0,0,,,none,Normal ambient weather telemetry with diurnal solar cycles
43150,Visakhapatnam (AWS008),2026-08-19T07:00:00Z,29.74,77.7,1008.19,SYNTHETIC_SIMULATION,SCN_CLEAN_BASELINE,CLEAN_NORMAL,NONE,NONE,NORMAL,0,0,,,none,Normal ambient weather telemetry with diurnal solar cycles
43150,Visakhapatnam (AWS008),2026-08-19T08:00:00Z,30.61,73.9,1008.6,SYNTHETIC_SIMULATION,SCN_CLEAN_BASELINE,CLEAN_NORMAL,NONE,NONE,NORMAL,0,0,,,none,Normal ambient weather telemetry with diurnal solar cycles
43150,Visakhapatnam (AWS008),2026-08-19T09:00:00Z,32.37,72.0,1009.47,SYNTHETIC_SIMULATION,SCN_CLEAN_BASELINE,CLEAN_NORMAL,NONE,NONE,NORMAL,0,0,,,none,Normal ambient weather telemetry with diurnal solar cycles
43150,Visakhapatnam (AWS008),2026-08-19T10:00:00Z,32.99,68.1,1010.08,SYNTHETIC_SIMULATION,SCN_CLEAN_BASELINE,CLEAN_NORMAL,NONE,NONE,NORMAL,0,0,,,none,Normal ambient weather telemetry with diurnal solar cycles
43150,Visakhapatnam (AWS008),2026-08-19T11:00:00Z,34.57,66.2,1011.09,SYNTHETIC_SIMULATION,SCN_CLEAN_BASELINE,CLEAN_NORMAL,NONE,NONE,NORMAL,0,0,,,none,Normal ambient weather telemetry with diurnal solar cycles
43150,Visakhapatnam (AWS008),2026-08-19T12:00:00Z,35.62,62.5,1010.89,SYNTHETIC_SIMULATION,SCN_CLEAN_BASELINE,CLEAN_NORMAL,NONE,NONE,NORMAL,0,0,,,none,Normal ambient weather telemetry with diurnal solar cycles
43150,Visakhapatnam (AWS008),2026-08-19T13:00:00Z,36.25,60.7,1011.07,SYNTHETIC_SIMULATION,SCN_CLEAN_BASELINE,CLEAN_NORMAL,NONE,NONE,NORMAL,0,0,,,none,Normal ambient weather telemetry with diurnal solar cycles
43150,Visakhapatnam (AWS008),2026-08-19T14:00:00Z,36.58,60.7,1010.82,SYNTHETIC_SIMULATION,SCN_CLEAN_BASELINE,CLEAN_NORMAL,NONE,NONE,NORMAL,0,0,,,none,Normal ambient weather telemetry with diurnal solar cycles
43150,Visakhapatnam (AWS008),2026-08-19T15:00:00Z,36.22,60.3,1010.02,SYNTHETIC_SIMULATION,SCN_CLEAN_BASELINE,CLEAN_NORMAL,NONE,NONE,NORMAL,0,0,,,none,Normal ambient weather telemetry with diurnal solar cycles
43150,Visakhapatnam (AWS008),2026-08-19T16:00:00Z,36.73,59.5,1009.58,SYNTHETIC_SIMULATION,SCN_CLEAN_BASELINE,CLEAN_NORMAL,NONE,NONE,NORMAL,0,0,,,none,Normal ambient weather telemetry with diurnal solar cycles
43150,Visakhapatnam (AWS008),2026-08-19T17:00:00Z,35.16,63.9,1009.12,SYNTHETIC_SIMULATION,SCN_CLEAN_BASELINE,CLEAN_NORMAL,NONE,NONE,NORMAL,0,0,,,none,Normal ambient weather telemetry with diurnal solar cycles
43150,Visakhapatnam (AWS008),2026-08-19T18:00:00Z,34.61,66.1,1009.34,SYNTHETIC_SIMULATION,SCN_CLEAN_BASELINE,CLEAN_NORMAL,NONE,NONE,NORMAL,0,0,,,none,Normal ambient weather telemetry with diurnal solar cycles
43150,Visakhapatnam (AWS008),2026-08-19T19:00:00Z,32.92,68.8,1009.09,SYNTHETIC_SIMULATION,SCN_CLEAN_BASELINE,CLEAN_NORMAL,NONE,NONE,NORMAL,0,0,,,none,Normal ambient weather telemetry with diurnal solar cycles
43150,Visakhapatnam (AWS008),2026-08-19T20:00:00Z,32.06,72.2,1010.29,SYNTHETIC_SIMULATION,SCN_CLEAN_BASELINE,CLEAN_NORMAL,NONE,NONE,NORMAL,0,0,,,none,Normal ambient weather telemetry with diurnal solar cycles
43150,Visakhapatnam (AWS008),2026-08-19T21:00:00Z,30.03,78.6,1010.74,SYNTHETIC_SIMULATION,SCN_CLEAN_BASELINE,CLEAN_NORMAL,NONE,NONE,NORMAL,0,0,,,none,Normal ambient weather telemetry with diurnal solar cycles
43150,Visakhapatnam (AWS008),2026-08-19T22:00:00Z,28.8,81.4,1011.79,SYNTHETIC_SIMULATION,SCN_CLEAN_BASELINE,CLEAN_NORMAL,NONE,NONE,NORMAL,0,0,,,none,Normal ambient weather telemetry with diurnal solar cycles
43150,Visakhapatnam (AWS008),2026-08-19T23:00:00Z,28.03,84.3,1012.16,SYNTHETIC_SIMULATION,SCN_CLEAN_BASELINE,CLEAN_NORMAL,NONE,NONE,NORMAL,0,0,,,none,Normal ambient weather telemetry with diurnal solar cycles
43150,Visakhapatnam (AWS008),2026-08-20T00:00:00Z,26.57,89.3,1012.96,SYNTHETIC_SIMULATION,SCN_CLEAN_BASELINE,CLEAN_NORMAL,NONE,NONE,NORMAL,0,0,,,none,Normal ambient weather telemetry with diurnal solar cycles
43150,Visakhapatnam (AWS008),2026-08-20T01:00:00Z,25.45,87.5,1012.68,SYNTHETIC_SIMULATION,SCN_CLEAN_BASELINE,CLEAN_NORMAL,NONE,NONE,NORMAL,0,0,,,none,Normal ambient weather telemetry with diurnal solar cycles
43150,Visakhapatnam (AWS008),2026-08-20T02:00:00Z,25.46,90.9,1012.22,SYNTHETIC_SIMULATION,SCN_CLEAN_BASELINE,CLEAN_NORMAL,NONE,NONE,NORMAL,0,0,,,none,Normal ambient weather telemetry with diurnal solar cycles
43150,Visakhapatnam (AWS008),2026-08-20T03:00:00Z,25.65,91.4,1012.05,SYNTHETIC_SIMULATION,SCN_CLEAN_BASELINE,CLEAN_NORMAL,NONE,NONE,NORMAL,0,0,,,none,Normal ambient weather telemetry with diurnal solar cycles
43150,Visakhapatnam (AWS008),2026-08-20T04:00:00Z,24.93,91.2,1011.54,SYNTHETIC_SIMULATION,SCN_CLEAN_BASELINE,CLEAN_NORMAL,NONE,NONE,NORMAL,0,0,,,none,Normal ambient weather telemetry with diurnal solar cycles
43150,Visakhapatnam (AWS008),2026-08-20T05:00:00Z,25.67,89.6,1011.03,SYNTHETIC_SIMULATION,SCN_CLEAN_BASELINE,CLEAN_NORMAL,NONE,NONE,NORMAL,0,0,,,none,Normal ambient weather telemetry with diurnal solar cycles
43150,Visakhapatnam (AWS008),2026-08-20T06:00:00Z,26.78,86.5,1011.02,SYNTHETIC_SIMULATION,SCN_CLEAN_BASELINE,CLEAN_NORMAL,NONE,NONE,NORMAL,0,0,,,none,Normal ambient weather telemetry with diurnal solar cycles
43150,Visakhapatnam (AWS008),2026-08-20T07:00:00Z,27.77,84.1,1011.44,SYNTHETIC_SIMULATION,SCN_CLEAN_BASELINE,CLEAN_NORMAL,NONE,NONE,NORMAL,0,0,,,none,Normal ambient weather telemetry with diurnal solar cycles
43150,Visakhapatnam (AWS008),2026-08-20T08:00:00Z,29.16,80.8,1011.98,SYNTHETIC_SIMULATION,SCN_CLEAN_BASELINE,CLEAN_NORMAL,NONE,NONE,NORMAL,0,0,,,none,Normal ambient weather telemetry with diurnal solar cycles
43150,Visakhapatnam (AWS008),2026-08-20T09:00:00Z,30.4,77.2,1013.04,SYNTHETIC_SIMULATION,SCN_CLEAN_BASELINE,CLEAN_NORMAL,NONE,NONE,NORMAL,0,0,,,none,Normal ambient weather telemetry with diurnal solar cycles
43150,Visakhapatnam (AWS008),2026-08-20T10:00:00Z,31.3,74.7,1013.81,SYNTHETIC_SIMULATION,SCN_CLEAN_BASELINE,CLEAN_NORMAL,NONE,NONE,NORMAL,0,0,,,none,Normal ambient weather telemetry with diurnal solar cycles
43150,Visakhapatnam (AWS008),2026-08-20T11:00:00Z,31.96,68.4,1014.71,SYNTHETIC_SIMULATION,SCN_CLEAN_BASELINE,CLEAN_NORMAL,NONE,NONE,NORMAL,0,0,,,none,Normal ambient weather telemetry with diurnal solar cycles
43150,Visakhapatnam (AWS008),2026-08-20T12:00:00Z,33.46,69.1,1014.46,SYNTHETIC_SIMULATION,SCN_CLEAN_BASELINE,CLEAN_NORMAL,NONE,NONE,NORMAL,0,0,,,none,Normal ambient weather telemetry with diurnal solar cycles
43150,Visakhapatnam (AWS008),2026-08-20T13:00:00Z,34.08,67.3,1014.53,SYNTHETIC_SIMULATION,SCN_CLEAN_BASELINE,CLEAN_NORMAL,NONE,NONE,NORMAL,0,0,,,none,Normal ambient weather telemetry with diurnal solar cycles
43150,Visakhapatnam (AWS008),2026-08-20T14:00:00Z,33.45,64.0,1014.48,SYNTHETIC_SIMULATION,SCN_CLEAN_BASELINE,CLEAN_NORMAL,NONE,NONE,NORMAL,0,0,,,none,Normal ambient weather telemetry with diurnal solar cycles
43150,Visakhapatnam (AWS008),2026-08-20T15:00:00Z,34.19,67.9,1014.13,SYNTHETIC_SIMULATION,SCN_CLEAN_BASELINE,CLEAN_NORMAL,NONE,NONE,NORMAL,0,0,,,none,Normal ambient weather telemetry with diurnal solar cycles
43150,Visakhapatnam (AWS008),2026-08-20T16:00:00Z,33.7,67.6,,SYNTHETIC_SIMULATION,SCN_CLEAN_BASELINE,CLEAN_NORMAL,NONE,NONE,NORMAL,0,0,,,none,Normal ambient weather telemetry with diurnal solar cycles
43150,Visakhapatnam (AWS008),2026-08-20T17:00:00Z,33.16,69.1,1013.3,SYNTHETIC_SIMULATION,SCN_CLEAN_BASELINE,CLEAN_NORMAL,NONE,NONE,NORMAL,0,0,,,none,Normal ambient weather telemetry with diurnal solar cycles
43150,Visakhapatnam (AWS008),2026-08-20T18:00:00Z,31.92,71.1,1013.05,SYNTHETIC_SIMULATION,SCN_CLEAN_BASELINE,CLEAN_NORMAL,NONE,NONE,NORMAL,0,0,,,none,Normal ambient weather telemetry with diurnal solar cycles
43150,Visakhapatnam (AWS008),2026-08-20T19:00:00Z,30.52,75.4,1013.24,SYNTHETIC_SIMULATION,SCN_CLEAN_BASELINE,CLEAN_NORMAL,NONE,NONE,NORMAL,0,0,,,none,Normal ambient weather telemetry with diurnal solar cycles
43150,Visakhapatnam (AWS008),2026-08-20T20:00:00Z,28.99,79.3,1013.71,SYNTHETIC_SIMULATION,SCN_CLEAN_BASELINE,CLEAN_NORMAL,NONE,NONE,NORMAL,0,0,,,none,Normal ambient weather telemetry with diurnal solar cycles
43150,Visakhapatnam (AWS008),2026-08-20T21:00:00Z,27.7,82.2,1014.88,SYNTHETIC_SIMULATION,SCN_CLEAN_BASELINE,CLEAN_NORMAL,NONE,NONE,NORMAL,0,0,,,none,Normal ambient weather telemetry with diurnal solar cycles
43150,Visakhapatnam (AWS008),2026-08-20T22:00:00Z,26.4,87.4,1015.21,SYNTHETIC_SIMULATION,SCN_CLEAN_BASELINE,CLEAN_NORMAL,NONE,NONE,NORMAL,0,0,,,none,Normal ambient weather telemetry with diurnal solar cycles
43150,Visakhapatnam (AWS008),2026-08-20T23:00:00Z,24.76,89.4,1016.38,SYNTHETIC_SIMULATION,SCN_CLEAN_BASELINE,CLEAN_NORMAL,NONE,NONE,NORMAL,0,0,,,none,Normal ambient weather telemetry with diurnal solar cycles
43150,Visakhapatnam (AWS008),2026-08-21T00:00:00Z,25.15,94.0,1016.63,SYNTHETIC_SIMULATION,SCN_CLEAN_BASELINE,CLEAN_NORMAL,NONE,NONE,NORMAL,0,0,,,none,Normal ambient weather telemetry with diurnal solar cycles
43150,Visakhapatnam (AWS008),2026-08-21T01:00:00Z,23.35,94.4,1016.31,SYNTHETIC_SIMULATION,SCN_CLEAN_BASELINE,CLEAN_NORMAL,NONE,NONE,NORMAL,0,0,,,none,Normal ambient weather telemetry with diurnal solar cycles
43150,Visakhapatnam (AWS008),2026-08-21T02:00:00Z,23.58,95.1,1015.73,SYNTHETIC_SIMULATION,SCN_CLEAN_BASELINE,CLEAN_NORMAL,NONE,NONE,NORMAL,0,0,,,none,Normal ambient weather telemetry with diurnal solar cycles
43150,Visakhapatnam (AWS008),2026-08-21T03:00:00Z,22.84,95.2,1015.85,SYNTHETIC_SIMULATION,SCN_CLEAN_BASELINE,CLEAN_NORMAL,NONE,NONE,NORMAL,0,0,,,none,Normal ambient weather telemetry with diurnal solar cycles
43150,Visakhapatnam (AWS008),2026-08-21T04:00:00Z,22.73,96.9,1014.82,SYNTHETIC_SIMULATION,SCN_CLEAN_BASELINE,CLEAN_NORMAL,NONE,NONE,NORMAL,0,0,,,none,Normal ambient weather telemetry with diurnal solar cycles
43150,Visakhapatnam (AWS008),2026-08-21T05:00:00Z,23.34,91.5,1014.07,SYNTHETIC_SIMULATION,SCN_CLEAN_BASELINE,CLEAN_NORMAL,NONE,NONE,NORMAL,0,0,,,none,Normal ambient weather telemetry with diurnal solar cycles
43150,Visakhapatnam (AWS008),2026-08-21T06:00:00Z,24.31,91.4,1014.38,SYNTHETIC_SIMULATION,SCN_CLEAN_BASELINE,CLEAN_NORMAL,NONE,NONE,NORMAL,0,0,,,none,Normal ambient weather telemetry with diurnal solar cycles
43150,Visakhapatnam (AWS008),2026-08-21T07:00:00Z,25.67,88.5,1014.78,SYNTHETIC_SIMULATION,SCN_CLEAN_BASELINE,CLEAN_NORMAL,NONE,NONE,NORMAL,0,0,,,none,Normal ambient weather telemetry with diurnal solar cycles
43150,Visakhapatnam (AWS008),2026-08-21T08:00:00Z,27.54,85.8,1014.66,SYNTHETIC_SIMULATION,SCN_CLEAN_BASELINE,CLEAN_NORMAL,NONE,NONE,NORMAL,0,0,,,none,Normal ambient weather telemetry with diurnal solar cycles
43150,Visakhapatnam (AWS008),2026-08-21T09:00:00Z,28.3,80.8,1016.01,SYNTHETIC_SIMULATION,SCN_CLEAN_BASELINE,CLEAN_NORMAL,NONE,NONE,NORMAL,0,0,,,none,Normal ambient weather telemetry with diurnal solar cycles
43150,Visakhapatnam (AWS008),2026-08-21T10:00:00Z,29.2,75.8,1016.37,SYNTHETIC_SIMULATION,SCN_CLEAN_BASELINE,CLEAN_NORMAL,NONE,NONE,NORMAL,0,0,,,none,Normal ambient weather telemetry with diurnal solar cycles
43150,Visakhapatnam (AWS008),2026-08-21T11:00:00Z,30.55,75.4,1017.23,SYNTHETIC_SIMULATION,SCN_CLEAN_BASELINE,CLEAN_NORMAL,NONE,NONE,NORMAL,0,0,,,none,Normal ambient weather telemetry with diurnal solar cycles
43150,Visakhapatnam (AWS008),2026-08-21T12:00:00Z,31.71,70.0,1017.97,SYNTHETIC_SIMULATION,SCN_CLEAN_BASELINE,CLEAN_NORMAL,NONE,NONE,NORMAL,0,0,,,none,Normal ambient weather telemetry with diurnal solar cycles
43150,Visakhapatnam (AWS008),2026-08-21T13:00:00Z,32.48,70.8,1017.23,SYNTHETIC_SIMULATION,SCN_CLEAN_BASELINE,CLEAN_NORMAL,NONE,NONE,NORMAL,0,0,,,none,Normal ambient weather telemetry with diurnal solar cycles
43150,Visakhapatnam (AWS008),2026-08-21T14:00:00Z,32.52,68.8,1016.72,SYNTHETIC_SIMULATION,SCN_CLEAN_BASELINE,CLEAN_NORMAL,NONE,NONE,NORMAL,0,0,,,none,Normal ambient weather telemetry with diurnal solar cycles
43150,Visakhapatnam (AWS008),2026-08-21T15:00:00Z,32.77,68.4,1016.13,SYNTHETIC_SIMULATION,SCN_CLEAN_BASELINE,CLEAN_NORMAL,NONE,NONE,NORMAL,0,0,,,none,Normal ambient weather telemetry with diurnal solar cycles
43150,Visakhapatnam (AWS008),2026-08-21T16:00:00Z,33.04,70.0,1015.25,SYNTHETIC_SIMULATION,SCN_CLEAN_BASELINE,CLEAN_NORMAL,NONE,NONE,NORMAL,0,0,,,none,Normal ambient weather telemetry with diurnal solar cycles
43150,Visakhapatnam (AWS008),2026-08-21T17:00:00Z,31.47,75.4,1015.2,SYNTHETIC_SIMULATION,SCN_CLEAN_BASELINE,CLEAN_NORMAL,NONE,NONE,NORMAL,0,0,,,none,Normal ambient weather telemetry with diurnal solar cycles
43150,Visakhapatnam (AWS008),2026-08-21T18:00:00Z,30.61,74.1,1014.6,SYNTHETIC_SIMULATION,SCN_CLEAN_BASELINE,CLEAN_NORMAL,NONE,NONE,NORMAL,0,0,,,none,Normal ambient weather telemetry with diurnal solar cycles
43150,Visakhapatnam (AWS008),2026-08-21T19:00:00Z,29.82,80.7,1014.87,SYNTHETIC_SIMULATION,SCN_CLEAN_BASELINE,CLEAN_NORMAL,NONE,NONE,NORMAL,0,0,,,none,Normal ambient weather telemetry with diurnal solar cycles
43150,Visakhapatnam (AWS008),2026-08-21T20:00:00Z,27.88,83.0,1015.57,SYNTHETIC_SIMULATION,SCN_CLEAN_BASELINE,CLEAN_NORMAL,NONE,NONE,NORMAL,0,0,,,none,Normal ambient weather telemetry with diurnal solar cycles
43150,Visakhapatnam (AWS008),2026-08-21T21:00:00Z,26.46,83.6,1015.94,SYNTHETIC_SIMULATION,SCN_CLEAN_BASELINE,CLEAN_NORMAL,NONE,NONE,NORMAL,0,0,,,none,Normal ambient weather telemetry with diurnal solar cycles
43150,Visakhapatnam (AWS008),2026-08-21T22:00:00Z,25.08,88.1,1016.07,SYNTHETIC_SIMULATION,SCN_CLEAN_BASELINE,CLEAN_NORMAL,NONE,NONE,NORMAL,0,0,,,none,Normal ambient weather telemetry with diurnal solar cycles
43150,Visakhapatnam (AWS008),2026-08-21T23:00:00Z,24.69,91.7,1016.62,SYNTHETIC_SIMULATION,SCN_CLEAN_BASELINE,CLEAN_NORMAL,NONE,NONE,NORMAL,0,0,,,none,Normal ambient weather telemetry with diurnal solar cycles
43150,Visakhapatnam (AWS008),2026-08-22T00:00:00Z,22.93,92.9,1016.86,SYNTHETIC_SIMULATION,SCN_CLEAN_BASELINE,CLEAN_NORMAL,NONE,NONE,NORMAL,0,0,,,none,Normal ambient weather telemetry with diurnal solar cycles
43150,Visakhapatnam (AWS008),2026-08-22T01:00:00Z,23.17,95.3,1016.24,SYNTHETIC_SIMULATION,SCN_CLEAN_BASELINE,CLEAN_NORMAL,NONE,NONE,NORMAL,0,0,,,none,Normal ambient weather telemetry with diurnal solar cycles
43150,Visakhapatnam (AWS008),2026-08-22T02:00:00Z,22.47,98.0,1016.33,SYNTHETIC_SIMULATION,SCN_CLEAN_BASELINE,CLEAN_NORMAL,NONE,NONE,NORMAL,0,0,,,none,Normal ambient weather telemetry with diurnal solar cycles
43150,Visakhapatnam (AWS008),2026-08-22T03:00:00Z,22.43,97.9,1015.43,SYNTHETIC_SIMULATION,SCN_CLEAN_BASELINE,CLEAN_NORMAL,NONE,NONE,NORMAL,0,0,,,none,Normal ambient weather telemetry with diurnal solar cycles
43150,Visakhapatnam (AWS008),2026-08-22T04:00:00Z,23.36,97.6,1014.52,SYNTHETIC_SIMULATION,SCN_CLEAN_BASELINE,CLEAN_NORMAL,NONE,NONE,NORMAL,0,0,,,none,Normal ambient weather telemetry with diurnal solar cycles
43150,Visakhapatnam (AWS008),2026-08-22T05:00:00Z,24.18,94.9,1014.03,SYNTHETIC_SIMULATION,SCN_CLEAN_BASELINE,CLEAN_NORMAL,NONE,NONE,NORMAL,0,0,,,none,Normal ambient weather telemetry with diurnal solar cycles
43150,Visakhapatnam (AWS008),2026-08-22T06:00:00Z,25.24,91.2,1013.7,SYNTHETIC_SIMULATION,SCN_CLEAN_BASELINE,CLEAN_NORMAL,NONE,NONE,NORMAL,0,0,,,none,Normal ambient weather telemetry with diurnal solar cycles
43150,Visakhapatnam (AWS008),2026-08-22T07:00:00Z,26.7,87.8,1013.52,SYNTHETIC_SIMULATION,SCN_CLEAN_BASELINE,CLEAN_NORMAL,NONE,NONE,NORMAL,0,0,,,none,Normal ambient weather telemetry with diurnal solar cycles
43150,Visakhapatnam (AWS008),2026-08-22T08:00:00Z,27.57,85.5,1013.93,SYNTHETIC_SIMULATION,SCN_CLEAN_BASELINE,CLEAN_NORMAL,NONE,NONE,NORMAL,0,0,,,none,Normal ambient weather telemetry with diurnal solar cycles
43150,Visakhapatnam (AWS008),2026-08-22T09:00:00Z,29.02,79.8,1014.86,SYNTHETIC_SIMULATION,SCN_CLEAN_BASELINE,CLEAN_NORMAL,NONE,NONE,NORMAL,0,0,,,none,Normal ambient weather telemetry with diurnal solar cycles
43150,Visakhapatnam (AWS008),2026-08-22T10:00:00Z,30.3,76.1,1015.19,SYNTHETIC_SIMULATION,SCN_CLEAN_BASELINE,CLEAN_NORMAL,NONE,NONE,NORMAL,0,0,,,none,Normal ambient weather telemetry with diurnal solar cycles
43150,Visakhapatnam (AWS008),2026-08-22T11:00:00Z,32.27,72.3,1015.67,SYNTHETIC_SIMULATION,SCN_CLEAN_BASELINE,CLEAN_NORMAL,NONE,NONE,NORMAL,0,0,,,none,Normal ambient weather telemetry with diurnal solar cycles
43150,Visakhapatnam (AWS008),2026-08-22T12:00:00Z,32.65,68.4,1015.48,SYNTHETIC_SIMULATION,SCN_CLEAN_BASELINE,CLEAN_NORMAL,NONE,NONE,NORMAL,0,0,,,none,Normal ambient weather telemetry with diurnal solar cycles
43150,Visakhapatnam (AWS008),2026-08-22T13:00:00Z,32.72,65.5,1015.28,SYNTHETIC_SIMULATION,SCN_CLEAN_BASELINE,CLEAN_NORMAL,NONE,NONE,NORMAL,0,0,,,none,Normal ambient weather telemetry with diurnal solar cycles
43150,Visakhapatnam (AWS008),2026-08-22T14:00:00Z,33.73,64.0,1014.6,SYNTHETIC_SIMULATION,SCN_CLEAN_BASELINE,CLEAN_NORMAL,NONE,NONE,NORMAL,0,0,,,none,Normal ambient weather telemetry with diurnal solar cycles
43150,Visakhapatnam (AWS008),2026-08-22T15:00:00Z,33.99,67.1,1013.77,SYNTHETIC_SIMULATION,SCN_CLEAN_BASELINE,CLEAN_NORMAL,NONE,NONE,NORMAL,0,0,,,none,Normal ambient weather telemetry with diurnal solar cycles
43150,Visakhapatnam (AWS008),2026-08-22T16:00:00Z,33.92,67.7,1013.19,SYNTHETIC_SIMULATION,SCN_CLEAN_BASELINE,CLEAN_NORMAL,NONE,NONE,NORMAL,0,0,,,none,Normal ambient weather telemetry with diurnal solar cycles
43150,Visakhapatnam (AWS008),2026-08-22T17:00:00Z,32.22,67.2,1012.67,SYNTHETIC_SIMULATION,SCN_CLEAN_BASELINE,CLEAN_NORMAL,NONE,NONE,NORMAL,0,0,,,none,Normal ambient weather telemetry with diurnal solar cycles
43150,Visakhapatnam (AWS008),2026-08-22T18:00:00Z,31.98,71.2,1012.04,SYNTHETIC_SIMULATION,SCN_CLEAN_BASELINE,CLEAN_NORMAL,NONE,NONE,NORMAL,0,0,,,none,Normal ambient weather telemetry with diurnal solar cycles
43150,Visakhapatnam (AWS008),2026-08-22T19:00:00Z,31.09,73.1,1011.99,SYNTHETIC_SIMULATION,SCN_CLEAN_BASELINE,CLEAN_NORMAL,NONE,NONE,NORMAL,0,0,,,none,Normal ambient weather telemetry with diurnal solar cycles
43150,Visakhapatnam (AWS008),2026-08-22T20:00:00Z,29.75,76.8,1012.35,SYNTHETIC_SIMULATION,SCN_CLEAN_BASELINE,CLEAN_NORMAL,NONE,NONE,NORMAL,0,0,,,none,Normal ambient weather telemetry with diurnal solar cycles
43150,Visakhapatnam (AWS008),2026-08-22T21:00:00Z,28.58,81.5,1013.17,SYNTHETIC_SIMULATION,SCN_CLEAN_BASELINE,CLEAN_NORMAL,NONE,NONE,NORMAL,0,0,,,none,Normal ambient weather telemetry with diurnal solar cycles
43150,Visakhapatnam (AWS008),2026-08-22T22:00:00Z,28.25,83.3,1013.36,SYNTHETIC_SIMULATION,SCN_CLEAN_BASELINE,CLEAN_NORMAL,NONE,NONE,NORMAL,0,0,,,none,Normal ambient weather telemetry with diurnal solar cycles
43150,Visakhapatnam (AWS008),2026-08-22T23:00:00Z,26.35,87.4,1013.73,SYNTHETIC_SIMULATION,SCN_CLEAN_BASELINE,CLEAN_NORMAL,NONE,NONE,NORMAL,0,0,,,none,Normal ambient weather telemetry with diurnal solar cycles
43150,Visakhapatnam (AWS008),2026-08-23T00:00:00Z,26.35,88.7,1013.89,SYNTHETIC_SIMULATION,SCN_CLEAN_BASELINE,CLEAN_NORMAL,NONE,NONE,NORMAL,0,0,,,none,Normal ambient weather telemetry with diurnal solar cycles
43150,Visakhapatnam (AWS008),2026-08-23T01:00:00Z,25.04,89.9,1013.46,SYNTHETIC_SIMULATION,SCN_CLEAN_BASELINE,CLEAN_NORMAL,NONE,NONE,NORMAL,0,0,,,none,Normal ambient weather telemetry with diurnal solar cycles
43150,Visakhapatnam (AWS008),2026-08-23T02:00:00Z,25.02,91.1,1012.69,SYNTHETIC_SIMULATION,SCN_CLEAN_BASELINE,CLEAN_NORMAL,NONE,NONE,NORMAL,0,0,,,none,Normal ambient weather telemetry with diurnal solar cycles
43150,Visakhapatnam (AWS008),2026-08-23T03:00:00Z,24.89,91.3,1012.19,SYNTHETIC_SIMULATION,SCN_CLEAN_BASELINE,CLEAN_NORMAL,NONE,NONE,NORMAL,0,0,,,none,Normal ambient weather telemetry with diurnal solar cycles
43150,Visakhapatnam (AWS008),2026-08-23T04:00:00Z,25.67,89.9,1011.15,SYNTHETIC_SIMULATION,SCN_CLEAN_BASELINE,CLEAN_NORMAL,NONE,NONE,NORMAL,0,0,,,none,Normal ambient weather telemetry with diurnal solar cycles
43150,Visakhapatnam (AWS008),2026-08-23T05:00:00Z,26.7,89.0,1010.26,SYNTHETIC_SIMULATION,SCN_CLEAN_BASELINE,CLEAN_NORMAL,NONE,NONE,NORMAL,0,0,,,none,Normal ambient weather telemetry with diurnal solar cycles
43150,Visakhapatnam (AWS008),2026-08-23T06:00:00Z,26.68,85.4,1010.14,SYNTHETIC_SIMULATION,SCN_CLEAN_BASELINE,CLEAN_NORMAL,NONE,NONE,NORMAL,0,0,,,none,Normal ambient weather telemetry with diurnal solar cycles
43150,Visakhapatnam (AWS008),2026-08-23T07:00:00Z,28.69,81.7,1010.07,SYNTHETIC_SIMULATION,SCN_CLEAN_BASELINE,CLEAN_NORMAL,NONE,NONE,NORMAL,0,0,,,none,Normal ambient weather telemetry with diurnal solar cycles
43150,Visakhapatnam (AWS008),2026-08-23T08:00:00Z,30.07,79.4,1010.42,SYNTHETIC_SIMULATION,SCN_CLEAN_BASELINE,CLEAN_NORMAL,NONE,NONE,NORMAL,0,0,,,none,Normal ambient weather telemetry with diurnal solar cycles
43150,Visakhapatnam (AWS008),2026-08-23T09:00:00Z,31.16,73.4,1010.78,SYNTHETIC_SIMULATION,SCN_CLEAN_BASELINE,CLEAN_NORMAL,NONE,NONE,NORMAL,0,0,,,none,Normal ambient weather telemetry with diurnal solar cycles
43150,Visakhapatnam (AWS008),2026-08-23T10:00:00Z,32.59,69.8,1011.44,SYNTHETIC_SIMULATION,SCN_CLEAN_BASELINE,CLEAN_NORMAL,NONE,NONE,NORMAL,0,0,,,none,Normal ambient weather telemetry with diurnal solar cycles
43150,Visakhapatnam (AWS008),2026-08-23T11:00:00Z,33.61,67.0,1011.93,SYNTHETIC_SIMULATION,SCN_CLEAN_BASELINE,CLEAN_NORMAL,NONE,NONE,NORMAL,0,0,,,none,Normal ambient weather telemetry with diurnal solar cycles
43150,Visakhapatnam (AWS008),2026-08-23T12:00:00Z,35.44,65.5,1011.75,SYNTHETIC_SIMULATION,SCN_CLEAN_BASELINE,CLEAN_NORMAL,NONE,NONE,NORMAL,0,0,,,none,Normal ambient weather telemetry with diurnal solar cycles
43150,Visakhapatnam (AWS008),2026-08-23T13:00:00Z,35.94,62.9,1011.65,SYNTHETIC_SIMULATION,SCN_CLEAN_BASELINE,CLEAN_NORMAL,NONE,NONE,NORMAL,0,0,,,none,Normal ambient weather telemetry with diurnal solar cycles
43150,Visakhapatnam (AWS008),2026-08-23T14:00:00Z,36.21,58.5,1011.18,SYNTHETIC_SIMULATION,SCN_CLEAN_BASELINE,CLEAN_NORMAL,NONE,NONE,NORMAL,0,0,,,none,Normal ambient weather telemetry with diurnal solar cycles
43150,Visakhapatnam (AWS008),2026-08-23T15:00:00Z,36.52,59.9,1010.09,SYNTHETIC_SIMULATION,SCN_CLEAN_BASELINE,CLEAN_NORMAL,NONE,NONE,NORMAL,0,0,,,none,Normal ambient weather telemetry with diurnal solar cycles
43150,Visakhapatnam (AWS008),2026-08-23T16:00:00Z,35.34,62.9,1009.19,SYNTHETIC_SIMULATION,SCN_CLEAN_BASELINE,CLEAN_NORMAL,NONE,NONE,NORMAL,0,0,,,none,Normal ambient weather telemetry with diurnal solar cycles
43150,Visakhapatnam (AWS008),2026-08-23T17:00:00Z,35.76,63.4,1009.02,SYNTHETIC_SIMULATION,SCN_CLEAN_BASELINE,CLEAN_NORMAL,NONE,NONE,NORMAL,0,0,,,none,Normal ambient weather telemetry with diurnal solar cycles
43150,Visakhapatnam (AWS008),2026-08-23T18:00:00Z,34.1,64.7,1008.74,SYNTHETIC_SIMULATION,SCN_CLEAN_BASELINE,CLEAN_NORMAL,NONE,NONE,NORMAL,0,0,,,none,Normal ambient weather telemetry with diurnal solar cycles
43150,Visakhapatnam (AWS008),2026-08-23T19:00:00Z,33.82,70.0,1008.1,SYNTHETIC_SIMULATION,SCN_CLEAN_BASELINE,CLEAN_NORMAL,NONE,NONE,NORMAL,0,0,,,none,Normal ambient weather telemetry with diurnal solar cycles
43150,Visakhapatnam (AWS008),2026-08-23T20:00:00Z,32.87,71.3,1009.04,SYNTHETIC_SIMULATION,SCN_CLEAN_BASELINE,CLEAN_NORMAL,NONE,NONE,NORMAL,0,0,,,none,Normal ambient weather telemetry with diurnal solar cycles
43150,Visakhapatnam (AWS008),2026-08-23T21:00:00Z,31.2,76.6,1009.57,SYNTHETIC_SIMULATION,SCN_CLEAN_BASELINE,CLEAN_NORMAL,NONE,NONE,NORMAL,0,0,,,none,Normal ambient weather telemetry with diurnal solar cycles
43150,Visakhapatnam (AWS008),2026-08-23T22:00:00Z,29.31,76.5,1010.11,SYNTHETIC_SIMULATION,SCN_CLEAN_BASELINE,CLEAN_NORMAL,NONE,NONE,NORMAL,0,0,,,none,Normal ambient weather telemetry with diurnal solar cycles
43150,Visakhapatnam (AWS008),2026-08-23T23:00:00Z,28.36,82.6,1010.31,SYNTHETIC_SIMULATION,SCN_CLEAN_BASELINE,CLEAN_NORMAL,NONE,NONE,NORMAL,0,0,,,none,Normal ambient weather telemetry with diurnal solar cycles
43150,Visakhapatnam (AWS008),2026-08-24T00:00:00Z,27.88,84.2,1010.46,SYNTHETIC_SIMULATION,SCN_CLEAN_BASELINE,CLEAN_NORMAL,NONE,NONE,NORMAL,0,0,,,none,Normal ambient weather telemetry with diurnal solar cycles
43150,Visakhapatnam (AWS008),2026-08-24T01:00:00Z,27.67,84.6,1010.37,SYNTHETIC_SIMULATION,SCN_CLEAN_BASELINE,CLEAN_NORMAL,NONE,NONE,NORMAL,0,0,,,none,Normal ambient weather telemetry with diurnal solar cycles
43150,Visakhapatnam (AWS008),2026-08-24T02:00:00Z,27.38,87.1,1009.79,SYNTHETIC_SIMULATION,SCN_CLEAN_BASELINE,CLEAN_NORMAL,NONE,NONE,NORMAL,0,0,,,none,Normal ambient weather telemetry with diurnal solar cycles
43150,Visakhapatnam (AWS008),2026-08-24T03:00:00Z,26.5,85.6,1009.31,SYNTHETIC_SIMULATION,SCN_CLEAN_BASELINE,CLEAN_NORMAL,NONE,NONE,NORMAL,0,0,,,none,Normal ambient weather telemetry with diurnal solar cycles
43150,Visakhapatnam (AWS008),2026-08-24T04:00:00Z,27.13,85.3,1008.37,SYNTHETIC_SIMULATION,SCN_CLEAN_BASELINE,CLEAN_NORMAL,NONE,NONE,NORMAL,0,0,,,none,Normal ambient weather telemetry with diurnal solar cycles
43150,Visakhapatnam (AWS008),2026-08-24T05:00:00Z,27.57,84.0,1007.77,SYNTHETIC_SIMULATION,SCN_CLEAN_BASELINE,CLEAN_NORMAL,NONE,NONE,NORMAL,0,0,,,none,Normal ambient weather telemetry with diurnal solar cycles
43150,Visakhapatnam (AWS008),2026-08-24T06:00:00Z,29.09,80.4,1007.86,SYNTHETIC_SIMULATION,SCN_CLEAN_BASELINE,CLEAN_NORMAL,NONE,NONE,NORMAL,0,0,,,none,Normal ambient weather telemetry with diurnal solar cycles
43150,Visakhapatnam (AWS008),2026-08-24T07:00:00Z,29.93,79.7,1007.7,SYNTHETIC_SIMULATION,SCN_CLEAN_BASELINE,CLEAN_NORMAL,NONE,NONE,NORMAL,0,0,,,none,Normal ambient weather telemetry with diurnal solar cycles
43150,Visakhapatnam (AWS008),2026-08-24T08:00:00Z,31.44,73.4,1008.2,SYNTHETIC_SIMULATION,SCN_CLEAN_BASELINE,CLEAN_NORMAL,NONE,NONE,NORMAL,0,0,,,none,Normal ambient weather telemetry with diurnal solar cycles
43150,Visakhapatnam (AWS008),2026-08-24T09:00:00Z,32.46,69.0,1008.86,SYNTHETIC_SIMULATION,SCN_CLEAN_BASELINE,CLEAN_NORMAL,NONE,NONE,NORMAL,0,0,,,none,Normal ambient weather telemetry with diurnal solar cycles
43150,Visakhapatnam (AWS008),2026-08-24T10:00:00Z,34.02,68.0,1010.11,SYNTHETIC_SIMULATION,SCN_CLEAN_BASELINE,CLEAN_NORMAL,NONE,NONE,NORMAL,0,0,,,none,Normal ambient weather telemetry with diurnal solar cycles
43150,Visakhapatnam (AWS008),2026-08-24T11:00:00Z,35.27,63.8,1009.99,SYNTHETIC_SIMULATION,SCN_CLEAN_BASELINE,CLEAN_NORMAL,NONE,NONE,NORMAL,0,0,,,none,Normal ambient weather telemetry with diurnal solar cycles
43150,Visakhapatnam (AWS008),2026-08-24T12:00:00Z,36.72,61.9,1009.84,SYNTHETIC_SIMULATION,SCN_CLEAN_BASELINE,CLEAN_NORMAL,NONE,NONE,NORMAL,0,0,,,none,Normal ambient weather telemetry with diurnal solar cycles
43150,Visakhapatnam (AWS008),2026-08-24T13:00:00Z,37.04,59.1,1010.29,SYNTHETIC_SIMULATION,SCN_CLEAN_BASELINE,CLEAN_NORMAL,NONE,NONE,NORMAL,0,0,,,none,Normal ambient weather telemetry with diurnal solar cycles
43150,Visakhapatnam (AWS008),2026-08-24T14:00:00Z,37.43,58.7,1009.72,SYNTHETIC_SIMULATION,SCN_CLEAN_BASELINE,CLEAN_NORMAL,NONE,NONE,NORMAL,0,0,,,none,Normal ambient weather telemetry with diurnal solar cycles
43150,Visakhapatnam (AWS008),2026-08-24T15:00:00Z,36.91,58.0,1008.9,SYNTHETIC_SIMULATION,SCN_CLEAN_BASELINE,CLEAN_NORMAL,NONE,NONE,NORMAL,0,0,,,none,Normal ambient weather telemetry with diurnal solar cycles
43150,Visakhapatnam (AWS008),2026-08-24T16:00:00Z,36.33,60.0,1008.25,SYNTHETIC_SIMULATION,SCN_CLEAN_BASELINE,CLEAN_NORMAL,NONE,NONE,NORMAL,0,0,,,none,Normal ambient weather telemetry with diurnal solar cycles
43150,Visakhapatnam (AWS008),2026-08-24T17:00:00Z,36.12,60.0,1007.85,SYNTHETIC_SIMULATION,SCN_CLEAN_BASELINE,CLEAN_NORMAL,NONE,NONE,NORMAL,0,0,,,none,Normal ambient weather telemetry with diurnal solar cycles
43150,Visakhapatnam (AWS008),2026-08-24T18:00:00Z,34.87,65.6,1007.74,SYNTHETIC_SIMULATION,SCN_CLEAN_BASELINE,CLEAN_NORMAL,NONE,NONE,NORMAL,0,0,,,none,Normal ambient weather telemetry with diurnal solar cycles
43150,Visakhapatnam (AWS008),2026-08-24T19:00:00Z,34.48,68.4,1007.82,SYNTHETIC_SIMULATION,SCN_CLEAN_BASELINE,CLEAN_NORMAL,NONE,NONE,NORMAL,0,0,,,none,Normal ambient weather telemetry with diurnal solar cycles
43150,Visakhapatnam (AWS008),2026-08-24T20:00:00Z,32.11,72.7,1008.93,SYNTHETIC_SIMULATION,SCN_CLEAN_BASELINE,CLEAN_NORMAL,NONE,NONE,NORMAL,0,0,,,none,Normal ambient weather telemetry with diurnal solar cycles
43150,Visakhapatnam (AWS008),2026-08-24T21:00:00Z,31.64,74.9,1009.63,SYNTHETIC_SIMULATION,SCN_CLEAN_BASELINE,CLEAN_NORMAL,NONE,NONE,NORMAL,0,0,,,none,Normal ambient weather telemetry with diurnal solar cycles
43150,Visakhapatnam (AWS008),2026-08-24T22:00:00Z,29.1,80.6,1009.99,SYNTHETIC_SIMULATION,SCN_CLEAN_BASELINE,CLEAN_NORMAL,NONE,NONE,NORMAL,0,0,,,none,Normal ambient weather telemetry with diurnal solar cycles
43150,Visakhapatnam (AWS008),2026-08-24T23:00:00Z,28.05,83.3,1010.49,SYNTHETIC_SIMULATION,SCN_CLEAN_BASELINE,CLEAN_NORMAL,NONE,NONE,NORMAL,0,0,,,none,Normal ambient weather telemetry with diurnal solar cycles
43150,Visakhapatnam (AWS008),2026-08-25T00:00:00Z,27.33,84.3,1011.4,SYNTHETIC_SIMULATION,SCN_CLEAN_BASELINE,CLEAN_NORMAL,NONE,NONE,NORMAL,0,0,,,none,Normal ambient weather telemetry with diurnal solar cycles
43150,Visakhapatnam (AWS008),2026-08-25T01:00:00Z,26.63,86.9,1010.77,SYNTHETIC_SIMULATION,SCN_CLEAN_BASELINE,CLEAN_NORMAL,NONE,NONE,NORMAL,0,0,,,none,Normal ambient weather telemetry with diurnal solar cycles
43150,Visakhapatnam (AWS008),2026-08-25T02:00:00Z,26.34,89.1,1010.62,SYNTHETIC_SIMULATION,SCN_CLEAN_BASELINE,CLEAN_NORMAL,NONE,NONE,NORMAL,0,0,,,none,Normal ambient weather telemetry with diurnal solar cycles
43150,Visakhapatnam (AWS008),2026-08-25T03:00:00Z,25.74,89.4,1010.22,SYNTHETIC_SIMULATION,SCN_CLEAN_BASELINE,CLEAN_NORMAL,NONE,NONE,NORMAL,0,0,,,none,Normal ambient weather telemetry with diurnal solar cycles
43150,Visakhapatnam (AWS008),2026-08-25T04:00:00Z,26.22,87.7,1009.63,SYNTHETIC_SIMULATION,SCN_CLEAN_BASELINE,CLEAN_NORMAL,NONE,NONE,NORMAL,0,0,,,none,Normal ambient weather telemetry with diurnal solar cycles
43150,Visakhapatnam (AWS008),2026-08-25T05:00:00Z,27.17,84.1,1009.02,SYNTHETIC_SIMULATION,SCN_CLEAN_BASELINE,CLEAN_NORMAL,NONE,NONE,NORMAL,0,0,,,none,Normal ambient weather telemetry with diurnal solar cycles
43150,Visakhapatnam (AWS008),2026-08-25T06:00:00Z,27.65,83.9,1009.01,SYNTHETIC_SIMULATION,SCN_CLEAN_BASELINE,CLEAN_NORMAL,NONE,NONE,NORMAL,0,0,,,none,Normal ambient weather telemetry with diurnal solar cycles
43150,Visakhapatnam (AWS008),2026-08-25T07:00:00Z,29.29,81.3,1009.73,SYNTHETIC_SIMULATION,SCN_CLEAN_BASELINE,CLEAN_NORMAL,NONE,NONE,NORMAL,0,0,,,none,Normal ambient weather telemetry with diurnal solar cycles
43150,Visakhapatnam (AWS008),2026-08-25T08:00:00Z,30.27,79.0,1010.22,SYNTHETIC_SIMULATION,SCN_CLEAN_BASELINE,CLEAN_NORMAL,NONE,NONE,NORMAL,0,0,,,none,Normal ambient weather telemetry with diurnal solar cycles
43150,Visakhapatnam (AWS008),2026-08-25T09:00:00Z,31.24,72.3,1010.99,SYNTHETIC_SIMULATION,SCN_CLEAN_BASELINE,CLEAN_NORMAL,NONE,NONE,NORMAL,0,0,,,none,Normal ambient weather telemetry with diurnal solar cycles
43150,Visakhapatnam (AWS008),2026-08-25T10:00:00Z,32.67,72.3,1011.41,SYNTHETIC_SIMULATION,SCN_CLEAN_BASELINE,CLEAN_NORMAL,NONE,NONE,NORMAL,0,0,,,none,Normal ambient weather telemetry with diurnal solar cycles
43150,Visakhapatnam (AWS008),2026-08-25T11:00:00Z,33.34,68.8,1012.43,SYNTHETIC_SIMULATION,SCN_CLEAN_BASELINE,CLEAN_NORMAL,NONE,NONE,NORMAL,0,0,,,none,Normal ambient weather telemetry with diurnal solar cycles
43150,Visakhapatnam (AWS008),2026-08-25T12:00:00Z,34.63,65.1,1012.51,SYNTHETIC_SIMULATION,SCN_CLEAN_BASELINE,CLEAN_NORMAL,NONE,NONE,NORMAL,0,0,,,none,Normal ambient weather telemetry with diurnal solar cycles
43150,Visakhapatnam (AWS008),2026-08-25T13:00:00Z,35.17,63.5,1012.72,SYNTHETIC_SIMULATION,SCN_CLEAN_BASELINE,CLEAN_NORMAL,NONE,NONE,NORMAL,0,0,,,none,Normal ambient weather telemetry with diurnal solar cycles
43150,Visakhapatnam (AWS008),2026-08-25T14:00:00Z,35.42,63.3,1012.56,SYNTHETIC_SIMULATION,SCN_CLEAN_BASELINE,CLEAN_NORMAL,NONE,NONE,NORMAL,0,0,,,none,Normal ambient weather telemetry with diurnal solar cycles
43150,Visakhapatnam (AWS008),2026-08-25T15:00:00Z,35.83,63.3,1012.03,SYNTHETIC_SIMULATION,SCN_CLEAN_BASELINE,CLEAN_NORMAL,NONE,NONE,NORMAL,0,0,,,none,Normal ambient weather telemetry with diurnal solar cycles
43150,Visakhapatnam (AWS008),2026-08-25T16:00:00Z,34.98,64.8,1011.65,SYNTHETIC_SIMULATION,SCN_CLEAN_BASELINE,CLEAN_NORMAL,NONE,NONE,NORMAL,0,0,,,none,Normal ambient weather telemetry with diurnal solar cycles
43150,Visakhapatnam (AWS008),2026-08-25T17:00:00Z,33.16,64.7,1011.08,SYNTHETIC_SIMULATION,SCN_CLEAN_BASELINE,CLEAN_NORMAL,NONE,NONE,NORMAL,0,0,,,none,Normal ambient weather telemetry with diurnal solar cycles
43150,Visakhapatnam (AWS008),2026-08-25T18:00:00Z,32.45,70.2,1010.95,SYNTHETIC_SIMULATION,SCN_CLEAN_BASELINE,CLEAN_NORMAL,NONE,NONE,NORMAL,0,0,,,none,Normal ambient weather telemetry with diurnal solar cycles
43150,Visakhapatnam (AWS008),2026-08-25T19:00:00Z,31.4,74.7,1011.15,SYNTHETIC_SIMULATION,SCN_CLEAN_BASELINE,CLEAN_NORMAL,NONE,NONE,NORMAL,0,0,,,none,Normal ambient weather telemetry with diurnal solar cycles
43150,Visakhapatnam (AWS008),2026-08-25T20:00:00Z,30.14,77.1,1012.2,SYNTHETIC_SIMULATION,SCN_CLEAN_BASELINE,CLEAN_NORMAL,NONE,NONE,NORMAL,0,0,,,none,Normal ambient weather telemetry with diurnal solar cycles
43150,Visakhapatnam (AWS008),2026-08-25T21:00:00Z,28.58,80.8,1013.06,SYNTHETIC_SIMULATION,SCN_CLEAN_BASELINE,CLEAN_NORMAL,NONE,NONE,NORMAL,0,0,,,none,Normal ambient weather telemetry with diurnal solar cycles
43150,Visakhapatnam (AWS008),2026-08-25T22:00:00Z,,84.7,1013.82,SYNTHETIC_SIMULATION,SCN_CLEAN_BASELINE,CLEAN_NORMAL,NONE,NONE,NORMAL,0,0,,,none,Normal ambient weather telemetry with diurnal solar cycles
43150,Visakhapatnam (AWS008),2026-08-25T23:00:00Z,25.8,86.4,1014.33,SYNTHETIC_SIMULATION,SCN_CLEAN_BASELINE,CLEAN_NORMAL,NONE,NONE,NORMAL,0,0,,,none,Normal ambient weather telemetry with diurnal solar cycles
43150,Visakhapatnam (AWS008),2026-08-26T00:00:00Z,25.42,91.9,1015.09,SYNTHETIC_SIMULATION,SCN_CLEAN_BASELINE,CLEAN_NORMAL,NONE,NONE,NORMAL,0,0,,,none,Normal ambient weather telemetry with diurnal solar cycles
43150,Visakhapatnam (AWS008),2026-08-26T01:00:00Z,24.29,93.2,1015.21,SYNTHETIC_SIMULATION,SCN_CLEAN_BASELINE,CLEAN_NORMAL,NONE,NONE,NORMAL,0,0,,,none,Normal ambient weather telemetry with diurnal solar cycles
43150,Visakhapatnam (AWS008),2026-08-26T02:00:00Z,24.0,95.2,1014.4,SYNTHETIC_SIMULATION,SCN_CLEAN_BASELINE,CLEAN_NORMAL,NONE,NONE,NORMAL,0,0,,,none,Normal ambient weather telemetry with diurnal solar cycles
43150,Visakhapatnam (AWS008),2026-08-26T03:00:00Z,23.99,92.9,1013.62,SYNTHETIC_SIMULATION,SCN_CLEAN_BASELINE,CLEAN_NORMAL,NONE,NONE,NORMAL,0,0,,,none,Normal ambient weather telemetry with diurnal solar cycles
43150,Visakhapatnam (AWS008),2026-08-26T04:00:00Z,23.87,92.6,1013.67,SYNTHETIC_SIMULATION,SCN_CLEAN_BASELINE,CLEAN_NORMAL,NONE,NONE,NORMAL,0,0,,,none,Normal ambient weather telemetry with diurnal solar cycles
43150,Visakhapatnam (AWS008),2026-08-26T05:00:00Z,24.59,93.0,1012.71,SYNTHETIC_SIMULATION,SCN_CLEAN_BASELINE,CLEAN_NORMAL,NONE,NONE,NORMAL,0,0,,,none,Normal ambient weather telemetry with diurnal solar cycles
43150,Visakhapatnam (AWS008),2026-08-26T06:00:00Z,25.41,90.3,1012.77,SYNTHETIC_SIMULATION,SCN_CLEAN_BASELINE,CLEAN_NORMAL,NONE,NONE,NORMAL,0,0,,,none,Normal ambient weather telemetry with diurnal solar cycles
43150,Visakhapatnam (AWS008),2026-08-26T07:00:00Z,26.33,86.5,1013.23,SYNTHETIC_SIMULATION,SCN_CLEAN_BASELINE,CLEAN_NORMAL,NONE,NONE,NORMAL,0,0,,,none,Normal ambient weather telemetry with diurnal solar cycles
43150,Visakhapatnam (AWS008),2026-08-26T08:00:00Z,27.63,83.8,1014.26,SYNTHETIC_SIMULATION,SCN_CLEAN_BASELINE,CLEAN_NORMAL,NONE,NONE,NORMAL,0,0,,,none,Normal ambient weather telemetry with diurnal solar cycles
43150,Visakhapatnam (AWS008),2026-08-26T09:00:00Z,28.97,80.1,1015.19,SYNTHETIC_SIMULATION,SCN_CLEAN_BASELINE,CLEAN_NORMAL,NONE,NONE,NORMAL,0,0,,,none,Normal ambient weather telemetry with diurnal solar cycles
43150,Visakhapatnam (AWS008),2026-08-26T10:00:00Z,30.24,76.6,1015.3,SYNTHETIC_SIMULATION,SCN_CLEAN_BASELINE,CLEAN_NORMAL,NONE,NONE,NORMAL,0,0,,,none,Normal ambient weather telemetry with diurnal solar cycles
43150,Visakhapatnam (AWS008),2026-08-26T11:00:00Z,31.26,74.4,1015.75,SYNTHETIC_SIMULATION,SCN_CLEAN_BASELINE,CLEAN_NORMAL,NONE,NONE,NORMAL,0,0,,,none,Normal ambient weather telemetry with diurnal solar cycles
43150,Visakhapatnam (AWS008),2026-08-26T12:00:00Z,32.23,72.0,1016.55,SYNTHETIC_SIMULATION,SCN_CLEAN_BASELINE,CLEAN_NORMAL,NONE,NONE,NORMAL,0,0,,,none,Normal ambient weather telemetry with diurnal solar cycles
43150,Visakhapatnam (AWS008),2026-08-26T13:00:00Z,32.78,69.6,1016.32,SYNTHETIC_SIMULATION,SCN_CLEAN_BASELINE,CLEAN_NORMAL,NONE,NONE,NORMAL,0,0,,,none,Normal ambient weather telemetry with diurnal solar cycles
43150,Visakhapatnam (AWS008),2026-08-26T14:00:00Z,33.55,68.6,1015.83,SYNTHETIC_SIMULATION,SCN_CLEAN_BASELINE,CLEAN_NORMAL,NONE,NONE,NORMAL,0,0,,,none,Normal ambient weather telemetry with diurnal solar cycles
43150,Visakhapatnam (AWS008),2026-08-26T15:00:00Z,33.4,69.1,1014.99,SYNTHETIC_SIMULATION,SCN_CLEAN_BASELINE,CLEAN_NORMAL,NONE,NONE,NORMAL,0,0,,,none,Normal ambient weather telemetry with diurnal solar cycles
43150,Visakhapatnam (AWS008),2026-08-26T16:00:00Z,32.47,68.9,1014.6,SYNTHETIC_SIMULATION,SCN_CLEAN_BASELINE,CLEAN_NORMAL,NONE,NONE,NORMAL,0,0,,,none,Normal ambient weather telemetry with diurnal solar cycles
43150,Visakhapatnam (AWS008),2026-08-26T17:00:00Z,31.26,72.0,1014.74,SYNTHETIC_SIMULATION,SCN_CLEAN_BASELINE,CLEAN_NORMAL,NONE,NONE,NORMAL,0,0,,,none,Normal ambient weather telemetry with diurnal solar cycles
43150,Visakhapatnam (AWS008),2026-08-26T18:00:00Z,30.85,74.2,1013.93,SYNTHETIC_SIMULATION,SCN_CLEAN_BASELINE,CLEAN_NORMAL,NONE,NONE,NORMAL,0,0,,,none,Normal ambient weather telemetry with diurnal solar cycles
43150,Visakhapatnam (AWS008),2026-08-26T19:00:00Z,30.2,76.2,1014.35,SYNTHETIC_SIMULATION,SCN_CLEAN_BASELINE,CLEAN_NORMAL,NONE,NONE,NORMAL,0,0,,,none,Normal ambient weather telemetry with diurnal solar cycles
43150,Visakhapatnam (AWS008),2026-08-26T20:00:00Z,28.41,82.8,1015.19,SYNTHETIC_SIMULATION,SCN_CLEAN_BASELINE,CLEAN_NORMAL,NONE,NONE,NORMAL,0,0,,,none,Normal ambient weather telemetry with diurnal solar cycles
43150,Visakhapatnam (AWS008),2026-08-26T21:00:00Z,27.27,84.8,1016.01,SYNTHETIC_SIMULATION,SCN_CLEAN_BASELINE,CLEAN_NORMAL,NONE,NONE,NORMAL,0,0,,,none,Normal ambient weather telemetry with diurnal solar cycles
43150,Visakhapatnam (AWS008),2026-08-26T22:00:00Z,25.62,88.6,1016.64,SYNTHETIC_SIMULATION,SCN_CLEAN_BASELINE,CLEAN_NORMAL,NONE,NONE,NORMAL,0,0,,,none,Normal ambient weather telemetry with diurnal solar cycles
43150,Visakhapatnam (AWS008),2026-08-26T23:00:00Z,24.54,91.0,1016.83,SYNTHETIC_SIMULATION,SCN_CLEAN_BASELINE,CLEAN_NORMAL,NONE,NONE,NORMAL,0,0,,,none,Normal ambient weather telemetry with diurnal solar cycles
43150,Visakhapatnam (AWS008),2026-08-27T00:00:00Z,23.5,95.2,1017.07,SYNTHETIC_SIMULATION,SCN_CLEAN_BASELINE,CLEAN_NORMAL,NONE,NONE,NORMAL,0,0,,,none,Normal ambient weather telemetry with diurnal solar cycles
43150,Visakhapatnam (AWS008),2026-08-27T01:00:00Z,22.75,95.7,1017.07,SYNTHETIC_SIMULATION,SCN_CLEAN_BASELINE,CLEAN_NORMAL,NONE,NONE,NORMAL,0,0,,,none,Normal ambient weather telemetry with diurnal solar cycles
43150,Visakhapatnam (AWS008),2026-08-27T02:00:00Z,22.62,96.4,1016.72,SYNTHETIC_SIMULATION,SCN_CLEAN_BASELINE,CLEAN_NORMAL,NONE,NONE,NORMAL,0,0,,,none,Normal ambient weather telemetry with diurnal solar cycles
43150,Visakhapatnam (AWS008),2026-08-27T03:00:00Z,22.64,97.8,1016.15,SYNTHETIC_SIMULATION,SCN_CLEAN_BASELINE,CLEAN_NORMAL,NONE,NONE,NORMAL,0,0,,,none,Normal ambient weather telemetry with diurnal solar cycles
43150,Visakhapatnam (AWS008),2026-08-27T04:00:00Z,23.16,98.0,1015.08,SYNTHETIC_SIMULATION,SCN_CLEAN_BASELINE,CLEAN_NORMAL,NONE,NONE,NORMAL,0,0,,,none,Normal ambient weather telemetry with diurnal solar cycles
43150,Visakhapatnam (AWS008),2026-08-27T05:00:00Z,23.8,94.6,1014.73,SYNTHETIC_SIMULATION,SCN_CLEAN_BASELINE,CLEAN_NORMAL,NONE,NONE,NORMAL,0,0,,,none,Normal ambient weather telemetry with diurnal solar cycles
43150,Visakhapatnam (AWS008),2026-08-27T06:00:00Z,24.78,93.2,1014.6,SYNTHETIC_SIMULATION,SCN_CLEAN_BASELINE,CLEAN_NORMAL,NONE,NONE,NORMAL,0,0,,,none,Normal ambient weather telemetry with diurnal solar cycles
43150,Visakhapatnam (AWS008),2026-08-27T07:00:00Z,26.01,88.5,1014.26,SYNTHETIC_SIMULATION,SCN_CLEAN_BASELINE,CLEAN_NORMAL,NONE,NONE,NORMAL,0,0,,,none,Normal ambient weather telemetry with diurnal solar cycles
43150,Visakhapatnam (AWS008),2026-08-27T08:00:00Z,27.3,85.2,1015.17,SYNTHETIC_SIMULATION,SCN_CLEAN_BASELINE,CLEAN_NORMAL,NONE,NONE,NORMAL,0,0,,,none,Normal ambient weather telemetry with diurnal solar cycles
43150,Visakhapatnam (AWS008),2026-08-27T09:00:00Z,28.6,81.9,1016.01,SYNTHETIC_SIMULATION,SCN_CLEAN_BASELINE,CLEAN_NORMAL,NONE,NONE,NORMAL,0,0,,,none,Normal ambient weather telemetry with diurnal solar cycles
43150,Visakhapatnam (AWS008),2026-08-27T10:00:00Z,29.15,77.6,1016.36,SYNTHETIC_SIMULATION,SCN_CLEAN_BASELINE,CLEAN_NORMAL,NONE,NONE,NORMAL,0,0,,,none,Normal ambient weather telemetry with diurnal solar cycles
43150,Visakhapatnam (AWS008),2026-08-27T11:00:00Z,30.77,75.5,1016.68,SYNTHETIC_SIMULATION,SCN_CLEAN_BASELINE,CLEAN_NORMAL,NONE,NONE,NORMAL,0,0,,,none,Normal ambient weather telemetry with diurnal solar cycles
43150,Visakhapatnam (AWS008),2026-08-27T12:00:00Z,32.29,71.9,1017.08,SYNTHETIC_SIMULATION,SCN_CLEAN_BASELINE,CLEAN_NORMAL,NONE,NONE,NORMAL,0,0,,,none,Normal ambient weather telemetry with diurnal solar cycles
43150,Visakhapatnam (AWS008),2026-08-27T13:00:00Z,32.89,69.5,1016.81,SYNTHETIC_SIMULATION,SCN_CLEAN_BASELINE,CLEAN_NORMAL,NONE,NONE,NORMAL,0,0,,,none,Normal ambient weather telemetry with diurnal solar cycles
43150,Visakhapatnam (AWS008),2026-08-27T14:00:00Z,32.92,68.8,1015.87,SYNTHETIC_SIMULATION,SCN_CLEAN_BASELINE,CLEAN_NORMAL,NONE,NONE,NORMAL,0,0,,,none,Normal ambient weather telemetry with diurnal solar cycles
43150,Visakhapatnam (AWS008),2026-08-27T15:00:00Z,33.41,68.8,1015.21,SYNTHETIC_SIMULATION,SCN_CLEAN_BASELINE,CLEAN_NORMAL,NONE,NONE,NORMAL,0,0,,,none,Normal ambient weather telemetry with diurnal solar cycles
43150,Visakhapatnam (AWS008),2026-08-27T16:00:00Z,33.21,70.3,1014.47,SYNTHETIC_SIMULATION,SCN_CLEAN_BASELINE,CLEAN_NORMAL,NONE,NONE,NORMAL,0,0,,,none,Normal ambient weather telemetry with diurnal solar cycles
43150,Visakhapatnam (AWS008),2026-08-27T17:00:00Z,31.33,70.9,1014.13,SYNTHETIC_SIMULATION,SCN_CLEAN_BASELINE,CLEAN_NORMAL,NONE,NONE,NORMAL,0,0,,,none,Normal ambient weather telemetry with diurnal solar cycles
43150,Visakhapatnam (AWS008),2026-08-27T18:00:00Z,31.74,74.0,1013.47,SYNTHETIC_SIMULATION,SCN_CLEAN_BASELINE,CLEAN_NORMAL,NONE,NONE,NORMAL,0,0,,,none,Normal ambient weather telemetry with diurnal solar cycles
43150,Visakhapatnam (AWS008),2026-08-27T19:00:00Z,30.59,75.4,1013.91,SYNTHETIC_SIMULATION,SCN_CLEAN_BASELINE,CLEAN_NORMAL,NONE,NONE,NORMAL,0,0,,,none,Normal ambient weather telemetry with diurnal solar cycles
43150,Visakhapatnam (AWS008),2026-08-27T20:00:00Z,28.66,80.0,1014.05,SYNTHETIC_SIMULATION,SCN_CLEAN_BASELINE,CLEAN_NORMAL,NONE,NONE,NORMAL,0,0,,,none,Normal ambient weather telemetry with diurnal solar cycles
43150,Visakhapatnam (AWS008),2026-08-27T21:00:00Z,28.5,83.5,1014.75,SYNTHETIC_SIMULATION,SCN_CLEAN_BASELINE,CLEAN_NORMAL,NONE,NONE,NORMAL,0,0,,,none,Normal ambient weather telemetry with diurnal solar cycles
43150,Visakhapatnam (AWS008),2026-08-27T22:00:00Z,26.44,86.7,1015.28,SYNTHETIC_SIMULATION,SCN_CLEAN_BASELINE,CLEAN_NORMAL,NONE,NONE,NORMAL,0,0,,,none,Normal ambient weather telemetry with diurnal solar cycles
43150,Visakhapatnam (AWS008),2026-08-27T23:00:00Z,25.15,90.0,1015.4,SYNTHETIC_SIMULATION,SCN_CLEAN_BASELINE,CLEAN_NORMAL,NONE,NONE,NORMAL,0,0,,,none,Normal ambient weather telemetry with diurnal solar cycles
43189,Vijayawada (AWS014),2026-08-01T00:00:00Z,28.47,75.6,1009.65,SYNTHETIC_SIMULATION,SCN_CLEAN_BASELINE,CLEAN_NORMAL,NONE,NONE,NORMAL,0,0,,,none,Normal ambient weather telemetry with diurnal solar cycles
43189,Vijayawada (AWS014),2026-08-01T01:00:00Z,28.22,77.6,1009.2,SYNTHETIC_SIMULATION,SCN_CLEAN_BASELINE,CLEAN_NORMAL,NONE,NONE,NORMAL,0,0,,,none,Normal ambient weather telemetry with diurnal solar cycles
43189,Vijayawada (AWS014),2026-08-01T02:00:00Z,27.49,76.9,1008.36,SYNTHETIC_SIMULATION,SCN_CLEAN_BASELINE,CLEAN_NORMAL,NONE,NONE,NORMAL,0,0,,,none,Normal ambient weather telemetry with diurnal solar cycles
43189,Vijayawada (AWS014),2026-08-01T03:00:00Z,27.21,77.8,1007.87,SYNTHETIC_SIMULATION,SCN_CLEAN_BASELINE,CLEAN_NORMAL,NONE,NONE,NORMAL,0,0,,,none,Normal ambient weather telemetry with diurnal solar cycles
43189,Vijayawada (AWS014),2026-08-01T04:00:00Z,28.47,76.2,1006.76,SYNTHETIC_SIMULATION,SCN_CLEAN_BASELINE,CLEAN_NORMAL,NONE,NONE,NORMAL,0,0,,,none,Normal ambient weather telemetry with diurnal solar cycles
43189,Vijayawada (AWS014),2026-08-01T05:00:00Z,28.96,75.5,1006.1,SYNTHETIC_SIMULATION,SCN_CLEAN_BASELINE,CLEAN_NORMAL,NONE,NONE,NORMAL,0,0,,,none,Normal ambient weather telemetry with diurnal solar cycles
43189,Vijayawada (AWS014),2026-08-01T06:00:00Z,29.6,70.6,1005.96,SYNTHETIC_SIMULATION,SCN_CLEAN_BASELINE,CLEAN_NORMAL,NONE,NONE,NORMAL,0,0,,,none,Normal ambient weather telemetry with diurnal solar cycles
43189,Vijayawada (AWS014),2026-08-01T07:00:00Z,30.48,67.8,1006.24,SYNTHETIC_SIMULATION,SCN_CLEAN_BASELINE,CLEAN_NORMAL,NONE,NONE,NORMAL,0,0,,,none,Normal ambient weather telemetry with diurnal solar cycles
43189,Vijayawada (AWS014),2026-08-01T08:00:00Z,32.19,64.7,1005.94,SYNTHETIC_SIMULATION,SCN_CLEAN_BASELINE,CLEAN_NORMAL,NONE,NONE,NORMAL,0,0,,,none,Normal ambient weather telemetry with diurnal solar cycles
43189,Vijayawada (AWS014),2026-08-01T09:00:00Z,34.12,58.5,1006.5,SYNTHETIC_SIMULATION,SCN_CLEAN_BASELINE,CLEAN_NORMAL,NONE,NONE,NORMAL,0,0,,,none,Normal ambient weather telemetry with diurnal solar cycles
43189,Vijayawada (AWS014),2026-08-01T10:00:00Z,35.7,56.7,1006.83,SYNTHETIC_SIMULATION,SCN_CLEAN_BASELINE,CLEAN_NORMAL,NONE,NONE,NORMAL,0,0,,,none,Normal ambient weather telemetry with diurnal solar cycles
43189,Vijayawada (AWS014),2026-08-01T11:00:00Z,36.87,53.0,1007.27,SYNTHETIC_SIMULATION,SCN_CLEAN_BASELINE,CLEAN_NORMAL,NONE,NONE,NORMAL,0,0,,,none,Normal ambient weather telemetry with diurnal solar cycles
43189,Vijayawada (AWS014),2026-08-01T12:00:00Z,38.23,50.2,1007.66,SYNTHETIC_SIMULATION,SCN_CLEAN_BASELINE,CLEAN_NORMAL,NONE,NONE,NORMAL,0,0,,,none,Normal ambient weather telemetry with diurnal solar cycles
43189,Vijayawada (AWS014),2026-08-01T13:00:00Z,38.11,48.3,1007.36,SYNTHETIC_SIMULATION,SCN_CLEAN_BASELINE,CLEAN_NORMAL,NONE,NONE,NORMAL,0,0,,,none,Normal ambient weather telemetry with diurnal solar cycles
43189,Vijayawada (AWS014),2026-08-01T14:00:00Z,38.85,46.8,1006.82,SYNTHETIC_SIMULATION,SCN_CLEAN_BASELINE,CLEAN_NORMAL,NONE,NONE,NORMAL,0,0,,,none,Normal ambient weather telemetry with diurnal solar cycles
43189,Vijayawada (AWS014),2026-08-01T15:00:00Z,39.05,47.1,1005.94,SYNTHETIC_SIMULATION,SCN_CLEAN_BASELINE,CLEAN_NORMAL,NONE,NONE,NORMAL,0,0,,,none,Normal ambient weather telemetry with diurnal solar cycles
43189,Vijayawada (AWS014),2026-08-01T16:00:00Z,38.47,48.0,1004.96,SYNTHETIC_SIMULATION,SCN_CLEAN_BASELINE,CLEAN_NORMAL,NONE,NONE,NORMAL,0,0,,,none,Normal ambient weather telemetry with diurnal solar cycles
43189,Vijayawada (AWS014),2026-08-01T17:00:00Z,38.58,48.6,1004.77,SYNTHETIC_SIMULATION,SCN_CLEAN_BASELINE,CLEAN_NORMAL,NONE,NONE,NORMAL,0,0,,,none,Normal ambient weather telemetry with diurnal solar cycles
43189,Vijayawada (AWS014),2026-08-01T18:00:00Z,37.01,53.6,1004.28,SYNTHETIC_SIMULATION,SCN_CLEAN_BASELINE,CLEAN_NORMAL,NONE,NONE,NORMAL,0,0,,,none,Normal ambient weather telemetry with diurnal solar cycles
43189,Vijayawada (AWS014),2026-08-01T19:00:00Z,36.01,54.4,1004.41,SYNTHETIC_SIMULATION,SCN_CLEAN_BASELINE,CLEAN_NORMAL,NONE,NONE,NORMAL,0,0,,,none,Normal ambient weather telemetry with diurnal solar cycles
43189,Vijayawada (AWS014),2026-08-01T20:00:00Z,34.82,58.0,1004.42,SYNTHETIC_SIMULATION,SCN_CLEAN_BASELINE,CLEAN_NORMAL,NONE,NONE,NORMAL,0,0,,,none,Normal ambient weather telemetry with diurnal solar cycles
43189,Vijayawada (AWS014),2026-08-01T21:00:00Z,33.63,61.5,1005.46,SYNTHETIC_SIMULATION,SCN_CLEAN_BASELINE,CLEAN_NORMAL,NONE,NONE,NORMAL,0,0,,,none,Normal ambient weather telemetry with diurnal solar cycles
43189,Vijayawada (AWS014),2026-08-01T22:00:00Z,32.39,63.8,1005.87,SYNTHETIC_SIMULATION,SCN_CLEAN_BASELINE,CLEAN_NORMAL,NONE,NONE,NORMAL,0,0,,,none,Normal ambient weather telemetry with diurnal solar cycles
43189,Vijayawada (AWS014),2026-08-01T23:00:00Z,31.3,68.1,1006.13,SYNTHETIC_SIMULATION,SCN_CLEAN_BASELINE,CLEAN_NORMAL,NONE,NONE,NORMAL,0,0,,,none,Normal ambient weather telemetry with diurnal solar cycles
43189,Vijayawada (AWS014),2026-08-02T00:00:00Z,30.41,69.6,1005.95,SYNTHETIC_SIMULATION,SCN_CLEAN_BASELINE,CLEAN_NORMAL,NONE,NONE,NORMAL,0,0,,,none,Normal ambient weather telemetry with diurnal solar cycles
43189,Vijayawada (AWS014),2026-08-02T01:00:00Z,30.36,71.6,1006.03,SYNTHETIC_SIMULATION,SCN_CLEAN_BASELINE,CLEAN_NORMAL,NONE,NONE,NORMAL,0,0,,,none,Normal ambient weather telemetry with diurnal solar cycles
43189,Vijayawada (AWS014),2026-08-02T02:00:00Z,29.64,72.7,1005.62,SYNTHETIC_SIMULATION,SCN_CLEAN_BASELINE,CLEAN_NORMAL,NONE,NONE,NORMAL,0,0,,,none,Normal ambient weather telemetry with diurnal solar cycles
43189,Vijayawada (AWS014),2026-08-02T03:00:00Z,29.42,73.4,1005.1,SYNTHETIC_SIMULATION,SCN_CLEAN_BASELINE,CLEAN_NORMAL,NONE,NONE,NORMAL,0,0,,,none,Normal ambient weather telemetry with diurnal solar cycles
43189,Vijayawada (AWS014),2026-08-02T04:00:00Z,29.4,73.7,1004.41,SYNTHETIC_SIMULATION,SCN_CLEAN_BASELINE,CLEAN_NORMAL,NONE,NONE,NORMAL,0,0,,,none,Normal ambient weather telemetry with diurnal solar cycles
43189,Vijayawada (AWS014),2026-08-02T05:00:00Z,30.6,69.8,1004.09,SYNTHETIC_SIMULATION,SCN_CLEAN_BASELINE,CLEAN_NORMAL,NONE,NONE,NORMAL,0,0,,,none,Normal ambient weather telemetry with diurnal solar cycles
43189,Vijayawada (AWS014),2026-08-02T06:00:00Z,30.6,66.6,1003.55,SYNTHETIC_SIMULATION,SCN_CLEAN_BASELINE,CLEAN_NORMAL,NONE,NONE,NORMAL,0,0,,,none,Normal ambient weather telemetry with diurnal solar cycles
43189,Vijayawada (AWS014),2026-08-02T07:00:00Z,32.49,63.2,1003.37,SYNTHETIC_SIMULATION,SCN_CLEAN_BASELINE,CLEAN_NORMAL,NONE,NONE,NORMAL,0,0,,,none,Normal ambient weather telemetry with diurnal solar cycles
43189,Vijayawada (AWS014),2026-08-02T08:00:00Z,33.64,58.2,1003.85,SYNTHETIC_SIMULATION,SCN_CLEAN_BASELINE,CLEAN_NORMAL,NONE,NONE,NORMAL,0,0,,,none,Normal ambient weather telemetry with diurnal solar cycles
43189,Vijayawada (AWS014),2026-08-02T09:00:00Z,35.62,55.7,1004.7,SYNTHETIC_SIMULATION,SCN_CLEAN_BASELINE,CLEAN_NORMAL,NONE,NONE,NORMAL,0,0,,,none,Normal ambient weather telemetry with diurnal solar cycles
43189,Vijayawada (AWS014),2026-08-02T10:00:00Z,36.58,54.2,1004.97,SYNTHETIC_SIMULATION,SCN_CLEAN_BASELINE,CLEAN_NORMAL,NONE,NONE,NORMAL,0,0,,,none,Normal ambient weather telemetry with diurnal solar cycles
43189,Vijayawada (AWS014),2026-08-02T11:00:00Z,37.7,50.8,1005.77,SYNTHETIC_SIMULATION,SCN_CLEAN_BASELINE,CLEAN_NORMAL,NONE,NONE,NORMAL,0,0,,,none,Normal ambient weather telemetry with diurnal solar cycles
43189,Vijayawada (AWS014),2026-08-02T12:00:00Z,38.47,47.3,1006.11,SYNTHETIC_SIMULATION,SCN_CLEAN_BASELINE,CLEAN_NORMAL,NONE,NONE,NORMAL,0,0,,,none,Normal ambient weather telemetry with diurnal solar cycles
43189,Vijayawada (AWS014),2026-08-02T13:00:00Z,39.37,45.7,1005.65,SYNTHETIC_SIMULATION,SCN_CLEAN_BASELINE,CLEAN_NORMAL,NONE,NONE,NORMAL,0,0,,,none,Normal ambient weather telemetry with diurnal solar cycles
43189,Vijayawada (AWS014),2026-08-02T14:00:00Z,39.33,45.2,1005.3,SYNTHETIC_SIMULATION,SCN_CLEAN_BASELINE,CLEAN_NORMAL,NONE,NONE,NORMAL,0,0,,,none,Normal ambient weather telemetry with diurnal solar cycles
43189,Vijayawada (AWS014),2026-08-02T15:00:00Z,39.94,44.5,1004.38,SYNTHETIC_SIMULATION,SCN_CLEAN_BASELINE,CLEAN_NORMAL,NONE,NONE,NORMAL,0,0,,,none,Normal ambient weather telemetry with diurnal solar cycles
43189,Vijayawada (AWS014),2026-08-02T16:00:00Z,39.1,48.3,1004.32,SYNTHETIC_SIMULATION,SCN_CLEAN_BASELINE,CLEAN_NORMAL,NONE,NONE,NORMAL,0,0,,,none,Normal ambient weather telemetry with diurnal solar cycles
43189,Vijayawada (AWS014),2026-08-02T17:00:00Z,38.43,50.0,1003.83,SYNTHETIC_SIMULATION,SCN_CLEAN_BASELINE,CLEAN_NORMAL,NONE,NONE,NORMAL,0,0,,,none,Normal ambient weather telemetry with diurnal solar cycles
43189,Vijayawada (AWS014),2026-08-02T18:00:00Z,37.9,49.4,1003.43,SYNTHETIC_SIMULATION,SCN_CLEAN_BASELINE,CLEAN_NORMAL,NONE,NONE,NORMAL,0,0,,,none,Normal ambient weather telemetry with diurnal solar cycles
43189,Vijayawada (AWS014),2026-08-02T19:00:00Z,36.01,54.5,1004.33,SYNTHETIC_SIMULATION,SCN_CLEAN_BASELINE,CLEAN_NORMAL,NONE,NONE,NORMAL,0,0,,,none,Normal ambient weather telemetry with diurnal solar cycles
43189,Vijayawada (AWS014),2026-08-02T20:00:00Z,34.94,58.2,1004.4,SYNTHETIC_SIMULATION,SCN_CLEAN_BASELINE,CLEAN_NORMAL,NONE,NONE,NORMAL,0,0,,,none,Normal ambient weather telemetry with diurnal solar cycles
43189,Vijayawada (AWS014),2026-08-02T21:00:00Z,33.57,62.6,1005.21,SYNTHETIC_SIMULATION,SCN_CLEAN_BASELINE,CLEAN_NORMAL,NONE,NONE,NORMAL,0,0,,,none,Normal ambient weather telemetry with diurnal solar cycles
43189,Vijayawada (AWS014),2026-08-02T22:00:00Z,32.74,65.3,1006.03,SYNTHETIC_SIMULATION,SCN_CLEAN_BASELINE,CLEAN_NORMAL,NONE,NONE,NORMAL,0,0,,,none,Normal ambient weather telemetry with diurnal solar cycles
43189,Vijayawada (AWS014),2026-08-02T23:00:00Z,31.08,67.6,1006.68,SYNTHETIC_SIMULATION,SCN_CLEAN_BASELINE,CLEAN_NORMAL,NONE,NONE,NORMAL,0,0,,,none,Normal ambient weather telemetry with diurnal solar cycles
43189,Vijayawada (AWS014),2026-08-03T00:00:00Z,30.66,70.5,1007.41,SYNTHETIC_SIMULATION,SCN_CLEAN_BASELINE,CLEAN_NORMAL,NONE,NONE,NORMAL,0,0,,,none,Normal ambient weather telemetry with diurnal solar cycles
43189,Vijayawada (AWS014),2026-08-03T01:00:00Z,29.15,73.4,1006.74,SYNTHETIC_SIMULATION,SCN_CLEAN_BASELINE,CLEAN_NORMAL,NONE,NONE,NORMAL,0,0,,,none,Normal ambient weather telemetry with diurnal solar cycles
43189,Vijayawada (AWS014),2026-08-03T02:00:00Z,28.31,72.8,1006.26,SYNTHETIC_SIMULATION,SCN_CLEAN_BASELINE,CLEAN_NORMAL,NONE,NONE,NORMAL,0,0,,,none,Normal ambient weather telemetry with diurnal solar cycles
43189,Vijayawada (AWS014),2026-08-03T03:00:00Z,28.21,74.5,1005.53,SYNTHETIC_SIMULATION,SCN_CLEAN_BASELINE,CLEAN_NORMAL,NONE,NONE,NORMAL,0,0,,,none,Normal ambient weather telemetry with diurnal solar cycles
43189,Vijayawada (AWS014),2026-08-03T04:00:00Z,29.0,72.3,1005.8,SYNTHETIC_SIMULATION,SCN_CLEAN_BASELINE,CLEAN_NORMAL,NONE,NONE,NORMAL,0,0,,,none,Normal ambient weather telemetry with diurnal solar cycles
43189,Vijayawada (AWS014),2026-08-03T05:00:00Z,29.42,70.4,1005.05,SYNTHETIC_SIMULATION,SCN_CLEAN_BASELINE,CLEAN_NORMAL,NONE,NONE,NORMAL,0,0,,,none,Normal ambient weather telemetry with diurnal solar cycles
43189,Vijayawada (AWS014),2026-08-03T06:00:00Z,30.1,70.9,1005.03,SYNTHETIC_SIMULATION,SCN_CLEAN_BASELINE,CLEAN_NORMAL,NONE,NONE,NORMAL,0,0,,,none,Normal ambient weather telemetry with diurnal solar cycles
43189,Vijayawada (AWS014),2026-08-03T07:00:00Z,31.39,66.1,1005.35,SYNTHETIC_SIMULATION,SCN_CLEAN_BASELINE,CLEAN_NORMAL,NONE,NONE,NORMAL,0,0,,,none,Normal ambient weather telemetry with diurnal solar cycles
43189,Vijayawada (AWS014),2026-08-03T08:00:00Z,32.63,63.8,1006.11,SYNTHETIC_SIMULATION,SCN_CLEAN_BASELINE,CLEAN_NORMAL,NONE,NONE,NORMAL,0,0,,,none,Normal ambient weather telemetry with diurnal solar cycles
43189,Vijayawada (AWS014),2026-08-03T09:00:00Z,33.59,59.1,1006.92,SYNTHETIC_SIMULATION,SCN_CLEAN_BASELINE,CLEAN_NORMAL,NONE,NONE,NORMAL,0,0,,,none,Normal ambient weather telemetry with diurnal solar cycles
43189,Vijayawada (AWS014),2026-08-03T10:00:00Z,35.41,56.6,1007.22,SYNTHETIC_SIMULATION,SCN_CLEAN_BASELINE,CLEAN_NORMAL,NONE,NONE,NORMAL,0,0,,,none,Normal ambient weather telemetry with diurnal solar cycles
43189,Vijayawada (AWS014),2026-08-03T11:00:00Z,35.85,52.4,1008.28,SYNTHETIC_SIMULATION,SCN_CLEAN_BASELINE,CLEAN_NORMAL,NONE,NONE,NORMAL,0,0,,,none,Normal ambient weather telemetry with diurnal solar cycles
43189,Vijayawada (AWS014),2026-08-03T12:00:00Z,36.75,50.7,1008.5,SYNTHETIC_SIMULATION,SCN_CLEAN_BASELINE,CLEAN_NORMAL,NONE,NONE,NORMAL,0,0,,,none,Normal ambient weather telemetry with diurnal solar cycles
43189,Vijayawada (AWS014),2026-08-03T13:00:00Z,37.99,52.0,1008.59,SYNTHETIC_SIMULATION,SCN_CLEAN_BASELINE,CLEAN_NORMAL,NONE,NONE,NORMAL,0,0,,,none,Normal ambient weather telemetry with diurnal solar cycles
43189,Vijayawada (AWS014),2026-08-03T14:00:00Z,37.98,51.4,1008.49,SYNTHETIC_SIMULATION,SCN_CLEAN_BASELINE,CLEAN_NORMAL,NONE,NONE,NORMAL,0,0,,,none,Normal ambient weather telemetry with diurnal solar cycles
43189,Vijayawada (AWS014),2026-08-03T15:00:00Z,37.74,49.5,1007.66,SYNTHETIC_SIMULATION,SCN_CLEAN_BASELINE,CLEAN_NORMAL,NONE,NONE,NORMAL,0,0,,,none,Normal ambient weather telemetry with diurnal solar cycles
43189,Vijayawada (AWS014),2026-08-03T16:00:00Z,37.06,49.9,1007.13,SYNTHETIC_SIMULATION,SCN_CLEAN_BASELINE,CLEAN_NORMAL,NONE,NONE,NORMAL,0,0,,,none,Normal ambient weather telemetry with diurnal solar cycles
43189,Vijayawada (AWS014),2026-08-03T17:00:00Z,36.66,52.9,1006.51,SYNTHETIC_SIMULATION,SCN_CLEAN_BASELINE,CLEAN_NORMAL,NONE,NONE,NORMAL,0,0,,,none,Normal ambient weather telemetry with diurnal solar cycles
43189,Vijayawada (AWS014),2026-08-03T18:00:00Z,35.91,56.0,1007.07,SYNTHETIC_SIMULATION,SCN_CLEAN_BASELINE,CLEAN_NORMAL,NONE,NONE,NORMAL,0,0,,,none,Normal ambient weather telemetry with diurnal solar cycles
43189,Vijayawada (AWS014),2026-08-03T19:00:00Z,34.7,58.6,1007.32,SYNTHETIC_SIMULATION,SCN_CLEAN_BASELINE,CLEAN_NORMAL,NONE,NONE,NORMAL,0,0,,,none,Normal ambient weather telemetry with diurnal solar cycles
43189,Vijayawada (AWS014),2026-08-03T20:00:00Z,32.66,60.2,1007.72,SYNTHETIC_SIMULATION,SCN_CLEAN_BASELINE,CLEAN_NORMAL,NONE,NONE,NORMAL,0,0,,,none,Normal ambient weather telemetry with diurnal solar cycles
43189,Vijayawada (AWS014),2026-08-03T21:00:00Z,31.45,67.7,1008.95,SYNTHETIC_SIMULATION,SCN_CLEAN_BASELINE,CLEAN_NORMAL,NONE,NONE,NORMAL,0,0,,,none,Normal ambient weather telemetry with diurnal solar cycles
43189,Vijayawada (AWS014),2026-08-03T22:00:00Z,30.37,69.5,1009.6,SYNTHETIC_SIMULATION,SCN_CLEAN_BASELINE,CLEAN_NORMAL,NONE,NONE,NORMAL,0,0,,,none,Normal ambient weather telemetry with diurnal solar cycles
43189,Vijayawada (AWS014),2026-08-03T23:00:00Z,29.43,73.5,1010.43,SYNTHETIC_SIMULATION,SCN_CLEAN_BASELINE,CLEAN_NORMAL,NONE,NONE,NORMAL,0,0,,,none,Normal ambient weather telemetry with diurnal solar cycles
43189,Vijayawada (AWS014),2026-08-04T00:00:00Z,27.38,76.6,1010.27,SYNTHETIC_SIMULATION,SCN_CLEAN_BASELINE,CLEAN_NORMAL,NONE,NONE,NORMAL,0,0,,,none,Normal ambient weather telemetry with diurnal solar cycles
43189,Vijayawada (AWS014),2026-08-04T01:00:00Z,26.87,77.6,1010.71,SYNTHETIC_SIMULATION,SCN_CLEAN_BASELINE,CLEAN_NORMAL,NONE,NONE,NORMAL,0,0,,,none,Normal ambient weather telemetry with diurnal solar cycles
43189,Vijayawada (AWS014),2026-08-04T02:00:00Z,26.56,80.3,1010.4,SYNTHETIC_SIMULATION,SCN_CLEAN_BASELINE,CLEAN_NORMAL,NONE,NONE,NORMAL,0,0,,,none,Normal ambient weather telemetry with diurnal solar cycles
43189,Vijayawada (AWS014),2026-08-04T03:00:00Z,26.32,79.6,1009.36,SYNTHETIC_SIMULATION,SCN_CLEAN_BASELINE,CLEAN_NORMAL,NONE,NONE,NORMAL,0,0,,,none,Normal ambient weather telemetry with diurnal solar cycles
43189,Vijayawada (AWS014),2026-08-04T04:00:00Z,26.64,80.2,1009.06,SYNTHETIC_SIMULATION,SCN_CLEAN_BASELINE,CLEAN_NORMAL,NONE,NONE,NORMAL,0,0,,,none,Normal ambient weather telemetry with diurnal solar cycles
43189,Vijayawada (AWS014),2026-08-04T05:00:00Z,26.79,78.0,1008.79,SYNTHETIC_SIMULATION,SCN_CLEAN_BASELINE,CLEAN_NORMAL,NONE,NONE,NORMAL,0,0,,,none,Normal ambient weather telemetry with diurnal solar cycles
43189,Vijayawada (AWS014),2026-08-04T06:00:00Z,27.76,77.2,1008.74,SYNTHETIC_SIMULATION,SCN_CLEAN_BASELINE,CLEAN_NORMAL,NONE,NONE,NORMAL,0,0,,,none,Normal ambient weather telemetry with diurnal solar cycles
43189,Vijayawada (AWS014),2026-08-04T07:00:00Z,28.74,72.5,1009.15,SYNTHETIC_SIMULATION,SCN_CLEAN_BASELINE,CLEAN_NORMAL,NONE,NONE,NORMAL,0,0,,,none,Normal ambient weather telemetry with diurnal solar cycles
43189,Vijayawada (AWS014),2026-08-04T08:00:00Z,30.43,69.2,1009.95,SYNTHETIC_SIMULATION,SCN_CLEAN_BASELINE,CLEAN_NORMAL,NONE,NONE,NORMAL,0,0,,,none,Normal ambient weather telemetry with diurnal solar cycles
43189,Vijayawada (AWS014),2026-08-04T09:00:00Z,31.11,64.3,1010.76,SYNTHETIC_SIMULATION,SCN_CLEAN_BASELINE,CLEAN_NORMAL,NONE,NONE,NORMAL,0,0,,,none,Normal ambient weather telemetry with diurnal solar cycles
43189,Vijayawada (AWS014),2026-08-04T10:00:00Z,32.59,61.6,1011.45,SYNTHETIC_SIMULATION,SCN_CLEAN_BASELINE,CLEAN_NORMAL,NONE,NONE,NORMAL,0,0,,,none,Normal ambient weather telemetry with diurnal solar cycles
43189,Vijayawada (AWS014),2026-08-04T11:00:00Z,34.0,59.1,1012.02,SYNTHETIC_SIMULATION,SCN_CLEAN_BASELINE,CLEAN_NORMAL,NONE,NONE,NORMAL,0,0,,,none,Normal ambient weather telemetry with diurnal solar cycles
43189,Vijayawada (AWS014),2026-08-04T12:00:00Z,34.6,57.6,1012.08,SYNTHETIC_SIMULATION,SCN_CLEAN_BASELINE,CLEAN_NORMAL,NONE,NONE,NORMAL,0,0,,,none,Normal ambient weather telemetry with diurnal solar cycles
43189,Vijayawada (AWS014),2026-08-04T13:00:00Z,35.03,55.4,1012.02,SYNTHETIC_SIMULATION,SCN_CLEAN_BASELINE,CLEAN_NORMAL,NONE,NONE,NORMAL,0,0,,,none,Normal ambient weather telemetry with diurnal solar cycles
43189,Vijayawada (AWS014),2026-08-04T14:00:00Z,36.4,54.9,1011.86,SYNTHETIC_SIMULATION,SCN_CLEAN_BASELINE,CLEAN_NORMAL,NONE,NONE,NORMAL,0,0,,,none,Normal ambient weather telemetry with diurnal solar cycles
43189,Vijayawada (AWS014),2026-08-04T15:00:00Z,35.25,56.0,1011.11,SYNTHETIC_SIMULATION,SCN_CLEAN_BASELINE,CLEAN_NORMAL,NONE,NONE,NORMAL,0,0,,,none,Normal ambient weather telemetry with diurnal solar cycles
43189,Vijayawada (AWS014),2026-08-04T16:00:00Z,35.24,56.8,1010.34,SYNTHETIC_SIMULATION,SCN_CLEAN_BASELINE,CLEAN_NORMAL,NONE,NONE,NORMAL,0,0,,,none,Normal ambient weather telemetry with diurnal solar cycles
43189,Vijayawada (AWS014),2026-08-04T17:00:00Z,34.93,56.2,1010.29,SYNTHETIC_SIMULATION,SCN_CLEAN_BASELINE,CLEAN_NORMAL,NONE,NONE,NORMAL,0,0,,,none,Normal ambient weather telemetry with diurnal solar cycles
43189,Vijayawada (AWS014),2026-08-04T18:00:00Z,33.42,60.5,1010.04,SYNTHETIC_SIMULATION,SCN_CLEAN_BASELINE,CLEAN_NORMAL,NONE,NONE,NORMAL,0,0,,,none,Normal ambient weather telemetry with diurnal solar cycles
43189,Vijayawada (AWS014),2026-08-04T19:00:00Z,31.79,63.3,1010.08,SYNTHETIC_SIMULATION,SCN_CLEAN_BASELINE,CLEAN_NORMAL,NONE,NONE,NORMAL,0,0,,,none,Normal ambient weather telemetry with diurnal solar cycles
43189,Vijayawada (AWS014),2026-08-04T20:00:00Z,30.28,67.4,1010.55,SYNTHETIC_SIMULATION,SCN_CLEAN_BASELINE,CLEAN_NORMAL,NONE,NONE,NORMAL,0,0,,,none,Normal ambient weather telemetry with diurnal solar cycles
43189,Vijayawada (AWS014),2026-08-04T21:00:00Z,29.59,71.0,1011.91,SYNTHETIC_SIMULATION,SCN_CLEAN_BASELINE,CLEAN_NORMAL,NONE,NONE,NORMAL,0,0,,,none,Normal ambient weather telemetry with diurnal solar cycles
43189,Vijayawada (AWS014),2026-08-04T22:00:00Z,28.37,75.7,1012.27,SYNTHETIC_SIMULATION,SCN_CLEAN_BASELINE,CLEAN_NORMAL,NONE,NONE,NORMAL,0,0,,,none,Normal ambient weather telemetry with diurnal solar cycles
43189,Vijayawada (AWS014),2026-08-04T23:00:00Z,27.11,76.9,1012.84,SYNTHETIC_SIMULATION,SCN_CLEAN_BASELINE,CLEAN_NORMAL,NONE,NONE,NORMAL,0,0,,,none,Normal ambient weather telemetry with diurnal solar cycles
43189,Vijayawada (AWS014),2026-08-05T00:00:00Z,26.32,80.5,1013.11,SYNTHETIC_SIMULATION,SCN_CLEAN_BASELINE,CLEAN_NORMAL,NONE,NONE,NORMAL,0,0,,,none,Normal ambient weather telemetry with diurnal solar cycles
43189,Vijayawada (AWS014),2026-08-05T01:00:00Z,25.4,82.7,1012.97,SYNTHETIC_SIMULATION,SCN_CLEAN_BASELINE,CLEAN_NORMAL,NONE,NONE,NORMAL,0,0,,,none,Normal ambient weather telemetry with diurnal solar cycles
43189,Vijayawada (AWS014),2026-08-05T02:00:00Z,24.59,83.4,1012.31,SYNTHETIC_SIMULATION,SCN_CLEAN_BASELINE,CLEAN_NORMAL,NONE,NONE,NORMAL,0,0,,,none,Normal ambient weather telemetry with diurnal solar cycles
43189,Vijayawada (AWS014),2026-08-05T03:00:00Z,25.06,84.8,1012.03,SYNTHETIC_SIMULATION,SCN_CLEAN_BASELINE,CLEAN_NORMAL,NONE,NONE,NORMAL,0,0,,,none,Normal ambient weather telemetry with diurnal solar cycles
43189,Vijayawada (AWS014),2026-08-05T04:00:00Z,25.42,80.6,1010.61,SYNTHETIC_SIMULATION,SCN_CLEAN_BASELINE,CLEAN_NORMAL,NONE,NONE,NORMAL,0,0,,,none,Normal ambient weather telemetry with diurnal solar cycles
43189,Vijayawada (AWS014),2026-08-05T05:00:00Z,26.01,82.9,1010.63,SYNTHETIC_SIMULATION,SCN_CLEAN_BASELINE,CLEAN_NORMAL,NONE,NONE,NORMAL,0,0,,,none,Normal ambient weather telemetry with diurnal solar cycles
43189,Vijayawada (AWS014),2026-08-05T06:00:00Z,26.59,78.1,1010.51,SYNTHETIC_SIMULATION,SCN_CLEAN_BASELINE,CLEAN_NORMAL,NONE,NONE,NORMAL,0,0,,,none,Normal ambient weather telemetry with diurnal solar cycles
43189,Vijayawada (AWS014),2026-08-05T07:00:00Z,28.14,75.1,1010.72,SYNTHETIC_SIMULATION,SCN_CLEAN_BASELINE,CLEAN_NORMAL,NONE,NONE,NORMAL,0,0,,,none,Normal ambient weather telemetry with diurnal solar cycles
43189,Vijayawada (AWS014),2026-08-05T08:00:00Z,28.95,71.5,1011.13,SYNTHETIC_SIMULATION,SCN_CLEAN_BASELINE,CLEAN_NORMAL,NONE,NONE,NORMAL,0,0,,,none,Normal ambient weather telemetry with diurnal solar cycles
43189,Vijayawada (AWS014),2026-08-05T09:00:00Z,29.96,65.9,1011.43,SYNTHETIC_SIMULATION,SCN_CLEAN_BASELINE,CLEAN_NORMAL,NONE,NONE,NORMAL,0,0,,,none,Normal ambient weather telemetry with diurnal solar cycles
43189,Vijayawada (AWS014),2026-08-05T10:00:00Z,31.89,65.6,1012.33,SYNTHETIC_SIMULATION,SCN_CLEAN_BASELINE,CLEAN_NORMAL,NONE,NONE,NORMAL,0,0,,,none,Normal ambient weather telemetry with diurnal solar cycles
43189,Vijayawada (AWS014),2026-08-05T11:00:00Z,33.67,61.1,1012.35,SYNTHETIC_SIMULATION,SCN_CLEAN_BASELINE,CLEAN_NORMAL,NONE,NONE,NORMAL,0,0,,,none,Normal ambient weather telemetry with diurnal solar cycles
43189,Vijayawada (AWS014),2026-08-05T12:00:00Z,34.5,58.2,1012.95,SYNTHETIC_SIMULATION,SCN_CLEAN_BASELINE,CLEAN_NORMAL,NONE,NONE,NORMAL,0,0,,,none,Normal ambient weather telemetry with diurnal solar cycles
43189,Vijayawada (AWS014),2026-08-05T13:00:00Z,34.76,56.5,1012.68,SYNTHETIC_SIMULATION,SCN_CLEAN_BASELINE,CLEAN_NORMAL,NONE,NONE,NORMAL,0,0,,,none,Normal ambient weather telemetry with diurnal solar cycles
43189,Vijayawada (AWS014),2026-08-05T14:00:00Z,35.48,53.1,1011.76,SYNTHETIC_SIMULATION,SCN_CLEAN_BASELINE,CLEAN_NORMAL,NONE,NONE,NORMAL,0,0,,,none,Normal ambient weather telemetry with diurnal solar cycles
43189,Vijayawada (AWS014),2026-08-05T15:00:00Z,35.71,55.1,1010.61,SYNTHETIC_SIMULATION,SCN_CLEAN_BASELINE,CLEAN_NORMAL,NONE,NONE,NORMAL,0,0,,,none,Normal ambient weather telemetry with diurnal solar cycles
43189,Vijayawada (AWS014),2026-08-05T16:00:00Z,35.48,54.5,1010.25,SYNTHETIC_SIMULATION,SCN_CLEAN_BASELINE,CLEAN_NORMAL,NONE,NONE,NORMAL,0,0,,,none,Normal ambient weather telemetry with diurnal solar cycles
43189,Vijayawada (AWS014),2026-08-05T17:00:00Z,34.9,55.9,1010.02,SYNTHETIC_SIMULATION,SCN_CLEAN_BASELINE,CLEAN_NORMAL,NONE,NONE,NORMAL,0,0,,,none,Normal ambient weather telemetry with diurnal solar cycles
43189,Vijayawada (AWS014),2026-08-05T18:00:00Z,34.25,58.3,1009.23,SYNTHETIC_SIMULATION,SCN_CLEAN_BASELINE,CLEAN_NORMAL,NONE,NONE,NORMAL,0,0,,,none,Normal ambient weather telemetry with diurnal solar cycles
43189,Vijayawada (AWS014),2026-08-05T19:00:00Z,32.37,63.7,1009.56,SYNTHETIC_SIMULATION,SCN_CLEAN_BASELINE,CLEAN_NORMAL,NONE,NONE,NORMAL,0,0,,,none,Normal ambient weather telemetry with diurnal solar cycles
43189,Vijayawada (AWS014),2026-08-05T20:00:00Z,31.23,64.8,1010.07,SYNTHETIC_SIMULATION,SCN_CLEAN_BASELINE,CLEAN_NORMAL,NONE,NONE,NORMAL,0,0,,,none,Normal ambient weather telemetry with diurnal solar cycles
43189,Vijayawada (AWS014),2026-08-05T21:00:00Z,30.41,68.0,1010.51,SYNTHETIC_SIMULATION,SCN_CLEAN_BASELINE,CLEAN_NORMAL,NONE,NONE,NORMAL,0,0,,,none,Normal ambient weather telemetry with diurnal solar cycles
43189,Vijayawada (AWS014),2026-08-05T22:00:00Z,28.54,72.3,1010.69,SYNTHETIC_SIMULATION,SCN_CLEAN_BASELINE,CLEAN_NORMAL,NONE,NONE,NORMAL,0,0,,,none,Normal ambient weather telemetry with diurnal solar cycles
43189,Vijayawada (AWS014),2026-08-05T23:00:00Z,27.74,73.1,1011.41,SYNTHETIC_SIMULATION,SCN_CLEAN_BASELINE,CLEAN_NORMAL,NONE,NONE,NORMAL,0,0,,,none,Normal ambient weather telemetry with diurnal solar cycles
43189,Vijayawada (AWS014),2026-08-06T00:00:00Z,26.5,79.8,1011.69,SYNTHETIC_SIMULATION,SCN_CLEAN_BASELINE,CLEAN_NORMAL,NONE,NONE,NORMAL,0,0,,,none,Normal ambient weather telemetry with diurnal solar cycles
43189,Vijayawada (AWS014),2026-08-06T01:00:00Z,26.39,79.8,1010.93,SYNTHETIC_SIMULATION,SCN_CLEAN_BASELINE,CLEAN_NORMAL,NONE,NONE,NORMAL,0,0,,,none,Normal ambient weather telemetry with diurnal solar cycles
43189,Vijayawada (AWS014),2026-08-06T02:00:00Z,25.94,80.0,1010.96,SYNTHETIC_SIMULATION,SCN_CLEAN_BASELINE,CLEAN_NORMAL,NONE,NONE,NORMAL,0,0,,,none,Normal ambient weather telemetry with diurnal solar cycles
43189,Vijayawada (AWS014),2026-08-06T03:00:00Z,26.15,80.8,1009.72,SYNTHETIC_SIMULATION,SCN_CLEAN_BASELINE,CLEAN_NORMAL,NONE,NONE,NORMAL,0,0,,,none,Normal ambient weather telemetry with diurnal solar cycles
43189,Vijayawada (AWS014),2026-08-06T04:00:00Z,26.91,79.8,1008.95,SYNTHETIC_SIMULATION,SCN_CLEAN_BASELINE,CLEAN_NORMAL,NONE,NONE,NORMAL,0,0,,,none,Normal ambient weather telemetry with diurnal solar cycles
43189,Vijayawada (AWS014),2026-08-06T05:00:00Z,27.84,75.6,1008.54,SYNTHETIC_SIMULATION,SCN_CLEAN_BASELINE,CLEAN_NORMAL,NONE,NONE,NORMAL,0,0,,,none,Normal ambient weather telemetry with diurnal solar cycles
43189,Vijayawada (AWS014),2026-08-06T06:00:00Z,29.01,74.4,1007.53,SYNTHETIC_SIMULATION,SCN_CLEAN_BASELINE,CLEAN_NORMAL,NONE,NONE,NORMAL,0,0,,,none,Normal ambient weather telemetry with diurnal solar cycles
43189,Vijayawada (AWS014),2026-08-06T07:00:00Z,29.7,70.7,1007.61,SYNTHETIC_SIMULATION,SCN_CLEAN_BASELINE,CLEAN_NORMAL,NONE,NONE,NORMAL,0,0,,,none,Normal ambient weather telemetry with diurnal solar cycles
43189,Vijayawada (AWS014),2026-08-06T08:00:00Z,30.62,67.7,1007.52,SYNTHETIC_SIMULATION,SCN_CLEAN_BASELINE,CLEAN_NORMAL,NONE,NONE,NORMAL,0,0,,,none,Normal ambient weather telemetry with diurnal solar cycles
43189,Vijayawada (AWS014),2026-08-06T09:00:00Z,33.07,61.7,1008.71,SYNTHETIC_SIMULATION,SCN_CLEAN_BASELINE,CLEAN_NORMAL,NONE,NONE,NORMAL,0,0,,,none,Normal ambient weather telemetry with diurnal solar cycles
43189,Vijayawada (AWS014),2026-08-06T10:00:00Z,34.12,59.6,1009.31,SYNTHETIC_SIMULATION,SCN_CLEAN_BASELINE,CLEAN_NORMAL,NONE,NONE,NORMAL,0,0,,,none,Normal ambient weather telemetry with diurnal solar cycles
43189,Vijayawada (AWS014),2026-08-06T11:00:00Z,35.03,57.2,1009.41,SYNTHETIC_SIMULATION,SCN_CLEAN_BASELINE,CLEAN_NORMAL,NONE,NONE,NORMAL,0,0,,,none,Normal ambient weather telemetry with diurnal solar cycles
43189,Vijayawada (AWS014),2026-08-06T12:00:00Z,36.38,55.3,1009.61,SYNTHETIC_SIMULATION,SCN_CLEAN_BASELINE,CLEAN_NORMAL,NONE,NONE,NORMAL,0,0,,,none,Normal ambient weather telemetry with diurnal solar cycles
43189,Vijayawada (AWS014),2026-08-06T13:00:00Z,37.24,50.0,1009.0,SYNTHETIC_SIMULATION,SCN_CLEAN_BASELINE,CLEAN_NORMAL,NONE,NONE,NORMAL,0,0,,,none,Normal ambient weather telemetry with diurnal solar cycles
43189,Vijayawada (AWS014),2026-08-06T14:00:00Z,37.68,51.1,1008.89,SYNTHETIC_SIMULATION,SCN_CLEAN_BASELINE,CLEAN_NORMAL,NONE,NONE,NORMAL,0,0,,,none,Normal ambient weather telemetry with diurnal solar cycles
43189,Vijayawada (AWS014),2026-08-06T15:00:00Z,38.05,49.0,1007.83,SYNTHETIC_SIMULATION,SCN_CLEAN_BASELINE,CLEAN_NORMAL,NONE,NONE,NORMAL,0,0,,,none,Normal ambient weather telemetry with diurnal solar cycles
43189,Vijayawada (AWS014),2026-08-06T16:00:00Z,38.24,51.4,1006.6,SYNTHETIC_SIMULATION,SCN_CLEAN_BASELINE,CLEAN_NORMAL,NONE,NONE,NORMAL,0,0,,,none,Normal ambient weather telemetry with diurnal solar cycles
43189,Vijayawada (AWS014),2026-08-06T17:00:00Z,36.66,51.8,1006.49,SYNTHETIC_SIMULATION,SCN_CLEAN_BASELINE,CLEAN_NORMAL,NONE,NONE,NORMAL,0,0,,,none,Normal ambient weather telemetry with diurnal solar cycles
43189,Vijayawada (AWS014),2026-08-06T18:00:00Z,36.57,52.3,1006.12,SYNTHETIC_SIMULATION,SCN_CLEAN_BASELINE,CLEAN_NORMAL,NONE,NONE,NORMAL,0,0,,,none,Normal ambient weather telemetry with diurnal solar cycles
43189,Vijayawada (AWS014),2026-08-06T19:00:00Z,34.65,56.4,1006.02,SYNTHETIC_SIMULATION,SCN_CLEAN_BASELINE,CLEAN_NORMAL,NONE,NONE,NORMAL,0,0,,,none,Normal ambient weather telemetry with diurnal solar cycles
43189,Vijayawada (AWS014),2026-08-06T20:00:00Z,33.64,58.7,1006.3,SYNTHETIC_SIMULATION,SCN_CLEAN_BASELINE,CLEAN_NORMAL,NONE,NONE,NORMAL,0,0,,,none,Normal ambient weather telemetry with diurnal solar cycles
43189,Vijayawada (AWS014),2026-08-06T21:00:00Z,32.94,63.2,1006.84,SYNTHETIC_SIMULATION,SCN_CLEAN_BASELINE,CLEAN_NORMAL,NONE,NONE,NORMAL,0,0,,,none,Normal ambient weather telemetry with diurnal solar cycles
43189,Vijayawada (AWS014),2026-08-06T22:00:00Z,30.74,67.6,1006.96,SYNTHETIC_SIMULATION,SCN_CLEAN_BASELINE,CLEAN_NORMAL,NONE,NONE,NORMAL,0,0,,,none,Normal ambient weather telemetry with diurnal solar cycles
43189,Vijayawada (AWS014),2026-08-06T23:00:00Z,30.38,69.0,1007.85,SYNTHETIC_SIMULATION,SCN_CLEAN_BASELINE,CLEAN_NORMAL,NONE,NONE,NORMAL,0,0,,,none,Normal ambient weather telemetry with diurnal solar cycles
43189,Vijayawada (AWS014),2026-08-07T00:00:00Z,30.0,73.8,1007.84,SYNTHETIC_SIMULATION,SCN_CLEAN_BASELINE,CLEAN_NORMAL,NONE,NONE,NORMAL,0,0,,,none,Normal ambient weather telemetry with diurnal solar cycles
43189,Vijayawada (AWS014),2026-08-07T01:00:00Z,28.44,72.6,1006.97,SYNTHETIC_SIMULATION,SCN_CLEAN_BASELINE,CLEAN_NORMAL,NONE,NONE,NORMAL,0,0,,,none,Normal ambient weather telemetry with diurnal solar cycles
43189,Vijayawada (AWS014),2026-08-07T02:00:00Z,28.71,73.1,1006.7,SYNTHETIC_SIMULATION,SCN_CLEAN_BASELINE,CLEAN_NORMAL,NONE,NONE,NORMAL,0,0,,,none,Normal ambient weather telemetry with diurnal solar cycles
43189,Vijayawada (AWS014),2026-08-07T03:00:00Z,28.93,73.7,1005.49,SYNTHETIC_SIMULATION,SCN_CLEAN_BASELINE,CLEAN_NORMAL,NONE,NONE,NORMAL,0,0,,,none,Normal ambient weather telemetry with diurnal solar cycles
43189,Vijayawada (AWS014),2026-08-07T04:00:00Z,28.82,73.4,1004.9,SYNTHETIC_SIMULATION,SCN_CLEAN_BASELINE,CLEAN_NORMAL,NONE,NONE,NORMAL,0,0,,,none,Normal ambient weather telemetry with diurnal solar cycles
43189,Vijayawada (AWS014),2026-08-07T05:00:00Z,29.87,71.3,1004.37,SYNTHETIC_SIMULATION,SCN_CLEAN_BASELINE,CLEAN_NORMAL,NONE,NONE,NORMAL,0,0,,,none,Normal ambient weather telemetry with diurnal solar cycles
43189,Vijayawada (AWS014),2026-08-07T06:00:00Z,30.96,66.7,1004.18,SYNTHETIC_SIMULATION,SCN_CLEAN_BASELINE,CLEAN_NORMAL,NONE,NONE,NORMAL,0,0,,,none,Normal ambient weather telemetry with diurnal solar cycles
43189,Vijayawada (AWS014),2026-08-07T07:00:00Z,31.85,65.7,1004.02,SYNTHETIC_SIMULATION,SCN_CLEAN_BASELINE,CLEAN_NORMAL,NONE,NONE,NORMAL,0,0,,,none,Normal ambient weather telemetry with diurnal solar cycles
43189,Vijayawada (AWS014),2026-08-07T08:00:00Z,34.1,59.7,1004.6,SYNTHETIC_SIMULATION,SCN_CLEAN_BASELINE,CLEAN_NORMAL,NONE,NONE,NORMAL,0,0,,,none,Normal ambient weather telemetry with diurnal solar cycles
43189,Vijayawada (AWS014),2026-08-07T09:00:00Z,34.74,57.4,1005.27,SYNTHETIC_SIMULATION,SCN_CLEAN_BASELINE,CLEAN_NORMAL,NONE,NONE,NORMAL,0,0,,,none,Normal ambient weather telemetry with diurnal solar cycles
43189,Vijayawada (AWS014),2026-08-07T10:00:00Z,36.32,53.6,1005.56,SYNTHETIC_SIMULATION,SCN_CLEAN_BASELINE,CLEAN_NORMAL,NONE,NONE,NORMAL,0,0,,,none,Normal ambient weather telemetry with diurnal solar cycles
43189,Vijayawada (AWS014),2026-08-07T11:00:00Z,38.01,49.8,1006.59,SYNTHETIC_SIMULATION,SCN_CLEAN_BASELINE,CLEAN_NORMAL,NONE,NONE,NORMAL,0,0,,,none,Normal ambient weather telemetry with diurnal solar cycles
43189,Vijayawada (AWS014),2026-08-07T12:00:00Z,38.87,46.7,1006.44,SYNTHETIC_SIMULATION,SCN_CLEAN_BASELINE,CLEAN_NORMAL,NONE,NONE,NORMAL,0,0,,,none,Normal ambient weather telemetry with diurnal solar cycles
43189,Vijayawada (AWS014),2026-08-07T13:00:00Z,38.98,47.0,1006.31,SYNTHETIC_SIMULATION,SCN_CLEAN_BASELINE,CLEAN_NORMAL,NONE,NONE,NORMAL,0,0,,,none,Normal ambient weather telemetry with diurnal solar cycles
43189,Vijayawada (AWS014),2026-08-07T14:00:00Z,39.62,45.4,1005.91,SYNTHETIC_SIMULATION,SCN_CLEAN_BASELINE,CLEAN_NORMAL,NONE,NONE,NORMAL,0,0,,,none,Normal ambient weather telemetry with diurnal solar cycles
43189,Vijayawada (AWS014),2026-08-07T15:00:00Z,39.88,43.9,1004.37,SYNTHETIC_SIMULATION,SCN_CLEAN_BASELINE,CLEAN_NORMAL,NONE,NONE,NORMAL,0,0,,,none,Normal ambient weather telemetry with diurnal solar cycles
43189,Vijayawada (AWS014),2026-08-07T16:00:00Z,39.21,47.3,1004.45,SYNTHETIC_SIMULATION,SCN_CLEAN_BASELINE,CLEAN_NORMAL,NONE,NONE,NORMAL,0,0,,,none,Normal ambient weather telemetry with diurnal solar cycles
43189,Vijayawada (AWS014),2026-08-07T17:00:00Z,38.82,47.7,1003.23,SYNTHETIC_SIMULATION,SCN_CLEAN_BASELINE,CLEAN_NORMAL,NONE,NONE,NORMAL,0,0,,,none,Normal ambient weather telemetry with diurnal solar cycles
43189,Vijayawada (AWS014),2026-08-07T18:00:00Z,37.12,50.7,1003.36,SYNTHETIC_SIMULATION,SCN_CLEAN_BASELINE,CLEAN_NORMAL,NONE,NONE,NORMAL,0,0,,,none,Normal ambient weather telemetry with diurnal solar cycles
43189,Vijayawada (AWS014),2026-08-07T19:00:00Z,36.35,53.7,1003.75,SYNTHETIC_SIMULATION,SCN_CLEAN_BASELINE,CLEAN_NORMAL,NONE,NONE,NORMAL,0,0,,,none,Normal ambient weather telemetry with diurnal solar cycles
43189,Vijayawada (AWS014),2026-08-07T20:00:00Z,35.27,56.2,1004.09,SYNTHETIC_SIMULATION,SCN_CLEAN_BASELINE,CLEAN_NORMAL,NONE,NONE,NORMAL,0,0,,,none,Normal ambient weather telemetry with diurnal solar cycles
43189,Vijayawada (AWS014),2026-08-07T21:00:00Z,34.26,57.6,1004.49,SYNTHETIC_SIMULATION,SCN_CLEAN_BASELINE,CLEAN_NORMAL,NONE,NONE,NORMAL,0,0,,,none,Normal ambient weather telemetry with diurnal solar cycles
43189,Vijayawada (AWS014),2026-08-07T22:00:00Z,32.97,64.5,1005.28,SYNTHETIC_SIMULATION,SCN_CLEAN_BASELINE,CLEAN_NORMAL,NONE,NONE,NORMAL,0,0,,,none,Normal ambient weather telemetry with diurnal solar cycles
43189,Vijayawada (AWS014),2026-08-07T23:00:00Z,31.7,66.6,1006.08,SYNTHETIC_SIMULATION,SCN_CLEAN_BASELINE,CLEAN_NORMAL,NONE,NONE,NORMAL,0,0,,,none,Normal ambient weather telemetry with diurnal solar cycles
43189,Vijayawada (AWS014),2026-08-08T00:00:00Z,30.95,70.6,1005.93,SYNTHETIC_SIMULATION,SCN_CLEAN_BASELINE,CLEAN_NORMAL,NONE,NONE,NORMAL,0,0,,,none,Normal ambient weather telemetry with diurnal solar cycles
43189,Vijayawada (AWS014),2026-08-08T01:00:00Z,29.34,71.7,1005.61,SYNTHETIC_SIMULATION,SCN_CLEAN_BASELINE,CLEAN_NORMAL,NONE,NONE,NORMAL,0,0,,,none,Normal ambient weather telemetry with diurnal solar cycles
43189,Vijayawada (AWS014),2026-08-08T02:00:00Z,29.7,72.3,1005.46,SYNTHETIC_SIMULATION,SCN_CLEAN_BASELINE,CLEAN_NORMAL,NONE,NONE,NORMAL,0,0,,,none,Normal ambient weather telemetry with diurnal solar cycles
43189,Vijayawada (AWS014),2026-08-08T03:00:00Z,29.19,72.6,1004.96,SYNTHETIC_SIMULATION,SCN_CLEAN_BASELINE,CLEAN_NORMAL,NONE,NONE,NORMAL,0,0,,,none,Normal ambient weather telemetry with diurnal solar cycles
43189,Vijayawada (AWS014),2026-08-08T04:00:00Z,29.69,70.9,1004.12,SYNTHETIC_SIMULATION,SCN_CLEAN_BASELINE,CLEAN_NORMAL,NONE,NONE,NORMAL,0,0,,,none,Normal ambient weather telemetry with diurnal solar cycles
43189,Vijayawada (AWS014),2026-08-08T05:00:00Z,30.59,68.7,1003.31,SYNTHETIC_SIMULATION,SCN_CLEAN_BASELINE,CLEAN_NORMAL,NONE,NONE,NORMAL,0,0,,,none,Normal ambient weather telemetry with diurnal solar cycles
43189,Vijayawada (AWS014),2026-08-08T06:00:00Z,31.06,66.7,1003.36,SYNTHETIC_SIMULATION,SCN_CLEAN_BASELINE,CLEAN_NORMAL,NONE,NONE,NORMAL,0,0,,,none,Normal ambient weather telemetry with diurnal solar cycles
43189,Vijayawada (AWS014),2026-08-08T07:00:00Z,32.33,64.4,1003.92,SYNTHETIC_SIMULATION,SCN_CLEAN_BASELINE,CLEAN_NORMAL,NONE,NONE,NORMAL,0,0,,,none,Normal ambient weather telemetry with diurnal solar cycles
43189,Vijayawada (AWS014),2026-08-08T08:00:00Z,33.8,61.2,1004.53,SYNTHETIC_SIMULATION,SCN_CLEAN_BASELINE,CLEAN_NORMAL,NONE,NONE,NORMAL,0,0,,,none,Normal ambient weather telemetry with diurnal solar cycles
43189,Vijayawada (AWS014),2026-08-08T09:00:00Z,34.67,59.2,1005.36,SYNTHETIC_SIMULATION,SCN_CLEAN_BASELINE,CLEAN_NORMAL,NONE,NONE,NORMAL,0,0,,,none,Normal ambient weather telemetry with diurnal solar cycles
43189,Vijayawada (AWS014),2026-08-08T10:00:00Z,36.26,52.4,1006.23,SYNTHETIC_SIMULATION,SCN_CLEAN_BASELINE,CLEAN_NORMAL,NONE,NONE,NORMAL,0,0,,,none,Normal ambient weather telemetry with diurnal solar cycles
43189,Vijayawada (AWS014),2026-08-08T11:00:00Z,36.75,50.1,1006.9,SYNTHETIC_SIMULATION,SCN_CLEAN_BASELINE,CLEAN_NORMAL,NONE,NONE,NORMAL,0,0,,,none,Normal ambient weather telemetry with diurnal solar cycles
43189,Vijayawada (AWS014),2026-08-08T12:00:00Z,37.78,49.3,1007.09,SYNTHETIC_SIMULATION,SCN_CLEAN_BASELINE,CLEAN_NORMAL,NONE,NONE,NORMAL,0,0,,,none,Normal ambient weather telemetry with diurnal solar cycles
43189,Vijayawada (AWS014),2026-08-08T13:00:00Z,38.07,47.8,1007.15,SYNTHETIC_SIMULATION,SCN_CLEAN_BASELINE,CLEAN_NORMAL,NONE,NONE,NORMAL,0,0,,,none,Normal ambient weather telemetry with diurnal solar cycles
43189,Vijayawada (AWS014),2026-08-08T14:00:00Z,38.9,44.5,1006.43,SYNTHETIC_SIMULATION,SCN_CLEAN_BASELINE,CLEAN_NORMAL,NONE,NONE,NORMAL,0,0,,,none,Normal ambient weather telemetry with diurnal solar cycles
43189,Vijayawada (AWS014),2026-08-08T15:00:00Z,39.08,46.3,1006.14,SYNTHETIC_SIMULATION,SCN_CLEAN_BASELINE,CLEAN_NORMAL,NONE,NONE,NORMAL,0,0,,,none,Normal ambient weather telemetry with diurnal solar cycles
43189,Vijayawada (AWS014),2026-08-08T16:00:00Z,38.11,46.5,1005.36,SYNTHETIC_SIMULATION,SCN_CLEAN_BASELINE,CLEAN_NORMAL,NONE,NONE,NORMAL,0,0,,,none,Normal ambient weather telemetry with diurnal solar cycles
43189,Vijayawada (AWS014),2026-08-08T17:00:00Z,38.0,50.9,1005.19,SYNTHETIC_SIMULATION,SCN_CLEAN_BASELINE,CLEAN_NORMAL,NONE,NONE,NORMAL,0,0,,,none,Normal ambient weather telemetry with diurnal solar cycles
43189,Vijayawada (AWS014),2026-08-08T18:00:00Z,36.68,,1005.08,SYNTHETIC_SIMULATION,SCN_CLEAN_BASELINE,CLEAN_NORMAL,NONE,NONE,NORMAL,0,0,,,none,Normal ambient weather telemetry with diurnal solar cycles
43189,Vijayawada (AWS014),2026-08-08T19:00:00Z,35.81,53.8,1005.31,SYNTHETIC_SIMULATION,SCN_CLEAN_BASELINE,CLEAN_NORMAL,NONE,NONE,NORMAL,0,0,,,none,Normal ambient weather telemetry with diurnal solar cycles
43189,Vijayawada (AWS014),2026-08-08T20:00:00Z,33.62,58.1,1005.74,SYNTHETIC_SIMULATION,SCN_CLEAN_BASELINE,CLEAN_NORMAL,NONE,NONE,NORMAL,0,0,,,none,Normal ambient weather telemetry with diurnal solar cycles
43189,Vijayawada (AWS014),2026-08-08T21:00:00Z,33.13,64.8,1006.84,SYNTHETIC_SIMULATION,SCN_CLEAN_BASELINE,CLEAN_NORMAL,NONE,NONE,NORMAL,0,0,,,none,Normal ambient weather telemetry with diurnal solar cycles
43189,Vijayawada (AWS014),2026-08-08T22:00:00Z,30.77,67.4,1007.72,SYNTHETIC_SIMULATION,SCN_CLEAN_BASELINE,CLEAN_NORMAL,NONE,NONE,NORMAL,0,0,,,none,Normal ambient weather telemetry with diurnal solar cycles
43189,Vijayawada (AWS014),2026-08-08T23:00:00Z,29.42,70.5,1008.25,SYNTHETIC_SIMULATION,SCN_CLEAN_BASELINE,CLEAN_NORMAL,NONE,NONE,NORMAL,0,0,,,none,Normal ambient weather telemetry with diurnal solar cycles
43189,Vijayawada (AWS014),2026-08-09T00:00:00Z,29.14,73.8,1008.64,SYNTHETIC_SIMULATION,SCN_CLEAN_BASELINE,CLEAN_NORMAL,NONE,NONE,NORMAL,0,0,,,none,Normal ambient weather telemetry with diurnal solar cycles
43189,Vijayawada (AWS014),2026-08-09T01:00:00Z,28.35,74.3,1008.73,SYNTHETIC_SIMULATION,SCN_CLEAN_BASELINE,CLEAN_NORMAL,NONE,NONE,NORMAL,0,0,,,none,Normal ambient weather telemetry with diurnal solar cycles
43189,Vijayawada (AWS014),2026-08-09T02:00:00Z,27.0,77.2,1008.17,SYNTHETIC_SIMULATION,SCN_CLEAN_BASELINE,CLEAN_NORMAL,NONE,NONE,NORMAL,0,0,,,none,Normal ambient weather telemetry with diurnal solar cycles
43189,Vijayawada (AWS014),2026-08-09T03:00:00Z,27.17,75.3,1007.63,SYNTHETIC_SIMULATION,SCN_CLEAN_BASELINE,CLEAN_NORMAL,NONE,NONE,NORMAL,0,0,,,none,Normal ambient weather telemetry with diurnal solar cycles
43189,Vijayawada (AWS014),2026-08-09T04:00:00Z,28.23,76.7,1006.98,SYNTHETIC_SIMULATION,SCN_CLEAN_BASELINE,CLEAN_NORMAL,NONE,NONE,NORMAL,0,0,,,none,Normal ambient weather telemetry with diurnal solar cycles
43189,Vijayawada (AWS014),2026-08-09T05:00:00Z,28.63,74.2,1006.21,SYNTHETIC_SIMULATION,SCN_CLEAN_BASELINE,CLEAN_NORMAL,NONE,NONE,NORMAL,0,0,,,none,Normal ambient weather telemetry with diurnal solar cycles
43189,Vijayawada (AWS014),2026-08-09T06:00:00Z,29.29,71.0,1006.41,SYNTHETIC_SIMULATION,SCN_CLEAN_BASELINE,CLEAN_NORMAL,NONE,NONE,NORMAL,0,0,,,none,Normal ambient weather telemetry with diurnal solar cycles
43189,Vijayawada (AWS014),2026-08-09T07:00:00Z,30.66,68.0,1007.16,SYNTHETIC_SIMULATION,SCN_CLEAN_BASELINE,CLEAN_NORMAL,NONE,NONE,NORMAL,0,0,,,none,Normal ambient weather telemetry with diurnal solar cycles
43189,Vijayawada (AWS014),2026-08-09T08:00:00Z,30.94,66.2,1007.97,SYNTHETIC_SIMULATION,SCN_CLEAN_BASELINE,CLEAN_NORMAL,NONE,NONE,NORMAL,0,0,,,none,Normal ambient weather telemetry with diurnal solar cycles
43189,Vijayawada (AWS014),2026-08-09T09:00:00Z,32.5,62.7,1008.56,SYNTHETIC_SIMULATION,SCN_CLEAN_BASELINE,CLEAN_NORMAL,NONE,NONE,NORMAL,0,0,,,none,Normal ambient weather telemetry with diurnal solar cycles
43189,Vijayawada (AWS014),2026-08-09T10:00:00Z,33.68,60.3,1009.68,SYNTHETIC_SIMULATION,SCN_CLEAN_BASELINE,CLEAN_NORMAL,NONE,NONE,NORMAL,0,0,,,none,Normal ambient weather telemetry with diurnal solar cycles
43189,Vijayawada (AWS014),2026-08-09T11:00:00Z,35.13,57.4,1010.07,SYNTHETIC_SIMULATION,SCN_CLEAN_BASELINE,CLEAN_NORMAL,NONE,NONE,NORMAL,0,0,,,none,Normal ambient weather telemetry with diurnal solar cycles
43189,Vijayawada (AWS014),2026-08-09T12:00:00Z,36.02,56.0,1010.63,SYNTHETIC_SIMULATION,SCN_CLEAN_BASELINE,CLEAN_NORMAL,NONE,NONE,NORMAL,0,0,,,none,Normal ambient weather telemetry with diurnal solar cycles
43189,Vijayawada (AWS014),2026-08-09T13:00:00Z,36.6,52.5,1010.68,SYNTHETIC_SIMULATION,SCN_CLEAN_BASELINE,CLEAN_NORMAL,NONE,NONE,NORMAL,0,0,,,none,Normal ambient weather telemetry with diurnal solar cycles
43189,Vijayawada (AWS014),2026-08-09T14:00:00Z,37.13,52.7,1010.2,SYNTHETIC_SIMULATION,SCN_CLEAN_BASELINE,CLEAN_NORMAL,NONE,NONE,NORMAL,0,0,,,none,Normal ambient weather telemetry with diurnal solar cycles
43189,Vijayawada (AWS014),2026-08-09T15:00:00Z,36.25,51.4,1009.61,SYNTHETIC_SIMULATION,SCN_CLEAN_BASELINE,CLEAN_NORMAL,NONE,NONE,NORMAL,0,0,,,none,Normal ambient weather telemetry with diurnal solar cycles
43189,Vijayawada (AWS014),2026-08-09T16:00:00Z,35.81,53.4,1009.47,SYNTHETIC_SIMULATION,SCN_CLEAN_BASELINE,CLEAN_NORMAL,NONE,NONE,NORMAL,0,0,,,none,Normal ambient weather telemetry with diurnal solar cycles
43189,Vijayawada (AWS014),2026-08-09T17:00:00Z,35.81,55.2,1009.15,SYNTHETIC_SIMULATION,SCN_CLEAN_BASELINE,CLEAN_NORMAL,NONE,NONE,NORMAL,0,0,,,none,Normal ambient weather telemetry with diurnal solar cycles
43189,Vijayawada (AWS014),2026-08-09T18:00:00Z,34.33,56.9,1008.85,SYNTHETIC_SIMULATION,SCN_CLEAN_BASELINE,CLEAN_NORMAL,NONE,NONE,NORMAL,0,0,,,none,Normal ambient weather telemetry with diurnal solar cycles
43189,Vijayawada (AWS014),2026-08-09T19:00:00Z,33.2,61.0,1009.14,SYNTHETIC_SIMULATION,SCN_CLEAN_BASELINE,CLEAN_NORMAL,NONE,NONE,NORMAL,0,0,,,none,Normal ambient weather telemetry with diurnal solar cycles
43189,Vijayawada (AWS014),2026-08-09T20:00:00Z,31.93,65.9,1009.53,SYNTHETIC_SIMULATION,SCN_CLEAN_BASELINE,CLEAN_NORMAL,NONE,NONE,NORMAL,0,0,,,none,Normal ambient weather telemetry with diurnal solar cycles
43189,Vijayawada (AWS014),2026-08-09T21:00:00Z,30.13,68.6,1010.71,SYNTHETIC_SIMULATION,SCN_CLEAN_BASELINE,CLEAN_NORMAL,NONE,NONE,NORMAL,0,0,,,none,Normal ambient weather telemetry with diurnal solar cycles
43189,Vijayawada (AWS014),2026-08-09T22:00:00Z,29.7,74.0,1011.06,SYNTHETIC_SIMULATION,SCN_CLEAN_BASELINE,CLEAN_NORMAL,NONE,NONE,NORMAL,0,0,,,none,Normal ambient weather telemetry with diurnal solar cycles
43189,Vijayawada (AWS014),2026-08-09T23:00:00Z,27.64,77.1,1011.95,SYNTHETIC_SIMULATION,SCN_CLEAN_BASELINE,CLEAN_NORMAL,NONE,NONE,NORMAL,0,0,,,none,Normal ambient weather telemetry with diurnal solar cycles
43189,Vijayawada (AWS014),2026-08-10T00:00:00Z,26.65,79.5,1011.79,SYNTHETIC_SIMULATION,SCN_CLEAN_BASELINE,CLEAN_NORMAL,NONE,NONE,NORMAL,0,0,,,none,Normal ambient weather telemetry with diurnal solar cycles
43189,Vijayawada (AWS014),2026-08-10T01:00:00Z,25.37,82.4,1012.18,SYNTHETIC_SIMULATION,SCN_CLEAN_BASELINE,CLEAN_NORMAL,NONE,NONE,NORMAL,0,0,,,none,Normal ambient weather telemetry with diurnal solar cycles
43189,Vijayawada (AWS014),2026-08-10T02:00:00Z,25.26,82.6,1011.87,SYNTHETIC_SIMULATION,SCN_CLEAN_BASELINE,CLEAN_NORMAL,NONE,NONE,NORMAL,0,0,,,none,Normal ambient weather telemetry with diurnal solar cycles
43189,Vijayawada (AWS014),2026-08-10T03:00:00Z,25.38,81.4,1011.54,SYNTHETIC_SIMULATION,SCN_CLEAN_BASELINE,CLEAN_NORMAL,NONE,NONE,NORMAL,0,0,,,none,Normal ambient weather telemetry with diurnal solar cycles
43189,Vijayawada (AWS014),2026-08-10T04:00:00Z,25.57,81.1,1010.82,SYNTHETIC_SIMULATION,SCN_CLEAN_BASELINE,CLEAN_NORMAL,NONE,NONE,NORMAL,0,0,,,none,Normal ambient weather telemetry with diurnal solar cycles
43189,Vijayawada (AWS014),2026-08-10T05:00:00Z,25.93,80.6,1010.53,SYNTHETIC_SIMULATION,SCN_CLEAN_BASELINE,CLEAN_NORMAL,NONE,NONE,NORMAL,0,0,,,none,Normal ambient weather telemetry with diurnal solar cycles
43189,Vijayawada (AWS014),2026-08-10T06:00:00Z,26.98,77.0,1010.09,SYNTHETIC_SIMULATION,SCN_CLEAN_BASELINE,CLEAN_NORMAL,NONE,NONE,NORMAL,0,0,,,none,Normal ambient weather telemetry with diurnal solar cycles
43189,Vijayawada (AWS014),2026-08-10T07:00:00Z,28.46,74.3,1010.27,SYNTHETIC_SIMULATION,SCN_CLEAN_BASELINE,CLEAN_NORMAL,NONE,NONE,NORMAL,0,0,,,none,Normal ambient weather telemetry with diurnal solar cycles
43189,Vijayawada (AWS014),2026-08-10T08:00:00Z,30.18,70.0,1010.41,SYNTHETIC_SIMULATION,SCN_CLEAN_BASELINE,CLEAN_NORMAL,NONE,NONE,NORMAL,0,0,,,none,Normal ambient weather telemetry with diurnal solar cycles
43189,Vijayawada (AWS014),2026-08-10T09:00:00Z,31.07,68.8,1011.42,SYNTHETIC_SIMULATION,SCN_CLEAN_BASELINE,CLEAN_NORMAL,NONE,NONE,NORMAL,0,0,,,none,Normal ambient weather telemetry with diurnal solar cycles
43189,Vijayawada (AWS014),2026-08-10T10:00:00Z,32.62,64.3,1012.04,SYNTHETIC_SIMULATION,SCN_CLEAN_BASELINE,CLEAN_NORMAL,NONE,NONE,NORMAL,0,0,,,none,Normal ambient weather telemetry with diurnal solar cycles
43189,Vijayawada (AWS014),2026-08-10T11:00:00Z,33.07,60.9,,SYNTHETIC_SIMULATION,SCN_CLEAN_BASELINE,CLEAN_NORMAL,NONE,NONE,NORMAL,0,0,,,none,Normal ambient weather telemetry with diurnal solar cycles
43189,Vijayawada (AWS014),2026-08-10T12:00:00Z,34.33,59.3,1012.92,SYNTHETIC_SIMULATION,SCN_CLEAN_BASELINE,CLEAN_NORMAL,NONE,NONE,NORMAL,0,0,,,none,Normal ambient weather telemetry with diurnal solar cycles
43189,Vijayawada (AWS014),2026-08-10T13:00:00Z,34.73,57.0,1013.02,SYNTHETIC_SIMULATION,SCN_CLEAN_BASELINE,CLEAN_NORMAL,NONE,NONE,NORMAL,0,0,,,none,Normal ambient weather telemetry with diurnal solar cycles
43189,Vijayawada (AWS014),2026-08-10T14:00:00Z,35.49,54.4,1012.53,SYNTHETIC_SIMULATION,SCN_CLEAN_BASELINE,CLEAN_NORMAL,NONE,NONE,NORMAL,0,0,,,none,Normal ambient weather telemetry with diurnal solar cycles
43189,Vijayawada (AWS014),2026-08-10T15:00:00Z,35.35,54.7,1011.84,SYNTHETIC_SIMULATION,SCN_CLEAN_BASELINE,CLEAN_NORMAL,NONE,NONE,NORMAL,0,0,,,none,Normal ambient weather telemetry with diurnal solar cycles
43189,Vijayawada (AWS014),2026-08-10T16:00:00Z,34.87,54.6,1011.27,SYNTHETIC_SIMULATION,SCN_CLEAN_BASELINE,CLEAN_NORMAL,NONE,NONE,NORMAL,0,0,,,none,Normal ambient weather telemetry with diurnal solar cycles
43189,Vijayawada (AWS014),2026-08-10T17:00:00Z,34.49,60.5,1010.25,SYNTHETIC_SIMULATION,SCN_CLEAN_BASELINE,CLEAN_NORMAL,NONE,NONE,NORMAL,0,0,,,none,Normal ambient weather telemetry with diurnal solar cycles
43189,Vijayawada (AWS014),2026-08-10T18:00:00Z,33.39,62.5,1010.75,SYNTHETIC_SIMULATION,SCN_CLEAN_BASELINE,CLEAN_NORMAL,NONE,NONE,NORMAL,0,0,,,none,Normal ambient weather telemetry with diurnal solar cycles
43189,Vijayawada (AWS014),2026-08-10T19:00:00Z,32.54,64.2,1010.71,SYNTHETIC_SIMULATION,SCN_CLEAN_BASELINE,CLEAN_NORMAL,NONE,NONE,NORMAL,0,0,,,none,Normal ambient weather telemetry with diurnal solar cycles
43189,Vijayawada (AWS014),2026-08-10T20:00:00Z,30.23,65.7,1011.27,SYNTHETIC_SIMULATION,SCN_CLEAN_BASELINE,CLEAN_NORMAL,NONE,NONE,NORMAL,0,0,,,none,Normal ambient weather telemetry with diurnal solar cycles
43189,Vijayawada (AWS014),2026-08-10T21:00:00Z,29.32,71.1,1011.59,SYNTHETIC_SIMULATION,SCN_CLEAN_BASELINE,CLEAN_NORMAL,NONE,NONE,NORMAL,0,0,,,none,Normal ambient weather telemetry with diurnal solar cycles
43189,Vijayawada (AWS014),2026-08-10T22:00:00Z,28.07,72.5,1012.09,SYNTHETIC_SIMULATION,SCN_CLEAN_BASELINE,CLEAN_NORMAL,NONE,NONE,NORMAL,0,0,,,none,Normal ambient weather telemetry with diurnal solar cycles
43189,Vijayawada (AWS014),2026-08-10T23:00:00Z,27.52,78.0,1012.61,SYNTHETIC_SIMULATION,SCN_CLEAN_BASELINE,CLEAN_NORMAL,NONE,NONE,NORMAL,0,0,,,none,Normal ambient weather telemetry with diurnal solar cycles
43189,Vijayawada (AWS014),2026-08-11T00:00:00Z,26.63,80.8,1012.61,SYNTHETIC_SIMULATION,SCN_CLEAN_BASELINE,CLEAN_NORMAL,NONE,NONE,NORMAL,0,0,,,none,Normal ambient weather telemetry with diurnal solar cycles
43189,Vijayawada (AWS014),2026-08-11T01:00:00Z,26.0,81.9,1012.59,SYNTHETIC_SIMULATION,SCN_CLEAN_BASELINE,CLEAN_NORMAL,NONE,NONE,NORMAL,0,0,,,none,Normal ambient weather telemetry with diurnal solar cycles
43189,Vijayawada (AWS014),2026-08-11T02:00:00Z,25.19,84.4,1011.59,SYNTHETIC_SIMULATION,SCN_CLEAN_BASELINE,CLEAN_NORMAL,NONE,NONE,NORMAL,0,0,,,none,Normal ambient weather telemetry with diurnal solar cycles
43189,Vijayawada (AWS014),2026-08-11T03:00:00Z,25.54,84.9,1010.9,SYNTHETIC_SIMULATION,SCN_CLEAN_BASELINE,CLEAN_NORMAL,NONE,NONE,NORMAL,0,0,,,none,Normal ambient weather telemetry with diurnal solar cycles
43189,Vijayawada (AWS014),2026-08-11T04:00:00Z,26.12,79.9,1010.51,SYNTHETIC_SIMULATION,SCN_CLEAN_BASELINE,CLEAN_NORMAL,NONE,NONE,NORMAL,0,0,,,none,Normal ambient weather telemetry with diurnal solar cycles
43189,Vijayawada (AWS014),2026-08-11T05:00:00Z,26.6,79.7,1009.71,SYNTHETIC_SIMULATION,SCN_CLEAN_BASELINE,CLEAN_NORMAL,NONE,NONE,NORMAL,0,0,,,none,Normal ambient weather telemetry with diurnal solar cycles
43189,Vijayawada (AWS014),2026-08-11T06:00:00Z,27.43,75.7,1009.37,SYNTHETIC_SIMULATION,SCN_CLEAN_BASELINE,CLEAN_NORMAL,NONE,NONE,NORMAL,0,0,,,none,Normal ambient weather telemetry with diurnal solar cycles
43189,Vijayawada (AWS014),2026-08-11T07:00:00Z,28.54,74.9,1009.48,SYNTHETIC_SIMULATION,SCN_CLEAN_BASELINE,CLEAN_NORMAL,NONE,NONE,NORMAL,0,0,,,none,Normal ambient weather telemetry with diurnal solar cycles
43189,Vijayawada (AWS014),2026-08-11T08:00:00Z,30.77,69.3,1009.84,SYNTHETIC_SIMULATION,SCN_CLEAN_BASELINE,CLEAN_NORMAL,NONE,NONE,NORMAL,0,0,,,none,Normal ambient weather telemetry with diurnal solar cycles
43189,Vijayawada (AWS014),2026-08-11T09:00:00Z,32.02,66.1,1010.43,SYNTHETIC_SIMULATION,SCN_CLEAN_BASELINE,CLEAN_NORMAL,NONE,NONE,NORMAL,0,0,,,none,Normal ambient weather telemetry with diurnal solar cycles
43189,Vijayawada (AWS014),2026-08-11T10:00:00Z,33.1,62.1,1011.13,SYNTHETIC_SIMULATION,SCN_CLEAN_BASELINE,CLEAN_NORMAL,NONE,NONE,NORMAL,0,0,,,none,Normal ambient weather telemetry with diurnal solar cycles
43189,Vijayawada (AWS014),2026-08-11T11:00:00Z,34.02,59.1,1011.26,SYNTHETIC_SIMULATION,SCN_CLEAN_BASELINE,CLEAN_NORMAL,NONE,NONE,NORMAL,0,0,,,none,Normal ambient weather telemetry with diurnal solar cycles
43189,Vijayawada (AWS014),2026-08-11T12:00:00Z,35.94,56.1,1011.68,SYNTHETIC_SIMULATION,SCN_CLEAN_BASELINE,CLEAN_NORMAL,NONE,NONE,NORMAL,0,0,,,none,Normal ambient weather telemetry with diurnal solar cycles
43189,Vijayawada (AWS014),2026-08-11T13:00:00Z,35.98,57.1,1010.81,SYNTHETIC_SIMULATION,SCN_CLEAN_BASELINE,CLEAN_NORMAL,NONE,NONE,NORMAL,0,0,,,none,Normal ambient weather telemetry with diurnal solar cycles
43189,Vijayawada (AWS014),2026-08-11T14:00:00Z,36.55,52.2,1010.23,SYNTHETIC_SIMULATION,SCN_CLEAN_BASELINE,CLEAN_NORMAL,NONE,NONE,NORMAL,0,0,,,none,Normal ambient weather telemetry with diurnal solar cycles
43189,Vijayawada (AWS014),2026-08-11T15:00:00Z,36.35,51.0,1009.37,SYNTHETIC_SIMULATION,SCN_CLEAN_BASELINE,CLEAN_NORMAL,NONE,NONE,NORMAL,0,0,,,none,Normal ambient weather telemetry with diurnal solar cycles
43189,Vijayawada (AWS014),2026-08-11T16:00:00Z,35.67,53.4,1008.56,SYNTHETIC_SIMULATION,SCN_CLEAN_BASELINE,CLEAN_NORMAL,NONE,NONE,NORMAL,0,0,,,none,Normal ambient weather telemetry with diurnal solar cycles
43189,Vijayawada (AWS014),2026-08-11T17:00:00Z,36.52,53.9,1008.17,SYNTHETIC_SIMULATION,SCN_CLEAN_BASELINE,CLEAN_NORMAL,NONE,NONE,NORMAL,0,0,,,none,Normal ambient weather telemetry with diurnal solar cycles
43189,Vijayawada (AWS014),2026-08-11T18:00:00Z,34.35,57.2,1008.12,SYNTHETIC_SIMULATION,SCN_CLEAN_BASELINE,CLEAN_NORMAL,NONE,NONE,NORMAL,0,0,,,none,Normal ambient weather telemetry with diurnal solar cycles
43189,Vijayawada (AWS014),2026-08-11T19:00:00Z,34.1,59.3,1007.59,SYNTHETIC_SIMULATION,SCN_CLEAN_BASELINE,CLEAN_NORMAL,NONE,NONE,NORMAL,0,0,,,none,Normal ambient weather telemetry with diurnal solar cycles
43189,Vijayawada (AWS014),2026-08-11T20:00:00Z,32.95,63.3,1008.45,SYNTHETIC_SIMULATION,SCN_CLEAN_BASELINE,CLEAN_NORMAL,NONE,NONE,NORMAL,0,0,,,none,Normal ambient weather telemetry with diurnal solar cycles
43189,Vijayawada (AWS014),2026-08-11T21:00:00Z,30.99,66.3,1008.67,SYNTHETIC_SIMULATION,SCN_CLEAN_BASELINE,CLEAN_NORMAL,NONE,NONE,NORMAL,0,0,,,none,Normal ambient weather telemetry with diurnal solar cycles
43189,Vijayawada (AWS014),2026-08-11T22:00:00Z,29.97,70.2,1009.2,SYNTHETIC_SIMULATION,SCN_CLEAN_BASELINE,CLEAN_NORMAL,NONE,NONE,NORMAL,0,0,,,none,Normal ambient weather telemetry with diurnal solar cycles
43189,Vijayawada (AWS014),2026-08-11T23:00:00Z,29.05,74.2,1009.77,SYNTHETIC_SIMULATION,SCN_CLEAN_BASELINE,CLEAN_NORMAL,NONE,NONE,NORMAL,0,0,,,none,Normal ambient weather telemetry with diurnal solar cycles
43189,Vijayawada (AWS014),2026-08-12T00:00:00Z,28.5,74.4,1009.52,SYNTHETIC_SIMULATION,SCN_CLEAN_BASELINE,CLEAN_NORMAL,NONE,NONE,NORMAL,0,0,,,none,Normal ambient weather telemetry with diurnal solar cycles
43189,Vijayawada (AWS014),2026-08-12T01:00:00Z,28.01,78.1,1009.29,SYNTHETIC_SIMULATION,SCN_CLEAN_BASELINE,CLEAN_NORMAL,NONE,NONE,NORMAL,0,0,,,none,Normal ambient weather telemetry with diurnal solar cycles
43189,Vijayawada (AWS014),2026-08-12T02:00:00Z,27.22,79.1,1008.4,SYNTHETIC_SIMULATION,SCN_CLEAN_BASELINE,CLEAN_NORMAL,NONE,NONE,NORMAL,0,0,,,none,Normal ambient weather telemetry with diurnal solar cycles
43189,Vijayawada (AWS014),2026-08-12T03:00:00Z,27.8,77.3,1007.4,SYNTHETIC_SIMULATION,SCN_CLEAN_BASELINE,CLEAN_NORMAL,NONE,NONE,NORMAL,0,0,,,none,Normal ambient weather telemetry with diurnal solar cycles
43189,Vijayawada (AWS014),2026-08-12T04:00:00Z,27.55,76.8,1007.05,SYNTHETIC_SIMULATION,SCN_CLEAN_BASELINE,CLEAN_NORMAL,NONE,NONE,NORMAL,0,0,,,none,Normal ambient weather telemetry with diurnal solar cycles
43189,Vijayawada (AWS014),2026-08-12T05:00:00Z,28.2,74.2,1006.2,SYNTHETIC_SIMULATION,SCN_CLEAN_BASELINE,CLEAN_NORMAL,NONE,NONE,NORMAL,0,0,,,none,Normal ambient weather telemetry with diurnal solar cycles
43189,Vijayawada (AWS014),2026-08-12T06:00:00Z,29.99,70.5,1005.82,SYNTHETIC_SIMULATION,SCN_CLEAN_BASELINE,CLEAN_NORMAL,NONE,NONE,NORMAL,0,0,,,none,Normal ambient weather telemetry with diurnal solar cycles
43189,Vijayawada (AWS014),2026-08-12T07:00:00Z,31.4,65.7,1006.3,SYNTHETIC_SIMULATION,SCN_CLEAN_BASELINE,CLEAN_NORMAL,NONE,NONE,NORMAL,0,0,,,none,Normal ambient weather telemetry with diurnal solar cycles
43189,Vijayawada (AWS014),2026-08-12T08:00:00Z,32.51,64.7,1006.15,SYNTHETIC_SIMULATION,SCN_CLEAN_BASELINE,CLEAN_NORMAL,NONE,NONE,NORMAL,0,0,,,none,Normal ambient weather telemetry with diurnal solar cycles
43189,Vijayawada (AWS014),2026-08-12T09:00:00Z,34.41,59.8,1006.77,SYNTHETIC_SIMULATION,SCN_CLEAN_BASELINE,CLEAN_NORMAL,NONE,NONE,NORMAL,0,0,,,none,Normal ambient weather telemetry with diurnal solar cycles
43189,Vijayawada (AWS014),2026-08-12T10:00:00Z,34.79,55.0,1007.21,SYNTHETIC_SIMULATION,SCN_CLEAN_BASELINE,CLEAN_NORMAL,NONE,NONE,NORMAL,0,0,,,none,Normal ambient weather telemetry with diurnal solar cycles
43189,Vijayawada (AWS014),2026-08-12T11:00:00Z,36.89,52.6,1007.74,SYNTHETIC_SIMULATION,SCN_CLEAN_BASELINE,CLEAN_NORMAL,NONE,NONE,NORMAL,0,0,,,none,Normal ambient weather telemetry with diurnal solar cycles
43189,Vijayawada (AWS014),2026-08-12T12:00:00Z,37.69,49.6,1007.75,SYNTHETIC_SIMULATION,SCN_CLEAN_BASELINE,CLEAN_NORMAL,NONE,NONE,NORMAL,0,0,,,none,Normal ambient weather telemetry with diurnal solar cycles
43189,Vijayawada (AWS014),2026-08-12T13:00:00Z,38.87,48.8,1007.11,SYNTHETIC_SIMULATION,SCN_CLEAN_BASELINE,CLEAN_NORMAL,NONE,NONE,NORMAL,0,0,,,none,Normal ambient weather telemetry with diurnal solar cycles
43189,Vijayawada (AWS014),2026-08-12T14:00:00Z,39.23,45.8,1006.44,SYNTHETIC_SIMULATION,SCN_CLEAN_BASELINE,CLEAN_NORMAL,NONE,NONE,NORMAL,0,0,,,none,Normal ambient weather telemetry with diurnal solar cycles
43189,Vijayawada (AWS014),2026-08-12T15:00:00Z,38.54,46.0,1006.11,SYNTHETIC_SIMULATION,SCN_CLEAN_BASELINE,CLEAN_NORMAL,NONE,NONE,NORMAL,0,0,,,none,Normal ambient weather telemetry with diurnal solar cycles
43189,Vijayawada (AWS014),2026-08-12T16:00:00Z,38.43,45.6,1004.94,SYNTHETIC_SIMULATION,SCN_CLEAN_BASELINE,CLEAN_NORMAL,NONE,NONE,NORMAL,0,0,,,none,Normal ambient weather telemetry with diurnal solar cycles
43189,Vijayawada (AWS014),2026-08-12T17:00:00Z,37.76,49.6,1004.29,SYNTHETIC_SIMULATION,SCN_CLEAN_BASELINE,CLEAN_NORMAL,NONE,NONE,NORMAL,0,0,,,none,Normal ambient weather telemetry with diurnal solar cycles
43189,Vijayawada (AWS014),2026-08-12T18:00:00Z,37.69,52.5,1004.26,SYNTHETIC_SIMULATION,SCN_CLEAN_BASELINE,CLEAN_NORMAL,NONE,NONE,NORMAL,0,0,,,none,Normal ambient weather telemetry with diurnal solar cycles
43189,Vijayawada (AWS014),2026-08-12T19:00:00Z,36.49,56.8,1004.44,SYNTHETIC_SIMULATION,SCN_CLEAN_BASELINE,CLEAN_NORMAL,NONE,NONE,NORMAL,0,0,,,none,Normal ambient weather telemetry with diurnal solar cycles
43189,Vijayawada (AWS014),2026-08-12T20:00:00Z,34.96,58.0,1004.48,SYNTHETIC_SIMULATION,SCN_CLEAN_BASELINE,CLEAN_NORMAL,NONE,NONE,NORMAL,0,0,,,none,Normal ambient weather telemetry with diurnal solar cycles
43189,Vijayawada (AWS014),2026-08-12T21:00:00Z,33.83,61.5,1005.26,SYNTHETIC_SIMULATION,SCN_CLEAN_BASELINE,CLEAN_NORMAL,NONE,NONE,NORMAL,0,0,,,none,Normal ambient weather telemetry with diurnal solar cycles
43189,Vijayawada (AWS014),2026-08-12T22:00:00Z,32.8,65.0,1006.08,SYNTHETIC_SIMULATION,SCN_CLEAN_BASELINE,CLEAN_NORMAL,NONE,NONE,NORMAL,0,0,,,none,Normal ambient weather telemetry with diurnal solar cycles
43189,Vijayawada (AWS014),2026-08-12T23:00:00Z,31.75,67.8,1006.06,SYNTHETIC_SIMULATION,SCN_CLEAN_BASELINE,CLEAN_NORMAL,NONE,NONE,NORMAL,0,0,,,none,Normal ambient weather telemetry with diurnal solar cycles
43189,Vijayawada (AWS014),2026-08-13T00:00:00Z,30.3,68.9,1006.28,SYNTHETIC_SIMULATION,SCN_CLEAN_BASELINE,CLEAN_NORMAL,NONE,NONE,NORMAL,0,0,,,none,Normal ambient weather telemetry with diurnal solar cycles
43189,Vijayawada (AWS014),2026-08-13T01:00:00Z,29.38,73.6,1006.25,SYNTHETIC_SIMULATION,SCN_CLEAN_BASELINE,CLEAN_NORMAL,NONE,NONE,NORMAL,0,0,,,none,Normal ambient weather telemetry with diurnal solar cycles
43189,Vijayawada (AWS014),2026-08-13T02:00:00Z,29.1,74.4,1005.63,SYNTHETIC_SIMULATION,SCN_CLEAN_BASELINE,CLEAN_NORMAL,NONE,NONE,NORMAL,0,0,,,none,Normal ambient weather telemetry with diurnal solar cycles
43189,Vijayawada (AWS014),2026-08-13T03:00:00Z,30.24,73.8,1005.02,SYNTHETIC_SIMULATION,SCN_CLEAN_BASELINE,CLEAN_NORMAL,NONE,NONE,NORMAL,0,0,,,none,Normal ambient weather telemetry with diurnal solar cycles
43189,Vijayawada (AWS014),2026-08-13T04:00:00Z,29.4,71.1,1004.23,SYNTHETIC_SIMULATION,SCN_CLEAN_BASELINE,CLEAN_NORMAL,NONE,NONE,NORMAL,0,0,,,none,Normal ambient weather telemetry with diurnal solar cycles
43189,Vijayawada (AWS014),2026-08-13T05:00:00Z,31.09,69.4,1003.27,SYNTHETIC_SIMULATION,SCN_CLEAN_BASELINE,CLEAN_NORMAL,NONE,NONE,NORMAL,0,0,,,none,Normal ambient weather telemetry with diurnal solar cycles
43189,Vijayawada (AWS014),2026-08-13T06:00:00Z,31.7,67.4,1003.53,SYNTHETIC_SIMULATION,SCN_CLEAN_BASELINE,CLEAN_NORMAL,NONE,NONE,NORMAL,0,0,,,none,Normal ambient weather telemetry with diurnal solar cycles
43189,Vijayawada (AWS014),2026-08-13T07:00:00Z,32.13,64.9,1003.14,SYNTHETIC_SIMULATION,SCN_CLEAN_BASELINE,CLEAN_NORMAL,NONE,NONE,NORMAL,0,0,,,none,Normal ambient weather telemetry with diurnal solar cycles
43189,Vijayawada (AWS014),2026-08-13T08:00:00Z,33.62,60.7,1003.93,SYNTHETIC_SIMULATION,SCN_CLEAN_BASELINE,CLEAN_NORMAL,NONE,NONE,NORMAL,0,0,,,none,Normal ambient weather telemetry with diurnal solar cycles
43189,Vijayawada (AWS014),2026-08-13T09:00:00Z,35.27,54.2,1005.04,SYNTHETIC_SIMULATION,SCN_CLEAN_BASELINE,CLEAN_NORMAL,NONE,NONE,NORMAL,0,0,,,none,Normal ambient weather telemetry with diurnal solar cycles
43189,Vijayawada (AWS014),2026-08-13T10:00:00Z,36.3,53.0,1005.69,SYNTHETIC_SIMULATION,SCN_CLEAN_BASELINE,CLEAN_NORMAL,NONE,NONE,NORMAL,0,0,,,none,Normal ambient weather telemetry with diurnal solar cycles
43189,Vijayawada (AWS014),2026-08-13T11:00:00Z,38.14,48.0,1005.93,SYNTHETIC_SIMULATION,SCN_CLEAN_BASELINE,CLEAN_NORMAL,NONE,NONE,NORMAL,0,0,,,none,Normal ambient weather telemetry with diurnal solar cycles
43189,Vijayawada (AWS014),2026-08-13T12:00:00Z,38.62,46.6,1006.4,SYNTHETIC_SIMULATION,SCN_CLEAN_BASELINE,CLEAN_NORMAL,NONE,NONE,NORMAL,0,0,,,none,Normal ambient weather telemetry with diurnal solar cycles
43189,Vijayawada (AWS014),2026-08-13T13:00:00Z,39.62,46.6,1006.01,SYNTHETIC_SIMULATION,SCN_CLEAN_BASELINE,CLEAN_NORMAL,NONE,NONE,NORMAL,0,0,,,none,Normal ambient weather telemetry with diurnal solar cycles
43189,Vijayawada (AWS014),2026-08-13T14:00:00Z,40.32,44.3,1005.52,SYNTHETIC_SIMULATION,SCN_CLEAN_BASELINE,CLEAN_NORMAL,NONE,NONE,NORMAL,0,0,,,none,Normal ambient weather telemetry with diurnal solar cycles
43189,Vijayawada (AWS014),2026-08-13T15:00:00Z,39.53,47.0,1004.93,SYNTHETIC_SIMULATION,SCN_CLEAN_BASELINE,CLEAN_NORMAL,NONE,NONE,NORMAL,0,0,,,none,Normal ambient weather telemetry with diurnal solar cycles
43189,Vijayawada (AWS014),2026-08-13T16:00:00Z,39.06,44.8,1004.01,SYNTHETIC_SIMULATION,SCN_CLEAN_BASELINE,CLEAN_NORMAL,NONE,NONE,NORMAL,0,0,,,none,Normal ambient weather telemetry with diurnal solar cycles
43189,Vijayawada (AWS014),2026-08-13T17:00:00Z,38.29,46.8,1004.11,SYNTHETIC_SIMULATION,SCN_CLEAN_BASELINE,CLEAN_NORMAL,NONE,NONE,NORMAL,0,0,,,none,Normal ambient weather telemetry with diurnal solar cycles
43189,Vijayawada (AWS014),2026-08-13T18:00:00Z,37.79,51.3,1003.61,SYNTHETIC_SIMULATION,SCN_CLEAN_BASELINE,CLEAN_NORMAL,NONE,NONE,NORMAL,0,0,,,none,Normal ambient weather telemetry with diurnal solar cycles
43189,Vijayawada (AWS014),2026-08-13T19:00:00Z,36.84,53.9,1003.83,SYNTHETIC_SIMULATION,SCN_CLEAN_BASELINE,CLEAN_NORMAL,NONE,NONE,NORMAL,0,0,,,none,Normal ambient weather telemetry with diurnal solar cycles
43189,Vijayawada (AWS014),2026-08-13T20:00:00Z,35.57,56.5,1004.67,SYNTHETIC_SIMULATION,SCN_CLEAN_BASELINE,CLEAN_NORMAL,NONE,NONE,NORMAL,0,0,,,none,Normal ambient weather telemetry with diurnal solar cycles
43189,Vijayawada (AWS014),2026-08-13T21:00:00Z,33.7,62.0,1005.46,SYNTHETIC_SIMULATION,SCN_CLEAN_BASELINE,CLEAN_NORMAL,NONE,NONE,NORMAL,0,0,,,none,Normal ambient weather telemetry with diurnal solar cycles
43189,Vijayawada (AWS014),2026-08-13T22:00:00Z,32.03,64.0,1005.76,SYNTHETIC_SIMULATION,SCN_CLEAN_BASELINE,CLEAN_NORMAL,NONE,NONE,NORMAL,0,0,,,none,Normal ambient weather telemetry with diurnal solar cycles
43189,Vijayawada (AWS014),2026-08-13T23:00:00Z,30.16,69.1,1006.56,SYNTHETIC_SIMULATION,SCN_CLEAN_BASELINE,CLEAN_NORMAL,NONE,NONE,NORMAL,0,0,,,none,Normal ambient weather telemetry with diurnal solar cycles
43189,Vijayawada (AWS014),2026-08-14T00:00:00Z,30.03,72.2,1006.67,SYNTHETIC_SIMULATION,SCN_CLEAN_BASELINE,CLEAN_NORMAL,NONE,NONE,NORMAL,0,0,,,none,Normal ambient weather telemetry with diurnal solar cycles
43189,Vijayawada (AWS014),2026-08-14T01:00:00Z,29.79,73.7,1006.43,SYNTHETIC_SIMULATION,SCN_CLEAN_BASELINE,CLEAN_NORMAL,NONE,NONE,NORMAL,0,0,,,none,Normal ambient weather telemetry with diurnal solar cycles
43189,Vijayawada (AWS014),2026-08-14T02:00:00Z,29.1,74.5,1006.3,SYNTHETIC_SIMULATION,SCN_CLEAN_BASELINE,CLEAN_NORMAL,NONE,NONE,NORMAL,0,0,,,none,Normal ambient weather telemetry with diurnal solar cycles
43189,Vijayawada (AWS014),2026-08-14T03:00:00Z,28.55,74.6,1005.52,SYNTHETIC_SIMULATION,SCN_CLEAN_BASELINE,CLEAN_NORMAL,NONE,NONE,NORMAL,0,0,,,none,Normal ambient weather telemetry with diurnal solar cycles
43189,Vijayawada (AWS014),2026-08-14T04:00:00Z,28.99,74.8,1005.73,SYNTHETIC_SIMULATION,SCN_CLEAN_BASELINE,CLEAN_NORMAL,NONE,NONE,NORMAL,0,0,,,none,Normal ambient weather telemetry with diurnal solar cycles
43189,Vijayawada (AWS014),2026-08-14T05:00:00Z,29.38,71.7,1004.56,SYNTHETIC_SIMULATION,SCN_CLEAN_BASELINE,CLEAN_NORMAL,NONE,NONE,NORMAL,0,0,,,none,Normal ambient weather telemetry with diurnal solar cycles
43189,Vijayawada (AWS014),2026-08-14T06:00:00Z,30.42,68.4,1004.66,SYNTHETIC_SIMULATION,SCN_CLEAN_BASELINE,CLEAN_NORMAL,NONE,NONE,NORMAL,0,0,,,none,Normal ambient weather telemetry with diurnal solar cycles
43189,Vijayawada (AWS014),2026-08-14T07:00:00Z,31.13,68.0,1004.73,SYNTHETIC_SIMULATION,SCN_CLEAN_BASELINE,CLEAN_NORMAL,NONE,NONE,NORMAL,0,0,,,none,Normal ambient weather telemetry with diurnal solar cycles
43189,Vijayawada (AWS014),2026-08-14T08:00:00Z,32.93,63.8,1006.13,SYNTHETIC_SIMULATION,SCN_CLEAN_BASELINE,CLEAN_NORMAL,NONE,NONE,NORMAL,0,0,,,none,Normal ambient weather telemetry with diurnal solar cycles
43189,Vijayawada (AWS014),2026-08-14T09:00:00Z,33.86,59.0,1006.82,SYNTHETIC_SIMULATION,SCN_CLEAN_BASELINE,CLEAN_NORMAL,NONE,NONE,NORMAL,0,0,,,none,Normal ambient weather telemetry with diurnal solar cycles
43189,Vijayawada (AWS014),2026-08-14T10:00:00Z,35.24,54.6,1007.67,SYNTHETIC_SIMULATION,SCN_CLEAN_BASELINE,CLEAN_NORMAL,NONE,NONE,NORMAL,0,0,,,none,Normal ambient weather telemetry with diurnal solar cycles
43189,Vijayawada (AWS014),2026-08-14T11:00:00Z,35.91,54.2,1008.36,SYNTHETIC_SIMULATION,SCN_CLEAN_BASELINE,CLEAN_NORMAL,NONE,NONE,NORMAL,0,0,,,none,Normal ambient weather telemetry with diurnal solar cycles
43189,Vijayawada (AWS014),2026-08-14T12:00:00Z,37.2,50.8,1008.43,SYNTHETIC_SIMULATION,SCN_CLEAN_BASELINE,CLEAN_NORMAL,NONE,NONE,NORMAL,0,0,,,none,Normal ambient weather telemetry with diurnal solar cycles
43189,Vijayawada (AWS014),2026-08-14T13:00:00Z,37.95,50.7,1008.51,SYNTHETIC_SIMULATION,SCN_CLEAN_BASELINE,CLEAN_NORMAL,NONE,NONE,NORMAL,0,0,,,none,Normal ambient weather telemetry with diurnal solar cycles
43189,Vijayawada (AWS014),2026-08-14T14:00:00Z,37.72,49.1,1008.19,SYNTHETIC_SIMULATION,SCN_CLEAN_BASELINE,CLEAN_NORMAL,NONE,NONE,NORMAL,0,0,,,none,Normal ambient weather telemetry with diurnal solar cycles
43189,Vijayawada (AWS014),2026-08-14T15:00:00Z,38.11,49.4,1007.77,SYNTHETIC_SIMULATION,SCN_CLEAN_BASELINE,CLEAN_NORMAL,NONE,NONE,NORMAL,0,0,,,none,Normal ambient weather telemetry with diurnal solar cycles
43189,Vijayawada (AWS014),2026-08-14T16:00:00Z,37.76,52.9,1007.48,SYNTHETIC_SIMULATION,SCN_CLEAN_BASELINE,CLEAN_NORMAL,NONE,NONE,NORMAL,0,0,,,none,Normal ambient weather telemetry with diurnal solar cycles
43189,Vijayawada (AWS014),2026-08-14T17:00:00Z,37.26,52.0,1006.74,SYNTHETIC_SIMULATION,SCN_CLEAN_BASELINE,CLEAN_NORMAL,NONE,NONE,NORMAL,0,0,,,none,Normal ambient weather telemetry with diurnal solar cycles
43189,Vijayawada (AWS014),2026-08-14T18:00:00Z,35.18,55.5,1006.76,SYNTHETIC_SIMULATION,SCN_CLEAN_BASELINE,CLEAN_NORMAL,NONE,NONE,NORMAL,0,0,,,none,Normal ambient weather telemetry with diurnal solar cycles
43189,Vijayawada (AWS014),2026-08-14T19:00:00Z,34.45,58.3,1007.13,SYNTHETIC_SIMULATION,SCN_CLEAN_BASELINE,CLEAN_NORMAL,NONE,NONE,NORMAL,0,0,,,none,Normal ambient weather telemetry with diurnal solar cycles
43189,Vijayawada (AWS014),2026-08-14T20:00:00Z,32.96,62.8,1007.8,SYNTHETIC_SIMULATION,SCN_CLEAN_BASELINE,CLEAN_NORMAL,NONE,NONE,NORMAL,0,0,,,none,Normal ambient weather telemetry with diurnal solar cycles
43189,Vijayawada (AWS014),2026-08-14T21:00:00Z,30.94,66.2,1008.67,SYNTHETIC_SIMULATION,SCN_CLEAN_BASELINE,CLEAN_NORMAL,NONE,NONE,NORMAL,0,0,,,none,Normal ambient weather telemetry with diurnal solar cycles
43189,Vijayawada (AWS014),2026-08-14T22:00:00Z,29.78,71.2,1009.62,SYNTHETIC_SIMULATION,SCN_CLEAN_BASELINE,CLEAN_NORMAL,NONE,NONE,NORMAL,0,0,,,none,Normal ambient weather telemetry with diurnal solar cycles
43189,Vijayawada (AWS014),2026-08-14T23:00:00Z,28.36,73.5,1010.17,SYNTHETIC_SIMULATION,SCN_CLEAN_BASELINE,CLEAN_NORMAL,NONE,NONE,NORMAL,0,0,,,none,Normal ambient weather telemetry with diurnal solar cycles
43189,Vijayawada (AWS014),2026-08-15T00:00:00Z,27.55,77.3,1010.73,SYNTHETIC_SIMULATION,SCN_CLEAN_BASELINE,CLEAN_NORMAL,NONE,NONE,NORMAL,0,0,,,none,Normal ambient weather telemetry with diurnal solar cycles
43189,Vijayawada (AWS014),2026-08-15T01:00:00Z,26.86,79.7,1010.23,SYNTHETIC_SIMULATION,SCN_CLEAN_BASELINE,CLEAN_NORMAL,NONE,NONE,NORMAL,0,0,,,none,Normal ambient weather telemetry with diurnal solar cycles
43189,Vijayawada (AWS014),2026-08-15T02:00:00Z,25.58,77.6,1010.01,SYNTHETIC_SIMULATION,SCN_CLEAN_BASELINE,CLEAN_NORMAL,NONE,NONE,NORMAL,0,0,,,none,Normal ambient weather telemetry with diurnal solar cycles
43189,Vijayawada (AWS014),2026-08-15T03:00:00Z,26.16,81.9,1009.42,SYNTHETIC_SIMULATION,SCN_CLEAN_BASELINE,CLEAN_NORMAL,NONE,NONE,NORMAL,0,0,,,none,Normal ambient weather telemetry with diurnal solar cycles
43189,Vijayawada (AWS014),2026-08-15T04:00:00Z,26.46,79.3,1009.18,SYNTHETIC_SIMULATION,SCN_CLEAN_BASELINE,CLEAN_NORMAL,NONE,NONE,NORMAL,0,0,,,none,Normal ambient weather telemetry with diurnal solar cycles
43189,Vijayawada (AWS014),2026-08-15T05:00:00Z,27.37,76.1,1008.74,SYNTHETIC_SIMULATION,SCN_CLEAN_BASELINE,CLEAN_NORMAL,NONE,NONE,NORMAL,0,0,,,none,Normal ambient weather telemetry with diurnal solar cycles
43189,Vijayawada (AWS014),2026-08-15T06:00:00Z,27.83,75.7,1008.61,SYNTHETIC_SIMULATION,SCN_CLEAN_BASELINE,CLEAN_NORMAL,NONE,NONE,NORMAL,0,0,,,none,Normal ambient weather telemetry with diurnal solar cycles
43189,Vijayawada (AWS014),2026-08-15T07:00:00Z,29.14,71.7,1009.64,SYNTHETIC_SIMULATION,SCN_CLEAN_BASELINE,CLEAN_NORMAL,NONE,NONE,NORMAL,0,0,,,none,Normal ambient weather telemetry with diurnal solar cycles
43189,Vijayawada (AWS014),2026-08-15T08:00:00Z,30.2,69.8,1009.54,SYNTHETIC_SIMULATION,SCN_CLEAN_BASELINE,CLEAN_NORMAL,NONE,NONE,NORMAL,0,0,,,none,Normal ambient weather telemetry with diurnal solar cycles
43189,Vijayawada (AWS014),2026-08-15T09:00:00Z,30.86,67.7,1010.4,SYNTHETIC_SIMULATION,SCN_CLEAN_BASELINE,CLEAN_NORMAL,NONE,NONE,NORMAL,0,0,,,none,Normal ambient weather telemetry with diurnal solar cycles
43189,Vijayawada (AWS014),2026-08-15T10:00:00Z,32.61,62.5,1010.92,SYNTHETIC_SIMULATION,SCN_CLEAN_BASELINE,CLEAN_NORMAL,NONE,NONE,NORMAL,0,0,,,none,Normal ambient weather telemetry with diurnal solar cycles
43189,Vijayawada (AWS014),2026-08-15T11:00:00Z,34.31,59.2,1012.0,SYNTHETIC_SIMULATION,SCN_CLEAN_BASELINE,CLEAN_NORMAL,NONE,NONE,NORMAL,0,0,,,none,Normal ambient weather telemetry with diurnal solar cycles
43189,Vijayawada (AWS014),2026-08-15T12:00:00Z,34.96,58.9,1012.48,SYNTHETIC_SIMULATION,SCN_CLEAN_BASELINE,CLEAN_NORMAL,NONE,NONE,NORMAL,0,0,,,none,Normal ambient weather telemetry with diurnal solar cycles
43189,Vijayawada (AWS014),2026-08-15T13:00:00Z,35.25,55.0,1012.46,SYNTHETIC_SIMULATION,SCN_CLEAN_BASELINE,CLEAN_NORMAL,NONE,NONE,NORMAL,0,0,,,none,Normal ambient weather telemetry with diurnal solar cycles
43189,Vijayawada (AWS014),2026-08-15T14:00:00Z,35.82,54.2,1011.63,SYNTHETIC_SIMULATION,SCN_CLEAN_BASELINE,CLEAN_NORMAL,NONE,NONE,NORMAL,0,0,,,none,Normal ambient weather telemetry with diurnal solar cycles
43189,Vijayawada (AWS014),2026-08-15T15:00:00Z,35.65,53.9,1011.28,SYNTHETIC_SIMULATION,SCN_CLEAN_BASELINE,CLEAN_NORMAL,NONE,NONE,NORMAL,0,0,,,none,Normal ambient weather telemetry with diurnal solar cycles
43189,Vijayawada (AWS014),2026-08-15T16:00:00Z,36.02,55.0,1010.22,SYNTHETIC_SIMULATION,SCN_CLEAN_BASELINE,CLEAN_NORMAL,NONE,NONE,NORMAL,0,0,,,none,Normal ambient weather telemetry with diurnal solar cycles
43189,Vijayawada (AWS014),2026-08-15T17:00:00Z,34.46,59.4,1010.11,SYNTHETIC_SIMULATION,SCN_CLEAN_BASELINE,CLEAN_NORMAL,NONE,NONE,NORMAL,0,0,,,none,Normal ambient weather telemetry with diurnal solar cycles
43189,Vijayawada (AWS014),2026-08-15T18:00:00Z,33.32,58.1,1009.91,SYNTHETIC_SIMULATION,SCN_CLEAN_BASELINE,CLEAN_NORMAL,NONE,NONE,NORMAL,0,0,,,none,Normal ambient weather telemetry with diurnal solar cycles
43189,Vijayawada (AWS014),2026-08-15T19:00:00Z,32.3,66.2,1010.42,SYNTHETIC_SIMULATION,SCN_CLEAN_BASELINE,CLEAN_NORMAL,NONE,NONE,NORMAL,0,0,,,none,Normal ambient weather telemetry with diurnal solar cycles
43189,Vijayawada (AWS014),2026-08-15T20:00:00Z,31.35,67.1,1010.72,SYNTHETIC_SIMULATION,SCN_CLEAN_BASELINE,CLEAN_NORMAL,NONE,NONE,NORMAL,0,0,,,none,Normal ambient weather telemetry with diurnal solar cycles
43189,Vijayawada (AWS014),2026-08-15T21:00:00Z,28.85,71.0,1011.74,SYNTHETIC_SIMULATION,SCN_CLEAN_BASELINE,CLEAN_NORMAL,NONE,NONE,NORMAL,0,0,,,none,Normal ambient weather telemetry with diurnal solar cycles
43189,Vijayawada (AWS014),2026-08-15T22:00:00Z,28.38,75.4,1011.82,SYNTHETIC_SIMULATION,SCN_CLEAN_BASELINE,CLEAN_NORMAL,NONE,NONE,NORMAL,0,0,,,none,Normal ambient weather telemetry with diurnal solar cycles
43189,Vijayawada (AWS014),2026-08-15T23:00:00Z,27.6,77.5,1012.65,SYNTHETIC_SIMULATION,SCN_CLEAN_BASELINE,CLEAN_NORMAL,NONE,NONE,NORMAL,0,0,,,none,Normal ambient weather telemetry with diurnal solar cycles
43189,Vijayawada (AWS014),2026-08-16T00:00:00Z,26.23,78.9,1013.12,SYNTHETIC_SIMULATION,SCN_CLEAN_BASELINE,CLEAN_NORMAL,NONE,NONE,NORMAL,0,0,,,none,Normal ambient weather telemetry with diurnal solar cycles
43189,Vijayawada (AWS014),2026-08-16T01:00:00Z,25.38,81.9,1012.71,SYNTHETIC_SIMULATION,SCN_CLEAN_BASELINE,CLEAN_NORMAL,NONE,NONE,NORMAL,0,0,,,none,Normal ambient weather telemetry with diurnal solar cycles
43189,Vijayawada (AWS014),2026-08-16T02:00:00Z,25.16,83.4,1012.29,SYNTHETIC_SIMULATION,SCN_CLEAN_BASELINE,CLEAN_NORMAL,NONE,NONE,NORMAL,0,0,,,none,Normal ambient weather telemetry with diurnal solar cycles
43189,Vijayawada (AWS014),2026-08-16T03:00:00Z,25.41,83.3,1011.79,SYNTHETIC_SIMULATION,SCN_CLEAN_BASELINE,CLEAN_NORMAL,NONE,NONE,NORMAL,0,0,,,none,Normal ambient weather telemetry with diurnal solar cycles
43189,Vijayawada (AWS014),2026-08-16T04:00:00Z,25.48,81.7,1011.05,SYNTHETIC_SIMULATION,SCN_CLEAN_BASELINE,CLEAN_NORMAL,NONE,NONE,NORMAL,0,0,,,none,Normal ambient weather telemetry with diurnal solar cycles
43189,Vijayawada (AWS014),2026-08-16T05:00:00Z,26.51,80.3,1010.29,SYNTHETIC_SIMULATION,SCN_CLEAN_BASELINE,CLEAN_NORMAL,NONE,NONE,NORMAL,0,0,,,none,Normal ambient weather telemetry with diurnal solar cycles
43189,Vijayawada (AWS014),2026-08-16T06:00:00Z,26.92,78.5,1010.56,SYNTHETIC_SIMULATION,SCN_CLEAN_BASELINE,CLEAN_NORMAL,NONE,NONE,NORMAL,0,0,,,none,Normal ambient weather telemetry with diurnal solar cycles
43189,Vijayawada (AWS014),2026-08-16T07:00:00Z,28.93,74.2,1010.52,SYNTHETIC_SIMULATION,SCN_CLEAN_BASELINE,CLEAN_NORMAL,NONE,NONE,NORMAL,0,0,,,none,Normal ambient weather telemetry with diurnal solar cycles
43189,Vijayawada (AWS014),2026-08-16T08:00:00Z,29.56,70.8,1011.18,SYNTHETIC_SIMULATION,SCN_CLEAN_BASELINE,CLEAN_NORMAL,NONE,NONE,NORMAL,0,0,,,none,Normal ambient weather telemetry with diurnal solar cycles
43189,Vijayawada (AWS014),2026-08-16T09:00:00Z,30.31,68.4,1011.47,SYNTHETIC_SIMULATION,SCN_CLEAN_BASELINE,CLEAN_NORMAL,NONE,NONE,NORMAL,0,0,,,none,Normal ambient weather telemetry with diurnal solar cycles
43189,Vijayawada (AWS014),2026-08-16T10:00:00Z,32.32,62.6,1012.0,SYNTHETIC_SIMULATION,SCN_CLEAN_BASELINE,CLEAN_NORMAL,NONE,NONE,NORMAL,0,0,,,none,Normal ambient weather telemetry with diurnal solar cycles
43189,Vijayawada (AWS014),2026-08-16T11:00:00Z,34.15,59.6,1012.32,SYNTHETIC_SIMULATION,SCN_CLEAN_BASELINE,CLEAN_NORMAL,NONE,NONE,NORMAL,0,0,,,none,Normal ambient weather telemetry with diurnal solar cycles
43189,Vijayawada (AWS014),2026-08-16T12:00:00Z,34.59,57.9,1012.56,SYNTHETIC_SIMULATION,SCN_CLEAN_BASELINE,CLEAN_NORMAL,NONE,NONE,NORMAL,0,0,,,none,Normal ambient weather telemetry with diurnal solar cycles
43189,Vijayawada (AWS014),2026-08-16T13:00:00Z,34.79,56.1,1012.86,SYNTHETIC_SIMULATION,SCN_CLEAN_BASELINE,CLEAN_NORMAL,NONE,NONE,NORMAL,0,0,,,none,Normal ambient weather telemetry with diurnal solar cycles
43189,Vijayawada (AWS014),2026-08-16T14:00:00Z,36.12,56.7,1011.79,SYNTHETIC_SIMULATION,SCN_CLEAN_BASELINE,CLEAN_NORMAL,NONE,NONE,NORMAL,0,0,,,none,Normal ambient weather telemetry with diurnal solar cycles
43189,Vijayawada (AWS014),2026-08-16T15:00:00Z,35.82,57.7,1010.89,SYNTHETIC_SIMULATION,SCN_CLEAN_BASELINE,CLEAN_NORMAL,NONE,NONE,NORMAL,0,0,,,none,Normal ambient weather telemetry with diurnal solar cycles
43189,Vijayawada (AWS014),2026-08-16T16:00:00Z,36.03,53.3,1010.86,SYNTHETIC_SIMULATION,SCN_CLEAN_BASELINE,CLEAN_NORMAL,NONE,NONE,NORMAL,0,0,,,none,Normal ambient weather telemetry with diurnal solar cycles
43189,Vijayawada (AWS014),2026-08-16T17:00:00Z,35.03,56.6,1009.95,SYNTHETIC_SIMULATION,SCN_CLEAN_BASELINE,CLEAN_NORMAL,NONE,NONE,NORMAL,0,0,,,none,Normal ambient weather telemetry with diurnal solar cycles
43189,Vijayawada (AWS014),2026-08-16T18:00:00Z,33.87,60.4,1009.49,SYNTHETIC_SIMULATION,SCN_CLEAN_BASELINE,CLEAN_NORMAL,NONE,NONE,NORMAL,0,0,,,none,Normal ambient weather telemetry with diurnal solar cycles
43189,Vijayawada (AWS014),2026-08-16T19:00:00Z,33.06,61.9,1009.67,SYNTHETIC_SIMULATION,SCN_CLEAN_BASELINE,CLEAN_NORMAL,NONE,NONE,NORMAL,0,0,,,none,Normal ambient weather telemetry with diurnal solar cycles
43189,Vijayawada (AWS014),2026-08-16T20:00:00Z,31.97,65.7,1009.96,SYNTHETIC_SIMULATION,SCN_CLEAN_BASELINE,CLEAN_NORMAL,NONE,NONE,NORMAL,0,0,,,none,Normal ambient weather telemetry with diurnal solar cycles
43189,Vijayawada (AWS014),2026-08-16T21:00:00Z,30.46,69.5,1010.49,SYNTHETIC_SIMULATION,SCN_CLEAN_BASELINE,CLEAN_NORMAL,NONE,NONE,NORMAL,0,0,,,none,Normal ambient weather telemetry with diurnal solar cycles
43189,Vijayawada (AWS014),2026-08-16T22:00:00Z,28.94,71.3,1011.29,SYNTHETIC_SIMULATION,SCN_CLEAN_BASELINE,CLEAN_NORMAL,NONE,NONE,NORMAL,0,0,,,none,Normal ambient weather telemetry with diurnal solar cycles
43189,Vijayawada (AWS014),2026-08-16T23:00:00Z,27.43,74.5,1011.26,SYNTHETIC_SIMULATION,SCN_CLEAN_BASELINE,CLEAN_NORMAL,NONE,NONE,NORMAL,0,0,,,none,Normal ambient weather telemetry with diurnal solar cycles
43189,Vijayawada (AWS014),2026-08-17T00:00:00Z,26.71,78.0,1011.75,SYNTHETIC_SIMULATION,SCN_CLEAN_BASELINE,CLEAN_NORMAL,NONE,NONE,NORMAL,0,0,,,none,Normal ambient weather telemetry with diurnal solar cycles
43189,Vijayawada (AWS014),2026-08-17T01:00:00Z,26.43,81.6,1011.34,SYNTHETIC_SIMULATION,SCN_CLEAN_BASELINE,CLEAN_NORMAL,NONE,NONE,NORMAL,0,0,,,none,Normal ambient weather telemetry with diurnal solar cycles
43189,Vijayawada (AWS014),2026-08-17T02:00:00Z,26.43,78.5,1010.27,SYNTHETIC_SIMULATION,SCN_CLEAN_BASELINE,CLEAN_NORMAL,NONE,NONE,NORMAL,0,0,,,none,Normal ambient weather telemetry with diurnal solar cycles
43189,Vijayawada (AWS014),2026-08-17T03:00:00Z,25.72,78.3,1009.78,SYNTHETIC_SIMULATION,SCN_CLEAN_BASELINE,CLEAN_NORMAL,NONE,NONE,NORMAL,0,0,,,none,Normal ambient weather telemetry with diurnal solar cycles
43189,Vijayawada (AWS014),2026-08-17T04:00:00Z,27.86,79.4,1008.75,SYNTHETIC_SIMULATION,SCN_CLEAN_BASELINE,CLEAN_NORMAL,NONE,NONE,NORMAL,0,0,,,none,Normal ambient weather telemetry with diurnal solar cycles
43189,Vijayawada (AWS014),2026-08-17T05:00:00Z,27.8,75.1,1008.33,SYNTHETIC_SIMULATION,SCN_CLEAN_BASELINE,CLEAN_NORMAL,NONE,NONE,NORMAL,0,0,,,none,Normal ambient weather telemetry with diurnal solar cycles
43189,Vijayawada (AWS014),2026-08-17T06:00:00Z,28.34,74.1,1007.74,SYNTHETIC_SIMULATION,SCN_CLEAN_BASELINE,CLEAN_NORMAL,NONE,NONE,NORMAL,0,0,,,none,Normal ambient weather telemetry with diurnal solar cycles
43189,Vijayawada (AWS014),2026-08-17T07:00:00Z,29.71,70.4,1007.69,SYNTHETIC_SIMULATION,SCN_CLEAN_BASELINE,CLEAN_NORMAL,NONE,NONE,NORMAL,0,0,,,none,Normal ambient weather telemetry with diurnal solar cycles
43189,Vijayawada (AWS014),2026-08-17T08:00:00Z,31.49,66.1,1008.41,SYNTHETIC_SIMULATION,SCN_CLEAN_BASELINE,CLEAN_NORMAL,NONE,NONE,NORMAL,0,0,,,none,Normal ambient weather telemetry with diurnal solar cycles
43189,Vijayawada (AWS014),2026-08-17T09:00:00Z,32.38,62.5,1009.06,SYNTHETIC_SIMULATION,SCN_CLEAN_BASELINE,CLEAN_NORMAL,NONE,NONE,NORMAL,0,0,,,none,Normal ambient weather telemetry with diurnal solar cycles
43189,Vijayawada (AWS014),2026-08-17T10:00:00Z,33.97,57.9,1009.34,SYNTHETIC_SIMULATION,SCN_CLEAN_BASELINE,CLEAN_NORMAL,NONE,NONE,NORMAL,0,0,,,none,Normal ambient weather telemetry with diurnal solar cycles
43189,Vijayawada (AWS014),2026-08-17T11:00:00Z,35.54,55.7,1009.48,SYNTHETIC_SIMULATION,SCN_CLEAN_BASELINE,CLEAN_NORMAL,NONE,NONE,NORMAL,0,0,,,none,Normal ambient weather telemetry with diurnal solar cycles
43189,Vijayawada (AWS014),2026-08-17T12:00:00Z,36.31,52.3,1009.54,SYNTHETIC_SIMULATION,SCN_CLEAN_BASELINE,CLEAN_NORMAL,NONE,NONE,NORMAL,0,0,,,none,Normal ambient weather telemetry with diurnal solar cycles
43189,Vijayawada (AWS014),2026-08-17T13:00:00Z,37.34,49.9,1008.89,SYNTHETIC_SIMULATION,SCN_CLEAN_BASELINE,CLEAN_NORMAL,NONE,NONE,NORMAL,0,0,,,none,Normal ambient weather telemetry with diurnal solar cycles
43189,Vijayawada (AWS014),2026-08-17T14:00:00Z,37.59,48.9,1008.63,SYNTHETIC_SIMULATION,SCN_CLEAN_BASELINE,CLEAN_NORMAL,NONE,NONE,NORMAL,0,0,,,none,Normal ambient weather telemetry with diurnal solar cycles
43189,Vijayawada (AWS014),2026-08-17T15:00:00Z,37.42,48.4,1007.71,SYNTHETIC_SIMULATION,SCN_CLEAN_BASELINE,CLEAN_NORMAL,NONE,NONE,NORMAL,0,0,,,none,Normal ambient weather telemetry with diurnal solar cycles
43189,Vijayawada (AWS014),2026-08-17T16:00:00Z,37.39,50.5,1006.64,SYNTHETIC_SIMULATION,SCN_CLEAN_BASELINE,CLEAN_NORMAL,NONE,NONE,NORMAL,0,0,,,none,Normal ambient weather telemetry with diurnal solar cycles
43189,Vijayawada (AWS014),2026-08-17T17:00:00Z,36.96,51.9,1005.96,SYNTHETIC_SIMULATION,SCN_CLEAN_BASELINE,CLEAN_NORMAL,NONE,NONE,NORMAL,0,0,,,none,Normal ambient weather telemetry with diurnal solar cycles
43189,Vijayawada (AWS014),2026-08-17T18:00:00Z,36.48,54.5,1005.65,SYNTHETIC_SIMULATION,SCN_CLEAN_BASELINE,CLEAN_NORMAL,NONE,NONE,NORMAL,0,0,,,none,Normal ambient weather telemetry with diurnal solar cycles
43189,Vijayawada (AWS014),2026-08-17T19:00:00Z,35.46,54.5,1005.73,SYNTHETIC_SIMULATION,SCN_CLEAN_BASELINE,CLEAN_NORMAL,NONE,NONE,NORMAL,0,0,,,none,Normal ambient weather telemetry with diurnal solar cycles
43189,Vijayawada (AWS014),2026-08-17T20:00:00Z,34.47,61.2,1006.47,SYNTHETIC_SIMULATION,SCN_CLEAN_BASELINE,CLEAN_NORMAL,NONE,NONE,NORMAL,0,0,,,none,Normal ambient weather telemetry with diurnal solar cycles
43189,Vijayawada (AWS014),2026-08-17T21:00:00Z,32.84,64.7,1006.63,SYNTHETIC_SIMULATION,SCN_CLEAN_BASELINE,CLEAN_NORMAL,NONE,NONE,NORMAL,0,0,,,none,Normal ambient weather telemetry with diurnal solar cycles
43189,Vijayawada (AWS014),2026-08-17T22:00:00Z,31.36,66.1,1007.54,SYNTHETIC_SIMULATION,SCN_CLEAN_BASELINE,CLEAN_NORMAL,NONE,NONE,NORMAL,0,0,,,none,Normal ambient weather telemetry with diurnal solar cycles
43189,Vijayawada (AWS014),2026-08-17T23:00:00Z,30.46,71.0,1007.47,SYNTHETIC_SIMULATION,SCN_CLEAN_BASELINE,CLEAN_NORMAL,NONE,NONE,NORMAL,0,0,,,none,Normal ambient weather telemetry with diurnal solar cycles
43189,Vijayawada (AWS014),2026-08-18T00:00:00Z,30.03,71.8,1007.62,SYNTHETIC_SIMULATION,SCN_CLEAN_BASELINE,CLEAN_NORMAL,NONE,NONE,NORMAL,0,0,,,none,Normal ambient weather telemetry with diurnal solar cycles
43189,Vijayawada (AWS014),2026-08-18T01:00:00Z,28.4,74.0,1006.91,SYNTHETIC_SIMULATION,SCN_CLEAN_BASELINE,CLEAN_NORMAL,NONE,NONE,NORMAL,0,0,,,none,Normal ambient weather telemetry with diurnal solar cycles
43189,Vijayawada (AWS014),2026-08-18T02:00:00Z,28.9,75.3,1006.68,SYNTHETIC_SIMULATION,SCN_CLEAN_BASELINE,CLEAN_NORMAL,NONE,NONE,NORMAL,0,0,,,none,Normal ambient weather telemetry with diurnal solar cycles
43189,Vijayawada (AWS014),2026-08-18T03:00:00Z,28.37,73.1,1005.59,SYNTHETIC_SIMULATION,SCN_CLEAN_BASELINE,CLEAN_NORMAL,NONE,NONE,NORMAL,0,0,,,none,Normal ambient weather telemetry with diurnal solar cycles
43189,Vijayawada (AWS014),2026-08-18T04:00:00Z,28.92,71.0,1005.17,SYNTHETIC_SIMULATION,SCN_CLEAN_BASELINE,CLEAN_NORMAL,NONE,NONE,NORMAL,0,0,,,none,Normal ambient weather telemetry with diurnal solar cycles
43189,Vijayawada (AWS014),2026-08-18T05:00:00Z,30.16,71.4,1004.29,SYNTHETIC_SIMULATION,SCN_CLEAN_BASELINE,CLEAN_NORMAL,NONE,NONE,NORMAL,0,0,,,none,Normal ambient weather telemetry with diurnal solar cycles
43189,Vijayawada (AWS014),2026-08-18T06:00:00Z,30.9,68.8,1004.66,SYNTHETIC_SIMULATION,SCN_CLEAN_BASELINE,CLEAN_NORMAL,NONE,NONE,NORMAL,0,0,,,none,Normal ambient weather telemetry with diurnal solar cycles
43189,Vijayawada (AWS014),2026-08-18T07:00:00Z,32.16,62.7,1004.66,SYNTHETIC_SIMULATION,SCN_CLEAN_BASELINE,CLEAN_NORMAL,NONE,NONE,NORMAL,0,0,,,none,Normal ambient weather telemetry with diurnal solar cycles
43189,Vijayawada (AWS014),2026-08-18T08:00:00Z,33.5,60.7,1004.46,SYNTHETIC_SIMULATION,SCN_CLEAN_BASELINE,CLEAN_NORMAL,NONE,NONE,NORMAL,0,0,,,none,Normal ambient weather telemetry with diurnal solar cycles
43189,Vijayawada (AWS014),2026-08-18T09:00:00Z,35.02,58.7,1004.83,SYNTHETIC_SIMULATION,SCN_CLEAN_BASELINE,CLEAN_NORMAL,NONE,NONE,NORMAL,0,0,,,none,Normal ambient weather telemetry with diurnal solar cycles
43189,Vijayawada (AWS014),2026-08-18T10:00:00Z,36.75,54.0,1005.68,SYNTHETIC_SIMULATION,SCN_CLEAN_BASELINE,CLEAN_NORMAL,NONE,NONE,NORMAL,0,0,,,none,Normal ambient weather telemetry with diurnal solar cycles
43189,Vijayawada (AWS014),2026-08-18T11:00:00Z,37.54,50.5,1006.12,SYNTHETIC_SIMULATION,SCN_CLEAN_BASELINE,CLEAN_NORMAL,NONE,NONE,NORMAL,0,0,,,none,Normal ambient weather telemetry with diurnal solar cycles
43189,Vijayawada (AWS014),2026-08-18T12:00:00Z,38.72,47.6,1006.69,SYNTHETIC_SIMULATION,SCN_CLEAN_BASELINE,CLEAN_NORMAL,NONE,NONE,NORMAL,0,0,,,none,Normal ambient weather telemetry with diurnal solar cycles
43189,Vijayawada (AWS014),2026-08-18T13:00:00Z,39.38,46.7,1006.22,SYNTHETIC_SIMULATION,SCN_CLEAN_BASELINE,CLEAN_NORMAL,NONE,NONE,NORMAL,0,0,,,none,Normal ambient weather telemetry with diurnal solar cycles
43189,Vijayawada (AWS014),2026-08-18T14:00:00Z,39.65,44.9,1005.76,SYNTHETIC_SIMULATION,SCN_CLEAN_BASELINE,CLEAN_NORMAL,NONE,NONE,NORMAL,0,0,,,none,Normal ambient weather telemetry with diurnal solar cycles
43189,Vijayawada (AWS014),2026-08-18T15:00:00Z,39.35,43.8,1005.16,SYNTHETIC_SIMULATION,SCN_CLEAN_BASELINE,CLEAN_NORMAL,NONE,NONE,NORMAL,0,0,,,none,Normal ambient weather telemetry with diurnal solar cycles
43189,Vijayawada (AWS014),2026-08-18T16:00:00Z,38.83,47.2,1003.94,SYNTHETIC_SIMULATION,SCN_CLEAN_BASELINE,CLEAN_NORMAL,NONE,NONE,NORMAL,0,0,,,none,Normal ambient weather telemetry with diurnal solar cycles
43189,Vijayawada (AWS014),2026-08-18T17:00:00Z,38.86,50.0,1003.55,SYNTHETIC_SIMULATION,SCN_CLEAN_BASELINE,CLEAN_NORMAL,NONE,NONE,NORMAL,0,0,,,none,Normal ambient weather telemetry with diurnal solar cycles
43189,Vijayawada (AWS014),2026-08-18T18:00:00Z,38.77,47.9,1003.46,SYNTHETIC_SIMULATION,SCN_CLEAN_BASELINE,CLEAN_NORMAL,NONE,NONE,NORMAL,0,0,,,none,Normal ambient weather telemetry with diurnal solar cycles
43189,Vijayawada (AWS014),2026-08-18T19:00:00Z,36.5,52.1,1003.48,SYNTHETIC_SIMULATION,SCN_CLEAN_BASELINE,CLEAN_NORMAL,NONE,NONE,NORMAL,0,0,,,none,Normal ambient weather telemetry with diurnal solar cycles
43189,Vijayawada (AWS014),2026-08-18T20:00:00Z,34.69,55.7,1004.19,SYNTHETIC_SIMULATION,SCN_CLEAN_BASELINE,CLEAN_NORMAL,NONE,NONE,NORMAL,0,0,,,none,Normal ambient weather telemetry with diurnal solar cycles
43189,Vijayawada (AWS014),2026-08-18T21:00:00Z,34.16,58.6,1004.81,SYNTHETIC_SIMULATION,SCN_CLEAN_BASELINE,CLEAN_NORMAL,NONE,NONE,NORMAL,0,0,,,none,Normal ambient weather telemetry with diurnal solar cycles
43189,Vijayawada (AWS014),2026-08-18T22:00:00Z,32.28,62.6,1005.55,SYNTHETIC_SIMULATION,SCN_CLEAN_BASELINE,CLEAN_NORMAL,NONE,NONE,NORMAL,0,0,,,none,Normal ambient weather telemetry with diurnal solar cycles
43189,Vijayawada (AWS014),2026-08-18T23:00:00Z,31.19,66.5,1005.6,SYNTHETIC_SIMULATION,SCN_CLEAN_BASELINE,CLEAN_NORMAL,NONE,NONE,NORMAL,0,0,,,none,Normal ambient weather telemetry with diurnal solar cycles
43189,Vijayawada (AWS014),2026-08-19T00:00:00Z,29.6,68.9,1006.12,SYNTHETIC_SIMULATION,SCN_CLEAN_BASELINE,CLEAN_NORMAL,NONE,NONE,NORMAL,0,0,,,none,Normal ambient weather telemetry with diurnal solar cycles
43189,Vijayawada (AWS014),2026-08-19T01:00:00Z,29.62,72.0,1006.08,SYNTHETIC_SIMULATION,SCN_CLEAN_BASELINE,CLEAN_NORMAL,NONE,NONE,NORMAL,0,0,,,none,Normal ambient weather telemetry with diurnal solar cycles
43189,Vijayawada (AWS014),2026-08-19T02:00:00Z,28.29,73.0,1005.16,SYNTHETIC_SIMULATION,SCN_CLEAN_BASELINE,CLEAN_NORMAL,NONE,NONE,NORMAL,0,0,,,none,Normal ambient weather telemetry with diurnal solar cycles
43189,Vijayawada (AWS014),2026-08-19T03:00:00Z,29.28,74.1,1004.88,SYNTHETIC_SIMULATION,SCN_CLEAN_BASELINE,CLEAN_NORMAL,NONE,NONE,NORMAL,0,0,,,none,Normal ambient weather telemetry with diurnal solar cycles
43189,Vijayawada (AWS014),2026-08-19T04:00:00Z,29.63,74.3,1004.09,SYNTHETIC_SIMULATION,SCN_CLEAN_BASELINE,CLEAN_NORMAL,NONE,NONE,NORMAL,0,0,,,none,Normal ambient weather telemetry with diurnal solar cycles
43189,Vijayawada (AWS014),2026-08-19T05:00:00Z,29.73,70.1,1003.45,SYNTHETIC_SIMULATION,SCN_CLEAN_BASELINE,CLEAN_NORMAL,NONE,NONE,NORMAL,0,0,,,none,Normal ambient weather telemetry with diurnal solar cycles
43189,Vijayawada (AWS014),2026-08-19T06:00:00Z,31.35,67.1,1004.39,SYNTHETIC_SIMULATION,SCN_CLEAN_BASELINE,CLEAN_NORMAL,NONE,NONE,NORMAL,0,0,,,none,Normal ambient weather telemetry with diurnal solar cycles
43189,Vijayawada (AWS014),2026-08-19T07:00:00Z,32.14,67.4,1004.27,SYNTHETIC_SIMULATION,SCN_CLEAN_BASELINE,CLEAN_NORMAL,NONE,NONE,NORMAL,0,0,,,none,Normal ambient weather telemetry with diurnal solar cycles
43189,Vijayawada (AWS014),2026-08-19T08:00:00Z,33.79,62.4,1004.43,SYNTHETIC_SIMULATION,SCN_CLEAN_BASELINE,CLEAN_NORMAL,NONE,NONE,NORMAL,0,0,,,none,Normal ambient weather telemetry with diurnal solar cycles
43189,Vijayawada (AWS014),2026-08-19T09:00:00Z,34.92,57.4,1005.25,SYNTHETIC_SIMULATION,SCN_CLEAN_BASELINE,CLEAN_NORMAL,NONE,NONE,NORMAL,0,0,,,none,Normal ambient weather telemetry with diurnal solar cycles
43189,Vijayawada (AWS014),2026-08-19T10:00:00Z,36.31,53.2,1005.82,SYNTHETIC_SIMULATION,SCN_CLEAN_BASELINE,CLEAN_NORMAL,NONE,NONE,NORMAL,0,0,,,none,Normal ambient weather telemetry with diurnal solar cycles
43189,Vijayawada (AWS014),2026-08-19T11:00:00Z,37.64,52.0,1006.73,SYNTHETIC_SIMULATION,SCN_CLEAN_BASELINE,CLEAN_NORMAL,NONE,NONE,NORMAL,0,0,,,none,Normal ambient weather telemetry with diurnal solar cycles
43189,Vijayawada (AWS014),2026-08-19T12:00:00Z,38.07,49.8,1006.72,SYNTHETIC_SIMULATION,SCN_CLEAN_BASELINE,CLEAN_NORMAL,NONE,NONE,NORMAL,0,0,,,none,Normal ambient weather telemetry with diurnal solar cycles
43189,Vijayawada (AWS014),2026-08-19T13:00:00Z,39.09,48.5,1006.78,SYNTHETIC_SIMULATION,SCN_CLEAN_BASELINE,CLEAN_NORMAL,NONE,NONE,NORMAL,0,0,,,none,Normal ambient weather telemetry with diurnal solar cycles
43189,Vijayawada (AWS014),2026-08-19T14:00:00Z,39.25,50.1,1006.73,SYNTHETIC_SIMULATION,SCN_CLEAN_BASELINE,CLEAN_NORMAL,NONE,NONE,NORMAL,0,0,,,none,Normal ambient weather telemetry with diurnal solar cycles
43189,Vijayawada (AWS014),2026-08-19T15:00:00Z,39.29,47.0,1005.52,SYNTHETIC_SIMULATION,SCN_CLEAN_BASELINE,CLEAN_NORMAL,NONE,NONE,NORMAL,0,0,,,none,Normal ambient weather telemetry with diurnal solar cycles
43189,Vijayawada (AWS014),2026-08-19T16:00:00Z,37.66,46.6,1005.76,SYNTHETIC_SIMULATION,SCN_CLEAN_BASELINE,CLEAN_NORMAL,NONE,NONE,NORMAL,0,0,,,none,Normal ambient weather telemetry with diurnal solar cycles
43189,Vijayawada (AWS014),2026-08-19T17:00:00Z,37.57,49.0,1005.05,SYNTHETIC_SIMULATION,SCN_CLEAN_BASELINE,CLEAN_NORMAL,NONE,NONE,NORMAL,0,0,,,none,Normal ambient weather telemetry with diurnal solar cycles
43189,Vijayawada (AWS014),2026-08-19T18:00:00Z,37.09,52.1,1005.15,SYNTHETIC_SIMULATION,SCN_CLEAN_BASELINE,CLEAN_NORMAL,NONE,NONE,NORMAL,0,0,,,none,Normal ambient weather telemetry with diurnal solar cycles
43189,Vijayawada (AWS014),2026-08-19T19:00:00Z,35.4,55.8,1005.01,SYNTHETIC_SIMULATION,SCN_CLEAN_BASELINE,CLEAN_NORMAL,NONE,NONE,NORMAL,0,0,,,none,Normal ambient weather telemetry with diurnal solar cycles
43189,Vijayawada (AWS014),2026-08-19T20:00:00Z,33.96,58.3,1006.08,SYNTHETIC_SIMULATION,SCN_CLEAN_BASELINE,CLEAN_NORMAL,NONE,NONE,NORMAL,0,0,,,none,Normal ambient weather telemetry with diurnal solar cycles
43189,Vijayawada (AWS014),2026-08-19T21:00:00Z,32.91,63.0,1006.8,SYNTHETIC_SIMULATION,SCN_CLEAN_BASELINE,CLEAN_NORMAL,NONE,NONE,NORMAL,0,0,,,none,Normal ambient weather telemetry with diurnal solar cycles
43189,Vijayawada (AWS014),2026-08-19T22:00:00Z,31.53,66.5,1007.95,SYNTHETIC_SIMULATION,SCN_CLEAN_BASELINE,CLEAN_NORMAL,NONE,NONE,NORMAL,0,0,,,none,Normal ambient weather telemetry with diurnal solar cycles
43189,Vijayawada (AWS014),2026-08-19T23:00:00Z,29.58,71.3,1008.13,SYNTHETIC_SIMULATION,SCN_CLEAN_BASELINE,CLEAN_NORMAL,NONE,NONE,NORMAL,0,0,,,none,Normal ambient weather telemetry with diurnal solar cycles
43189,Vijayawada (AWS014),2026-08-20T00:00:00Z,27.97,76.1,1008.8,SYNTHETIC_SIMULATION,SCN_CLEAN_BASELINE,CLEAN_NORMAL,NONE,NONE,NORMAL,0,0,,,none,Normal ambient weather telemetry with diurnal solar cycles
43189,Vijayawada (AWS014),2026-08-20T01:00:00Z,28.19,75.0,1008.47,SYNTHETIC_SIMULATION,SCN_CLEAN_BASELINE,CLEAN_NORMAL,NONE,NONE,NORMAL,0,0,,,none,Normal ambient weather telemetry with diurnal solar cycles
43189,Vijayawada (AWS014),2026-08-20T02:00:00Z,27.64,76.4,1008.05,SYNTHETIC_SIMULATION,SCN_CLEAN_BASELINE,CLEAN_NORMAL,NONE,NONE,NORMAL,0,0,,,none,Normal ambient weather telemetry with diurnal solar cycles
43189,Vijayawada (AWS014),2026-08-20T03:00:00Z,27.08,76.1,1007.34,SYNTHETIC_SIMULATION,SCN_CLEAN_BASELINE,CLEAN_NORMAL,NONE,NONE,NORMAL,0,0,,,none,Normal ambient weather telemetry with diurnal solar cycles
43189,Vijayawada (AWS014),2026-08-20T04:00:00Z,27.69,74.9,1007.04,SYNTHETIC_SIMULATION,SCN_CLEAN_BASELINE,CLEAN_NORMAL,NONE,NONE,NORMAL,0,0,,,none,Normal ambient weather telemetry with diurnal solar cycles
43189,Vijayawada (AWS014),2026-08-20T05:00:00Z,28.11,76.7,1007.07,SYNTHETIC_SIMULATION,SCN_CLEAN_BASELINE,CLEAN_NORMAL,NONE,NONE,NORMAL,0,0,,,none,Normal ambient weather telemetry with diurnal solar cycles
43189,Vijayawada (AWS014),2026-08-20T06:00:00Z,29.7,72.6,1007.02,SYNTHETIC_SIMULATION,SCN_CLEAN_BASELINE,CLEAN_NORMAL,NONE,NONE,NORMAL,0,0,,,none,Normal ambient weather telemetry with diurnal solar cycles
43189,Vijayawada (AWS014),2026-08-20T07:00:00Z,30.05,70.4,1006.99,SYNTHETIC_SIMULATION,SCN_CLEAN_BASELINE,CLEAN_NORMAL,NONE,NONE,NORMAL,0,0,,,none,Normal ambient weather telemetry with diurnal solar cycles
43189,Vijayawada (AWS014),2026-08-20T08:00:00Z,32.17,65.9,1008.08,SYNTHETIC_SIMULATION,SCN_CLEAN_BASELINE,CLEAN_NORMAL,NONE,NONE,NORMAL,0,0,,,none,Normal ambient weather telemetry with diurnal solar cycles
43189,Vijayawada (AWS014),2026-08-20T09:00:00Z,32.77,64.1,1008.39,SYNTHETIC_SIMULATION,SCN_CLEAN_BASELINE,CLEAN_NORMAL,NONE,NONE,NORMAL,0,0,,,none,Normal ambient weather telemetry with diurnal solar cycles
43189,Vijayawada (AWS014),2026-08-20T10:00:00Z,33.99,59.9,1009.57,SYNTHETIC_SIMULATION,SCN_CLEAN_BASELINE,CLEAN_NORMAL,NONE,NONE,NORMAL,0,0,,,none,Normal ambient weather telemetry with diurnal solar cycles
43189,Vijayawada (AWS014),2026-08-20T11:00:00Z,35.08,56.5,1010.2,SYNTHETIC_SIMULATION,SCN_CLEAN_BASELINE,CLEAN_NORMAL,NONE,NONE,NORMAL,0,0,,,none,Normal ambient weather telemetry with diurnal solar cycles
43189,Vijayawada (AWS014),2026-08-20T12:00:00Z,36.53,53.8,1010.5,SYNTHETIC_SIMULATION,SCN_CLEAN_BASELINE,CLEAN_NORMAL,NONE,NONE,NORMAL,0,0,,,none,Normal ambient weather telemetry with diurnal solar cycles
43189,Vijayawada (AWS014),2026-08-20T13:00:00Z,35.85,53.2,1010.66,SYNTHETIC_SIMULATION,SCN_CLEAN_BASELINE,CLEAN_NORMAL,NONE,NONE,NORMAL,0,0,,,none,Normal ambient weather telemetry with diurnal solar cycles
43189,Vijayawada (AWS014),2026-08-20T14:00:00Z,36.59,52.2,1010.34,SYNTHETIC_SIMULATION,SCN_CLEAN_BASELINE,CLEAN_NORMAL,NONE,NONE,NORMAL,0,0,,,none,Normal ambient weather telemetry with diurnal solar cycles
43189,Vijayawada (AWS014),2026-08-20T15:00:00Z,35.98,51.7,1009.95,SYNTHETIC_SIMULATION,SCN_CLEAN_BASELINE,CLEAN_NORMAL,NONE,NONE,NORMAL,0,0,,,none,Normal ambient weather telemetry with diurnal solar cycles
43189,Vijayawada (AWS014),2026-08-20T16:00:00Z,36.71,53.4,1009.34,SYNTHETIC_SIMULATION,SCN_CLEAN_BASELINE,CLEAN_NORMAL,NONE,NONE,NORMAL,0,0,,,none,Normal ambient weather telemetry with diurnal solar cycles
43189,Vijayawada (AWS014),2026-08-20T17:00:00Z,35.65,55.4,1009.03,SYNTHETIC_SIMULATION,SCN_CLEAN_BASELINE,CLEAN_NORMAL,NONE,NONE,NORMAL,0,0,,,none,Normal ambient weather telemetry with diurnal solar cycles
43189,Vijayawada (AWS014),2026-08-20T18:00:00Z,33.51,59.4,1008.96,SYNTHETIC_SIMULATION,SCN_CLEAN_BASELINE,CLEAN_NORMAL,NONE,NONE,NORMAL,0,0,,,none,Normal ambient weather telemetry with diurnal solar cycles
43189,Vijayawada (AWS014),2026-08-20T19:00:00Z,33.28,62.7,1008.93,SYNTHETIC_SIMULATION,SCN_CLEAN_BASELINE,CLEAN_NORMAL,NONE,NONE,NORMAL,0,0,,,none,Normal ambient weather telemetry with diurnal solar cycles
43189,Vijayawada (AWS014),2026-08-20T20:00:00Z,31.98,64.9,1009.6,SYNTHETIC_SIMULATION,SCN_CLEAN_BASELINE,CLEAN_NORMAL,NONE,NONE,NORMAL,0,0,,,none,Normal ambient weather telemetry with diurnal solar cycles
43189,Vijayawada (AWS014),2026-08-20T21:00:00Z,30.37,68.9,1010.49,SYNTHETIC_SIMULATION,SCN_CLEAN_BASELINE,CLEAN_NORMAL,NONE,NONE,NORMAL,0,0,,,none,Normal ambient weather telemetry with diurnal solar cycles
43189,Vijayawada (AWS014),2026-08-20T22:00:00Z,28.97,72.7,1011.38,SYNTHETIC_SIMULATION,SCN_CLEAN_BASELINE,CLEAN_NORMAL,NONE,NONE,NORMAL,0,0,,,none,Normal ambient weather telemetry with diurnal solar cycles
43189,Vijayawada (AWS014),2026-08-20T23:00:00Z,27.4,76.0,1011.65,SYNTHETIC_SIMULATION,SCN_CLEAN_BASELINE,CLEAN_NORMAL,NONE,NONE,NORMAL,0,0,,,none,Normal ambient weather telemetry with diurnal solar cycles
43189,Vijayawada (AWS014),2026-08-21T00:00:00Z,27.32,79.5,1012.17,SYNTHETIC_SIMULATION,SCN_CLEAN_BASELINE,CLEAN_NORMAL,NONE,NONE,NORMAL,0,0,,,none,Normal ambient weather telemetry with diurnal solar cycles
43189,Vijayawada (AWS014),2026-08-21T01:00:00Z,25.46,80.4,1012.02,SYNTHETIC_SIMULATION,SCN_CLEAN_BASELINE,CLEAN_NORMAL,NONE,NONE,NORMAL,0,0,,,none,Normal ambient weather telemetry with diurnal solar cycles
43189,Vijayawada (AWS014),2026-08-21T02:00:00Z,24.82,83.2,1011.63,SYNTHETIC_SIMULATION,SCN_CLEAN_BASELINE,CLEAN_NORMAL,NONE,NONE,NORMAL,0,0,,,none,Normal ambient weather telemetry with diurnal solar cycles
43189,Vijayawada (AWS014),2026-08-21T03:00:00Z,25.2,84.2,1011.07,SYNTHETIC_SIMULATION,SCN_CLEAN_BASELINE,CLEAN_NORMAL,NONE,NONE,NORMAL,0,0,,,none,Normal ambient weather telemetry with diurnal solar cycles
43189,Vijayawada (AWS014),2026-08-21T04:00:00Z,25.48,81.2,1010.5,SYNTHETIC_SIMULATION,SCN_CLEAN_BASELINE,CLEAN_NORMAL,NONE,NONE,NORMAL,0,0,,,none,Normal ambient weather telemetry with diurnal solar cycles
43189,Vijayawada (AWS014),2026-08-21T05:00:00Z,25.52,79.4,1009.86,SYNTHETIC_SIMULATION,SCN_CLEAN_BASELINE,CLEAN_NORMAL,NONE,NONE,NORMAL,0,0,,,none,Normal ambient weather telemetry with diurnal solar cycles
43189,Vijayawada (AWS014),2026-08-21T06:00:00Z,27.1,77.5,1009.9,SYNTHETIC_SIMULATION,SCN_CLEAN_BASELINE,CLEAN_NORMAL,NONE,NONE,NORMAL,0,0,,,none,Normal ambient weather telemetry with diurnal solar cycles
43189,Vijayawada (AWS014),2026-08-21T07:00:00Z,28.51,75.0,1010.76,SYNTHETIC_SIMULATION,SCN_CLEAN_BASELINE,CLEAN_NORMAL,NONE,NONE,NORMAL,0,0,,,none,Normal ambient weather telemetry with diurnal solar cycles
43189,Vijayawada (AWS014),2026-08-21T08:00:00Z,29.54,71.6,1010.94,SYNTHETIC_SIMULATION,SCN_CLEAN_BASELINE,CLEAN_NORMAL,NONE,NONE,NORMAL,0,0,,,none,Normal ambient weather telemetry with diurnal solar cycles
43189,Vijayawada (AWS014),2026-08-21T09:00:00Z,31.98,66.7,1011.18,SYNTHETIC_SIMULATION,SCN_CLEAN_BASELINE,CLEAN_NORMAL,NONE,NONE,NORMAL,0,0,,,none,Normal ambient weather telemetry with diurnal solar cycles
43189,Vijayawada (AWS014),2026-08-21T10:00:00Z,32.88,63.3,1011.82,SYNTHETIC_SIMULATION,SCN_CLEAN_BASELINE,CLEAN_NORMAL,NONE,NONE,NORMAL,0,0,,,none,Normal ambient weather telemetry with diurnal solar cycles
43189,Vijayawada (AWS014),2026-08-21T11:00:00Z,33.38,61.6,1012.74,SYNTHETIC_SIMULATION,SCN_CLEAN_BASELINE,CLEAN_NORMAL,NONE,NONE,NORMAL,0,0,,,none,Normal ambient weather telemetry with diurnal solar cycles
43189,Vijayawada (AWS014),2026-08-21T12:00:00Z,34.27,58.3,1013.04,SYNTHETIC_SIMULATION,SCN_CLEAN_BASELINE,CLEAN_NORMAL,NONE,NONE,NORMAL,0,0,,,none,Normal ambient weather telemetry with diurnal solar cycles
43189,Vijayawada (AWS014),2026-08-21T13:00:00Z,35.2,56.4,1012.42,SYNTHETIC_SIMULATION,SCN_CLEAN_BASELINE,CLEAN_NORMAL,NONE,NONE,NORMAL,0,0,,,none,Normal ambient weather telemetry with diurnal solar cycles
43189,Vijayawada (AWS014),2026-08-21T14:00:00Z,35.35,54.0,1012.25,SYNTHETIC_SIMULATION,SCN_CLEAN_BASELINE,CLEAN_NORMAL,NONE,NONE,NORMAL,0,0,,,none,Normal ambient weather telemetry with diurnal solar cycles
43189,Vijayawada (AWS014),2026-08-21T15:00:00Z,35.61,56.2,1011.97,SYNTHETIC_SIMULATION,SCN_CLEAN_BASELINE,CLEAN_NORMAL,NONE,NONE,NORMAL,0,0,,,none,Normal ambient weather telemetry with diurnal solar cycles
43189,Vijayawada (AWS014),2026-08-21T16:00:00Z,34.89,56.6,1011.07,SYNTHETIC_SIMULATION,SCN_CLEAN_BASELINE,CLEAN_NORMAL,NONE,NONE,NORMAL,0,0,,,none,Normal ambient weather telemetry with diurnal solar cycles
43189,Vijayawada (AWS014),2026-08-21T17:00:00Z,34.92,59.9,1010.41,SYNTHETIC_SIMULATION,SCN_CLEAN_BASELINE,CLEAN_NORMAL,NONE,NONE,NORMAL,0,0,,,none,Normal ambient weather telemetry with diurnal solar cycles
43189,Vijayawada (AWS014),2026-08-21T18:00:00Z,33.33,61.7,1010.35,SYNTHETIC_SIMULATION,SCN_CLEAN_BASELINE,CLEAN_NORMAL,NONE,NONE,NORMAL,0,0,,,none,Normal ambient weather telemetry with diurnal solar cycles
43189,Vijayawada (AWS014),2026-08-21T19:00:00Z,32.31,61.9,1010.79,SYNTHETIC_SIMULATION,SCN_CLEAN_BASELINE,CLEAN_NORMAL,NONE,NONE,NORMAL,0,0,,,none,Normal ambient weather telemetry with diurnal solar cycles
43189,Vijayawada (AWS014),2026-08-21T20:00:00Z,31.17,68.4,1010.57,SYNTHETIC_SIMULATION,SCN_CLEAN_BASELINE,CLEAN_NORMAL,NONE,NONE,NORMAL,0,0,,,none,Normal ambient weather telemetry with diurnal solar cycles
43189,Vijayawada (AWS014),2026-08-21T21:00:00Z,30.02,72.7,1011.36,SYNTHETIC_SIMULATION,SCN_CLEAN_BASELINE,CLEAN_NORMAL,NONE,NONE,NORMAL,0,0,,,none,Normal ambient weather telemetry with diurnal solar cycles
43189,Vijayawada (AWS014),2026-08-21T22:00:00Z,27.75,74.8,1012.03,SYNTHETIC_SIMULATION,SCN_CLEAN_BASELINE,CLEAN_NORMAL,NONE,NONE,NORMAL,0,0,,,none,Normal ambient weather telemetry with diurnal solar cycles
43189,Vijayawada (AWS014),2026-08-21T23:00:00Z,27.01,78.6,1012.38,SYNTHETIC_SIMULATION,SCN_CLEAN_BASELINE,CLEAN_NORMAL,NONE,NONE,NORMAL,0,0,,,none,Normal ambient weather telemetry with diurnal solar cycles
43189,Vijayawada (AWS014),2026-08-22T00:00:00Z,26.07,81.2,1012.41,SYNTHETIC_SIMULATION,SCN_CLEAN_BASELINE,CLEAN_NORMAL,NONE,NONE,NORMAL,0,0,,,none,Normal ambient weather telemetry with diurnal solar cycles
43189,Vijayawada (AWS014),2026-08-22T01:00:00Z,24.68,84.0,1012.63,SYNTHETIC_SIMULATION,SCN_CLEAN_BASELINE,CLEAN_NORMAL,NONE,NONE,NORMAL,0,0,,,none,Normal ambient weather telemetry with diurnal solar cycles
43189,Vijayawada (AWS014),2026-08-22T02:00:00Z,25.57,81.8,1012.14,SYNTHETIC_SIMULATION,SCN_CLEAN_BASELINE,CLEAN_NORMAL,NONE,NONE,NORMAL,0,0,,,none,Normal ambient weather telemetry with diurnal solar cycles
43189,Vijayawada (AWS014),2026-08-22T03:00:00Z,24.91,83.1,1011.14,SYNTHETIC_SIMULATION,SCN_CLEAN_BASELINE,CLEAN_NORMAL,NONE,NONE,NORMAL,0,0,,,none,Normal ambient weather telemetry with diurnal solar cycles
43189,Vijayawada (AWS014),2026-08-22T04:00:00Z,26.23,80.4,1010.36,SYNTHETIC_SIMULATION,SCN_CLEAN_BASELINE,CLEAN_NORMAL,NONE,NONE,NORMAL,0,0,,,none,Normal ambient weather telemetry with diurnal solar cycles
43189,Vijayawada (AWS014),2026-08-22T05:00:00Z,26.58,79.4,1009.89,SYNTHETIC_SIMULATION,SCN_CLEAN_BASELINE,CLEAN_NORMAL,NONE,NONE,NORMAL,0,0,,,none,Normal ambient weather telemetry with diurnal solar cycles
43189,Vijayawada (AWS014),2026-08-22T06:00:00Z,27.58,76.4,1009.16,SYNTHETIC_SIMULATION,SCN_CLEAN_BASELINE,CLEAN_NORMAL,NONE,NONE,NORMAL,0,0,,,none,Normal ambient weather telemetry with diurnal solar cycles
43189,Vijayawada (AWS014),2026-08-22T07:00:00Z,28.63,72.6,1009.56,SYNTHETIC_SIMULATION,SCN_CLEAN_BASELINE,CLEAN_NORMAL,NONE,NONE,NORMAL,0,0,,,none,Normal ambient weather telemetry with diurnal solar cycles
43189,Vijayawada (AWS014),2026-08-22T08:00:00Z,30.58,70.2,1009.71,SYNTHETIC_SIMULATION,SCN_CLEAN_BASELINE,CLEAN_NORMAL,NONE,NONE,NORMAL,0,0,,,none,Normal ambient weather telemetry with diurnal solar cycles
43189,Vijayawada (AWS014),2026-08-22T09:00:00Z,31.25,65.4,1010.84,SYNTHETIC_SIMULATION,SCN_CLEAN_BASELINE,CLEAN_NORMAL,NONE,NONE,NORMAL,0,0,,,none,Normal ambient weather telemetry with diurnal solar cycles
43189,Vijayawada (AWS014),2026-08-22T10:00:00Z,32.9,61.7,1011.46,SYNTHETIC_SIMULATION,SCN_CLEAN_BASELINE,CLEAN_NORMAL,NONE,NONE,NORMAL,0,0,,,none,Normal ambient weather telemetry with diurnal solar cycles
43189,Vijayawada (AWS014),2026-08-22T11:00:00Z,34.41,57.1,1011.74,SYNTHETIC_SIMULATION,SCN_CLEAN_BASELINE,CLEAN_NORMAL,NONE,NONE,NORMAL,0,0,,,none,Normal ambient weather telemetry with diurnal solar cycles
43189,Vijayawada (AWS014),2026-08-22T12:00:00Z,34.89,54.4,1011.24,SYNTHETIC_SIMULATION,SCN_CLEAN_BASELINE,CLEAN_NORMAL,NONE,NONE,NORMAL,0,0,,,none,Normal ambient weather telemetry with diurnal solar cycles
43189,Vijayawada (AWS014),2026-08-22T13:00:00Z,35.79,53.8,1010.68,SYNTHETIC_SIMULATION,SCN_CLEAN_BASELINE,CLEAN_NORMAL,NONE,NONE,NORMAL,0,0,,,none,Normal ambient weather telemetry with diurnal solar cycles
43189,Vijayawada (AWS014),2026-08-22T14:00:00Z,36.63,53.4,1010.3,SYNTHETIC_SIMULATION,SCN_CLEAN_BASELINE,CLEAN_NORMAL,NONE,NONE,NORMAL,0,0,,,none,Normal ambient weather telemetry with diurnal solar cycles
43189,Vijayawada (AWS014),2026-08-22T15:00:00Z,36.68,51.9,1009.7,SYNTHETIC_SIMULATION,SCN_CLEAN_BASELINE,CLEAN_NORMAL,NONE,NONE,NORMAL,0,0,,,none,Normal ambient weather telemetry with diurnal solar cycles
43189,Vijayawada (AWS014),2026-08-22T16:00:00Z,36.02,53.4,1008.87,SYNTHETIC_SIMULATION,SCN_CLEAN_BASELINE,CLEAN_NORMAL,NONE,NONE,NORMAL,0,0,,,none,Normal ambient weather telemetry with diurnal solar cycles
43189,Vijayawada (AWS014),2026-08-22T17:00:00Z,35.27,54.3,1008.17,SYNTHETIC_SIMULATION,SCN_CLEAN_BASELINE,CLEAN_NORMAL,NONE,NONE,NORMAL,0,0,,,none,Normal ambient weather telemetry with diurnal solar cycles
43189,Vijayawada (AWS014),2026-08-22T18:00:00Z,34.96,58.1,1008.14,SYNTHETIC_SIMULATION,SCN_CLEAN_BASELINE,CLEAN_NORMAL,NONE,NONE,NORMAL,0,0,,,none,Normal ambient weather telemetry with diurnal solar cycles
43189,Vijayawada (AWS014),2026-08-22T19:00:00Z,33.56,58.6,1008.3,SYNTHETIC_SIMULATION,SCN_CLEAN_BASELINE,CLEAN_NORMAL,NONE,NONE,NORMAL,0,0,,,none,Normal ambient weather telemetry with diurnal solar cycles
43189,Vijayawada (AWS014),2026-08-22T20:00:00Z,32.82,62.8,1008.27,SYNTHETIC_SIMULATION,SCN_CLEAN_BASELINE,CLEAN_NORMAL,NONE,NONE,NORMAL,0,0,,,none,Normal ambient weather telemetry with diurnal solar cycles
43189,Vijayawada (AWS014),2026-08-22T21:00:00Z,31.46,67.2,1008.64,SYNTHETIC_SIMULATION,SCN_CLEAN_BASELINE,CLEAN_NORMAL,NONE,NONE,NORMAL,0,0,,,none,Normal ambient weather telemetry with diurnal solar cycles
43189,Vijayawada (AWS014),2026-08-22T22:00:00Z,30.09,69.3,1009.37,SYNTHETIC_SIMULATION,SCN_CLEAN_BASELINE,CLEAN_NORMAL,NONE,NONE,NORMAL,0,0,,,none,Normal ambient weather telemetry with diurnal solar cycles
43189,Vijayawada (AWS014),2026-08-22T23:00:00Z,29.57,73.4,1009.16,SYNTHETIC_SIMULATION,SCN_CLEAN_BASELINE,CLEAN_NORMAL,NONE,NONE,NORMAL,0,0,,,none,Normal ambient weather telemetry with diurnal solar cycles
43189,Vijayawada (AWS014),2026-08-23T00:00:00Z,28.42,76.3,1009.49,SYNTHETIC_SIMULATION,SCN_CLEAN_BASELINE,CLEAN_NORMAL,NONE,NONE,NORMAL,0,0,,,none,Normal ambient weather telemetry with diurnal solar cycles
43189,Vijayawada (AWS014),2026-08-23T01:00:00Z,27.73,75.6,1009.07,SYNTHETIC_SIMULATION,SCN_CLEAN_BASELINE,CLEAN_NORMAL,NONE,NONE,NORMAL,0,0,,,none,Normal ambient weather telemetry with diurnal solar cycles
43189,Vijayawada (AWS014),2026-08-23T02:00:00Z,27.76,76.1,1008.7,SYNTHETIC_SIMULATION,SCN_CLEAN_BASELINE,CLEAN_NORMAL,NONE,NONE,NORMAL,0,0,,,none,Normal ambient weather telemetry with diurnal solar cycles
43189,Vijayawada (AWS014),2026-08-23T03:00:00Z,27.78,76.3,1007.62,SYNTHETIC_SIMULATION,SCN_CLEAN_BASELINE,CLEAN_NORMAL,NONE,NONE,NORMAL,0,0,,,none,Normal ambient weather telemetry with diurnal solar cycles
43189,Vijayawada (AWS014),2026-08-23T04:00:00Z,28.35,74.3,1006.57,SYNTHETIC_SIMULATION,SCN_CLEAN_BASELINE,CLEAN_NORMAL,NONE,NONE,NORMAL,0,0,,,none,Normal ambient weather telemetry with diurnal solar cycles
43189,Vijayawada (AWS014),2026-08-23T05:00:00Z,28.74,75.5,1006.08,SYNTHETIC_SIMULATION,SCN_CLEAN_BASELINE,CLEAN_NORMAL,NONE,NONE,NORMAL,0,0,,,none,Normal ambient weather telemetry with diurnal solar cycles
43189,Vijayawada (AWS014),2026-08-23T06:00:00Z,29.39,72.5,1005.84,SYNTHETIC_SIMULATION,SCN_CLEAN_BASELINE,CLEAN_NORMAL,NONE,NONE,NORMAL,0,0,,,none,Normal ambient weather telemetry with diurnal solar cycles
43189,Vijayawada (AWS014),2026-08-23T07:00:00Z,31.26,68.7,1006.09,SYNTHETIC_SIMULATION,SCN_CLEAN_BASELINE,CLEAN_NORMAL,NONE,NONE,NORMAL,0,0,,,none,Normal ambient weather telemetry with diurnal solar cycles
43189,Vijayawada (AWS014),2026-08-23T08:00:00Z,32.51,63.5,1006.22,SYNTHETIC_SIMULATION,SCN_CLEAN_BASELINE,CLEAN_NORMAL,NONE,NONE,NORMAL,0,0,,,none,Normal ambient weather telemetry with diurnal solar cycles
43189,Vijayawada (AWS014),2026-08-23T09:00:00Z,34.22,58.3,1006.88,SYNTHETIC_SIMULATION,SCN_CLEAN_BASELINE,CLEAN_NORMAL,NONE,NONE,NORMAL,0,0,,,none,Normal ambient weather telemetry with diurnal solar cycles
43189,Vijayawada (AWS014),2026-08-23T10:00:00Z,35.26,54.7,1007.17,SYNTHETIC_SIMULATION,SCN_CLEAN_BASELINE,CLEAN_NORMAL,NONE,NONE,NORMAL,0,0,,,none,Normal ambient weather telemetry with diurnal solar cycles
43189,Vijayawada (AWS014),2026-08-23T11:00:00Z,37.08,52.9,1007.86,SYNTHETIC_SIMULATION,SCN_CLEAN_BASELINE,CLEAN_NORMAL,NONE,NONE,NORMAL,0,0,,,none,Normal ambient weather telemetry with diurnal solar cycles
43189,Vijayawada (AWS014),2026-08-23T12:00:00Z,37.98,50.8,1007.53,SYNTHETIC_SIMULATION,SCN_CLEAN_BASELINE,CLEAN_NORMAL,NONE,NONE,NORMAL,0,0,,,none,Normal ambient weather telemetry with diurnal solar cycles
43189,Vijayawada (AWS014),2026-08-23T13:00:00Z,38.68,48.5,1007.6,SYNTHETIC_SIMULATION,SCN_CLEAN_BASELINE,CLEAN_NORMAL,NONE,NONE,NORMAL,0,0,,,none,Normal ambient weather telemetry with diurnal solar cycles
43189,Vijayawada (AWS014),2026-08-23T14:00:00Z,39.09,47.1,1006.26,SYNTHETIC_SIMULATION,SCN_CLEAN_BASELINE,CLEAN_NORMAL,NONE,NONE,NORMAL,0,0,,,none,Normal ambient weather telemetry with diurnal solar cycles
43189,Vijayawada (AWS014),2026-08-23T15:00:00Z,39.7,47.2,1005.35,SYNTHETIC_SIMULATION,SCN_CLEAN_BASELINE,CLEAN_NORMAL,NONE,NONE,NORMAL,0,0,,,none,Normal ambient weather telemetry with diurnal solar cycles
43189,Vijayawada (AWS014),2026-08-23T16:00:00Z,38.79,47.1,1004.89,SYNTHETIC_SIMULATION,SCN_CLEAN_BASELINE,CLEAN_NORMAL,NONE,NONE,NORMAL,0,0,,,none,Normal ambient weather telemetry with diurnal solar cycles
43189,Vijayawada (AWS014),2026-08-23T17:00:00Z,37.65,50.1,1004.52,SYNTHETIC_SIMULATION,SCN_CLEAN_BASELINE,CLEAN_NORMAL,NONE,NONE,NORMAL,0,0,,,none,Normal ambient weather telemetry with diurnal solar cycles
43189,Vijayawada (AWS014),2026-08-23T18:00:00Z,37.53,52.2,1003.99,SYNTHETIC_SIMULATION,SCN_CLEAN_BASELINE,CLEAN_NORMAL,NONE,NONE,NORMAL,0,0,,,none,Normal ambient weather telemetry with diurnal solar cycles
43189,Vijayawada (AWS014),2026-08-23T19:00:00Z,36.72,53.8,1004.39,SYNTHETIC_SIMULATION,SCN_CLEAN_BASELINE,CLEAN_NORMAL,NONE,NONE,NORMAL,0,0,,,none,Normal ambient weather telemetry with diurnal solar cycles
43189,Vijayawada (AWS014),2026-08-23T20:00:00Z,35.09,59.1,1004.67,SYNTHETIC_SIMULATION,SCN_CLEAN_BASELINE,CLEAN_NORMAL,NONE,NONE,NORMAL,0,0,,,none,Normal ambient weather telemetry with diurnal solar cycles
43189,Vijayawada (AWS014),2026-08-23T21:00:00Z,34.39,60.7,1005.74,SYNTHETIC_SIMULATION,SCN_CLEAN_BASELINE,CLEAN_NORMAL,NONE,NONE,NORMAL,0,0,,,none,Normal ambient weather telemetry with diurnal solar cycles
43189,Vijayawada (AWS014),2026-08-23T22:00:00Z,32.11,64.9,1005.64,SYNTHETIC_SIMULATION,SCN_CLEAN_BASELINE,CLEAN_NORMAL,NONE,NONE,NORMAL,0,0,,,none,Normal ambient weather telemetry with diurnal solar cycles
43189,Vijayawada (AWS014),2026-08-23T23:00:00Z,31.38,67.7,1006.07,SYNTHETIC_SIMULATION,SCN_CLEAN_BASELINE,CLEAN_NORMAL,NONE,NONE,NORMAL,0,0,,,none,Normal ambient weather telemetry with diurnal solar cycles
43189,Vijayawada (AWS014),2026-08-24T00:00:00Z,29.58,69.6,1006.51,SYNTHETIC_SIMULATION,SCN_CLEAN_BASELINE,CLEAN_NORMAL,NONE,NONE,NORMAL,0,0,,,none,Normal ambient weather telemetry with diurnal solar cycles
43189,Vijayawada (AWS014),2026-08-24T01:00:00Z,29.98,71.2,1006.11,SYNTHETIC_SIMULATION,SCN_CLEAN_BASELINE,CLEAN_NORMAL,NONE,NONE,NORMAL,0,0,,,none,Normal ambient weather telemetry with diurnal solar cycles
43189,Vijayawada (AWS014),2026-08-24T02:00:00Z,29.16,74.7,1005.93,SYNTHETIC_SIMULATION,SCN_CLEAN_BASELINE,CLEAN_NORMAL,NONE,NONE,NORMAL,0,0,,,none,Normal ambient weather telemetry with diurnal solar cycles
43189,Vijayawada (AWS014),2026-08-24T03:00:00Z,29.34,71.7,1005.02,SYNTHETIC_SIMULATION,SCN_CLEAN_BASELINE,CLEAN_NORMAL,NONE,NONE,NORMAL,0,0,,,none,Normal ambient weather telemetry with diurnal solar cycles
43189,Vijayawada (AWS014),2026-08-24T04:00:00Z,29.62,74.2,1004.02,SYNTHETIC_SIMULATION,SCN_CLEAN_BASELINE,CLEAN_NORMAL,NONE,NONE,NORMAL,0,0,,,none,Normal ambient weather telemetry with diurnal solar cycles
43189,Vijayawada (AWS014),2026-08-24T05:00:00Z,30.08,69.7,1003.56,SYNTHETIC_SIMULATION,SCN_CLEAN_BASELINE,CLEAN_NORMAL,NONE,NONE,NORMAL,0,0,,,none,Normal ambient weather telemetry with diurnal solar cycles
43189,Vijayawada (AWS014),2026-08-24T06:00:00Z,31.95,67.2,1003.31,SYNTHETIC_SIMULATION,SCN_CLEAN_BASELINE,CLEAN_NORMAL,NONE,NONE,NORMAL,0,0,,,none,Normal ambient weather telemetry with diurnal solar cycles
43189,Vijayawada (AWS014),2026-08-24T07:00:00Z,33.2,62.0,1003.47,SYNTHETIC_SIMULATION,SCN_CLEAN_BASELINE,CLEAN_NORMAL,NONE,NONE,NORMAL,0,0,,,none,Normal ambient weather telemetry with diurnal solar cycles
43189,Vijayawada (AWS014),2026-08-24T08:00:00Z,33.82,57.3,1004.62,SYNTHETIC_SIMULATION,SCN_CLEAN_BASELINE,CLEAN_NORMAL,NONE,NONE,NORMAL,0,0,,,none,Normal ambient weather telemetry with diurnal solar cycles
43189,Vijayawada (AWS014),2026-08-24T09:00:00Z,35.02,57.0,1005.26,SYNTHETIC_SIMULATION,SCN_CLEAN_BASELINE,CLEAN_NORMAL,NONE,NONE,NORMAL,0,0,,,none,Normal ambient weather telemetry with diurnal solar cycles
43189,Vijayawada (AWS014),2026-08-24T10:00:00Z,36.76,52.0,1005.61,SYNTHETIC_SIMULATION,SCN_CLEAN_BASELINE,CLEAN_NORMAL,NONE,NONE,NORMAL,0,0,,,none,Normal ambient weather telemetry with diurnal solar cycles
43189,Vijayawada (AWS014),2026-08-24T11:00:00Z,38.27,50.8,1005.61,SYNTHETIC_SIMULATION,SCN_CLEAN_BASELINE,CLEAN_NORMAL,NONE,NONE,NORMAL,0,0,,,none,Normal ambient weather telemetry with diurnal solar cycles
43189,Vijayawada (AWS014),2026-08-24T12:00:00Z,38.25,48.4,1005.99,SYNTHETIC_SIMULATION,SCN_CLEAN_BASELINE,CLEAN_NORMAL,NONE,NONE,NORMAL,0,0,,,none,Normal ambient weather telemetry with diurnal solar cycles
43189,Vijayawada (AWS014),2026-08-24T13:00:00Z,39.15,44.8,1006.13,SYNTHETIC_SIMULATION,SCN_CLEAN_BASELINE,CLEAN_NORMAL,NONE,NONE,NORMAL,0,0,,,none,Normal ambient weather telemetry with diurnal solar cycles
43189,Vijayawada (AWS014),2026-08-24T14:00:00Z,39.5,44.3,1005.71,SYNTHETIC_SIMULATION,SCN_CLEAN_BASELINE,CLEAN_NORMAL,NONE,NONE,NORMAL,0,0,,,none,Normal ambient weather telemetry with diurnal solar cycles
43189,Vijayawada (AWS014),2026-08-24T15:00:00Z,39.44,43.7,1004.84,SYNTHETIC_SIMULATION,SCN_CLEAN_BASELINE,CLEAN_NORMAL,NONE,NONE,NORMAL,0,0,,,none,Normal ambient weather telemetry with diurnal solar cycles
43189,Vijayawada (AWS014),2026-08-24T16:00:00Z,39.48,47.7,1004.33,SYNTHETIC_SIMULATION,SCN_CLEAN_BASELINE,CLEAN_NORMAL,NONE,NONE,NORMAL,0,0,,,none,Normal ambient weather telemetry with diurnal solar cycles
43189,Vijayawada (AWS014),2026-08-24T17:00:00Z,39.07,47.7,1003.73,SYNTHETIC_SIMULATION,SCN_CLEAN_BASELINE,CLEAN_NORMAL,NONE,NONE,NORMAL,0,0,,,none,Normal ambient weather telemetry with diurnal solar cycles
43189,Vijayawada (AWS014),2026-08-24T18:00:00Z,38.07,49.6,1003.76,SYNTHETIC_SIMULATION,SCN_CLEAN_BASELINE,CLEAN_NORMAL,NONE,NONE,NORMAL,0,0,,,none,Normal ambient weather telemetry with diurnal solar cycles
43189,Vijayawada (AWS014),2026-08-24T19:00:00Z,36.33,53.8,1004.08,SYNTHETIC_SIMULATION,SCN_CLEAN_BASELINE,CLEAN_NORMAL,NONE,NONE,NORMAL,0,0,,,none,Normal ambient weather telemetry with diurnal solar cycles
43189,Vijayawada (AWS014),2026-08-24T20:00:00Z,34.91,57.4,1004.25,SYNTHETIC_SIMULATION,SCN_CLEAN_BASELINE,CLEAN_NORMAL,NONE,NONE,NORMAL,0,0,,,none,Normal ambient weather telemetry with diurnal solar cycles
43189,Vijayawada (AWS014),2026-08-24T21:00:00Z,33.49,59.6,1006.04,SYNTHETIC_SIMULATION,SCN_CLEAN_BASELINE,CLEAN_NORMAL,NONE,NONE,NORMAL,0,0,,,none,Normal ambient weather telemetry with diurnal solar cycles
43189,Vijayawada (AWS014),2026-08-24T22:00:00Z,32.6,66.2,1006.33,SYNTHETIC_SIMULATION,SCN_CLEAN_BASELINE,CLEAN_NORMAL,NONE,NONE,NORMAL,0,0,,,none,Normal ambient weather telemetry with diurnal solar cycles
43189,Vijayawada (AWS014),2026-08-24T23:00:00Z,31.01,68.8,1007.02,SYNTHETIC_SIMULATION,SCN_CLEAN_BASELINE,CLEAN_NORMAL,NONE,NONE,NORMAL,0,0,,,none,Normal ambient weather telemetry with diurnal solar cycles
43189,Vijayawada (AWS014),2026-08-25T00:00:00Z,30.1,70.2,1007.24,SYNTHETIC_SIMULATION,SCN_CLEAN_BASELINE,CLEAN_NORMAL,NONE,NONE,NORMAL,0,0,,,none,Normal ambient weather telemetry with diurnal solar cycles
43189,Vijayawada (AWS014),2026-08-25T01:00:00Z,28.68,72.4,1006.92,SYNTHETIC_SIMULATION,SCN_CLEAN_BASELINE,CLEAN_NORMAL,NONE,NONE,NORMAL,0,0,,,none,Normal ambient weather telemetry with diurnal solar cycles
43189,Vijayawada (AWS014),2026-08-25T02:00:00Z,28.68,73.1,1006.34,SYNTHETIC_SIMULATION,SCN_CLEAN_BASELINE,CLEAN_NORMAL,NONE,NONE,NORMAL,0,0,,,none,Normal ambient weather telemetry with diurnal solar cycles
43189,Vijayawada (AWS014),2026-08-25T03:00:00Z,28.59,73.6,1005.97,SYNTHETIC_SIMULATION,SCN_CLEAN_BASELINE,CLEAN_NORMAL,NONE,NONE,NORMAL,0,0,,,none,Normal ambient weather telemetry with diurnal solar cycles
43189,Vijayawada (AWS014),2026-08-25T04:00:00Z,28.78,74.4,1005.51,SYNTHETIC_SIMULATION,SCN_CLEAN_BASELINE,CLEAN_NORMAL,NONE,NONE,NORMAL,0,0,,,none,Normal ambient weather telemetry with diurnal solar cycles
43189,Vijayawada (AWS014),2026-08-25T05:00:00Z,29.56,73.6,1005.27,SYNTHETIC_SIMULATION,SCN_CLEAN_BASELINE,CLEAN_NORMAL,NONE,NONE,NORMAL,0,0,,,none,Normal ambient weather telemetry with diurnal solar cycles
43189,Vijayawada (AWS014),2026-08-25T06:00:00Z,30.37,69.4,1004.81,SYNTHETIC_SIMULATION,SCN_CLEAN_BASELINE,CLEAN_NORMAL,NONE,NONE,NORMAL,0,0,,,none,Normal ambient weather telemetry with diurnal solar cycles
43189,Vijayawada (AWS014),2026-08-25T07:00:00Z,31.42,67.1,1005.19,SYNTHETIC_SIMULATION,SCN_CLEAN_BASELINE,CLEAN_NORMAL,NONE,NONE,NORMAL,0,0,,,none,Normal ambient weather telemetry with diurnal solar cycles
43189,Vijayawada (AWS014),2026-08-25T08:00:00Z,32.16,64.2,1006.41,SYNTHETIC_SIMULATION,SCN_CLEAN_BASELINE,CLEAN_NORMAL,NONE,NONE,NORMAL,0,0,,,none,Normal ambient weather telemetry with diurnal solar cycles
43189,Vijayawada (AWS014),2026-08-25T09:00:00Z,33.8,59.2,1006.67,SYNTHETIC_SIMULATION,SCN_CLEAN_BASELINE,CLEAN_NORMAL,NONE,NONE,NORMAL,0,0,,,none,Normal ambient weather telemetry with diurnal solar cycles
43189,Vijayawada (AWS014),2026-08-25T10:00:00Z,34.92,57.1,1007.47,SYNTHETIC_SIMULATION,SCN_CLEAN_BASELINE,CLEAN_NORMAL,NONE,NONE,NORMAL,0,0,,,none,Normal ambient weather telemetry with diurnal solar cycles
43189,Vijayawada (AWS014),2026-08-25T11:00:00Z,35.89,53.0,1008.05,SYNTHETIC_SIMULATION,SCN_CLEAN_BASELINE,CLEAN_NORMAL,NONE,NONE,NORMAL,0,0,,,none,Normal ambient weather telemetry with diurnal solar cycles
43189,Vijayawada (AWS014),2026-08-25T12:00:00Z,37.73,51.8,1008.68,SYNTHETIC_SIMULATION,SCN_CLEAN_BASELINE,CLEAN_NORMAL,NONE,NONE,NORMAL,0,0,,,none,Normal ambient weather telemetry with diurnal solar cycles
43189,Vijayawada (AWS014),2026-08-25T13:00:00Z,37.68,48.5,1008.08,SYNTHETIC_SIMULATION,SCN_CLEAN_BASELINE,CLEAN_NORMAL,NONE,NONE,NORMAL,0,0,,,none,Normal ambient weather telemetry with diurnal solar cycles
43189,Vijayawada (AWS014),2026-08-25T14:00:00Z,37.75,50.2,1008.24,SYNTHETIC_SIMULATION,SCN_CLEAN_BASELINE,CLEAN_NORMAL,NONE,NONE,NORMAL,0,0,,,none,Normal ambient weather telemetry with diurnal solar cycles
43189,Vijayawada (AWS014),2026-08-25T15:00:00Z,37.58,49.2,1008.15,SYNTHETIC_SIMULATION,SCN_CLEAN_BASELINE,CLEAN_NORMAL,NONE,NONE,NORMAL,0,0,,,none,Normal ambient weather telemetry with diurnal solar cycles
43189,Vijayawada (AWS014),2026-08-25T16:00:00Z,37.69,50.4,1007.25,SYNTHETIC_SIMULATION,SCN_CLEAN_BASELINE,CLEAN_NORMAL,NONE,NONE,NORMAL,0,0,,,none,Normal ambient weather telemetry with diurnal solar cycles
43189,Vijayawada (AWS014),2026-08-25T17:00:00Z,37.0,50.8,1006.79,SYNTHETIC_SIMULATION,SCN_CLEAN_BASELINE,CLEAN_NORMAL,NONE,NONE,NORMAL,0,0,,,none,Normal ambient weather telemetry with diurnal solar cycles
43189,Vijayawada (AWS014),2026-08-25T18:00:00Z,35.29,56.4,1007.17,SYNTHETIC_SIMULATION,SCN_CLEAN_BASELINE,CLEAN_NORMAL,NONE,NONE,NORMAL,0,0,,,none,Normal ambient weather telemetry with diurnal solar cycles
43189,Vijayawada (AWS014),2026-08-25T19:00:00Z,34.43,58.8,1007.05,SYNTHETIC_SIMULATION,SCN_CLEAN_BASELINE,CLEAN_NORMAL,NONE,NONE,NORMAL,0,0,,,none,Normal ambient weather telemetry with diurnal solar cycles
43189,Vijayawada (AWS014),2026-08-25T20:00:00Z,33.26,63.3,1007.91,SYNTHETIC_SIMULATION,SCN_CLEAN_BASELINE,CLEAN_NORMAL,NONE,NONE,NORMAL,0,0,,,none,Normal ambient weather telemetry with diurnal solar cycles
43189,Vijayawada (AWS014),2026-08-25T21:00:00Z,31.61,67.2,1008.54,SYNTHETIC_SIMULATION,SCN_CLEAN_BASELINE,CLEAN_NORMAL,NONE,NONE,NORMAL,0,0,,,none,Normal ambient weather telemetry with diurnal solar cycles
43189,Vijayawada (AWS014),2026-08-25T22:00:00Z,29.61,70.1,1009.55,SYNTHETIC_SIMULATION,SCN_CLEAN_BASELINE,CLEAN_NORMAL,NONE,NONE,NORMAL,0,0,,,none,Normal ambient weather telemetry with diurnal solar cycles
43189,Vijayawada (AWS014),2026-08-25T23:00:00Z,28.39,74.0,1010.17,SYNTHETIC_SIMULATION,SCN_CLEAN_BASELINE,CLEAN_NORMAL,NONE,NONE,NORMAL,0,0,,,none,Normal ambient weather telemetry with diurnal solar cycles
43189,Vijayawada (AWS014),2026-08-26T00:00:00Z,27.11,77.2,1010.61,SYNTHETIC_SIMULATION,SCN_CLEAN_BASELINE,CLEAN_NORMAL,NONE,NONE,NORMAL,0,0,,,none,Normal ambient weather telemetry with diurnal solar cycles
43189,Vijayawada (AWS014),2026-08-26T01:00:00Z,26.71,77.9,1010.69,SYNTHETIC_SIMULATION,SCN_CLEAN_BASELINE,CLEAN_NORMAL,NONE,NONE,NORMAL,0,0,,,none,Normal ambient weather telemetry with diurnal solar cycles
43189,Vijayawada (AWS014),2026-08-26T02:00:00Z,25.83,79.6,1010.0,SYNTHETIC_SIMULATION,SCN_CLEAN_BASELINE,CLEAN_NORMAL,NONE,NONE,NORMAL,0,0,,,none,Normal ambient weather telemetry with diurnal solar cycles
43189,Vijayawada (AWS014),2026-08-26T03:00:00Z,26.7,78.8,1009.72,SYNTHETIC_SIMULATION,SCN_CLEAN_BASELINE,CLEAN_NORMAL,NONE,NONE,NORMAL,0,0,,,none,Normal ambient weather telemetry with diurnal solar cycles
43189,Vijayawada (AWS014),2026-08-26T04:00:00Z,26.26,81.8,1009.28,SYNTHETIC_SIMULATION,SCN_CLEAN_BASELINE,CLEAN_NORMAL,NONE,NONE,NORMAL,0,0,,,none,Normal ambient weather telemetry with diurnal solar cycles
43189,Vijayawada (AWS014),2026-08-26T05:00:00Z,26.51,77.2,1008.66,SYNTHETIC_SIMULATION,SCN_CLEAN_BASELINE,CLEAN_NORMAL,NONE,NONE,NORMAL,0,0,,,none,Normal ambient weather telemetry with diurnal solar cycles
43189,Vijayawada (AWS014),2026-08-26T06:00:00Z,28.27,73.6,1008.57,SYNTHETIC_SIMULATION,SCN_CLEAN_BASELINE,CLEAN_NORMAL,NONE,NONE,NORMAL,0,0,,,none,Normal ambient weather telemetry with diurnal solar cycles
43189,Vijayawada (AWS014),2026-08-26T07:00:00Z,28.93,71.2,1008.74,SYNTHETIC_SIMULATION,SCN_CLEAN_BASELINE,CLEAN_NORMAL,NONE,NONE,NORMAL,0,0,,,none,Normal ambient weather telemetry with diurnal solar cycles
43189,Vijayawada (AWS014),2026-08-26T08:00:00Z,30.01,68.8,1010.17,SYNTHETIC_SIMULATION,SCN_CLEAN_BASELINE,CLEAN_NORMAL,NONE,NONE,NORMAL,0,0,,,none,Normal ambient weather telemetry with diurnal solar cycles
43189,Vijayawada (AWS014),2026-08-26T09:00:00Z,32.16,64.1,1010.68,SYNTHETIC_SIMULATION,SCN_CLEAN_BASELINE,CLEAN_NORMAL,NONE,NONE,NORMAL,0,0,,,none,Normal ambient weather telemetry with diurnal solar cycles
43189,Vijayawada (AWS014),2026-08-26T10:00:00Z,32.64,61.3,1011.22,SYNTHETIC_SIMULATION,SCN_CLEAN_BASELINE,CLEAN_NORMAL,NONE,NONE,NORMAL,0,0,,,none,Normal ambient weather telemetry with diurnal solar cycles
43189,Vijayawada (AWS014),2026-08-26T11:00:00Z,34.11,58.1,1011.75,SYNTHETIC_SIMULATION,SCN_CLEAN_BASELINE,CLEAN_NORMAL,NONE,NONE,NORMAL,0,0,,,none,Normal ambient weather telemetry with diurnal solar cycles
43189,Vijayawada (AWS014),2026-08-26T12:00:00Z,34.8,55.5,1012.16,SYNTHETIC_SIMULATION,SCN_CLEAN_BASELINE,CLEAN_NORMAL,NONE,NONE,NORMAL,0,0,,,none,Normal ambient weather telemetry with diurnal solar cycles
43189,Vijayawada (AWS014),2026-08-26T13:00:00Z,35.65,56.6,1011.96,SYNTHETIC_SIMULATION,SCN_CLEAN_BASELINE,CLEAN_NORMAL,NONE,NONE,NORMAL,0,0,,,none,Normal ambient weather telemetry with diurnal solar cycles
43189,Vijayawada (AWS014),2026-08-26T14:00:00Z,35.35,55.8,1011.75,SYNTHETIC_SIMULATION,SCN_CLEAN_BASELINE,CLEAN_NORMAL,NONE,NONE,NORMAL,0,0,,,none,Normal ambient weather telemetry with diurnal solar cycles
43189,Vijayawada (AWS014),2026-08-26T15:00:00Z,35.45,52.1,1010.98,SYNTHETIC_SIMULATION,SCN_CLEAN_BASELINE,CLEAN_NORMAL,NONE,NONE,NORMAL,0,0,,,none,Normal ambient weather telemetry with diurnal solar cycles
43189,Vijayawada (AWS014),2026-08-26T16:00:00Z,34.59,55.2,1010.29,SYNTHETIC_SIMULATION,SCN_CLEAN_BASELINE,CLEAN_NORMAL,NONE,NONE,NORMAL,0,0,,,none,Normal ambient weather telemetry with diurnal solar cycles
43189,Vijayawada (AWS014),2026-08-26T17:00:00Z,34.5,58.4,1010.15,SYNTHETIC_SIMULATION,SCN_CLEAN_BASELINE,CLEAN_NORMAL,NONE,NONE,NORMAL,0,0,,,none,Normal ambient weather telemetry with diurnal solar cycles
43189,Vijayawada (AWS014),2026-08-26T18:00:00Z,33.83,59.1,1009.77,SYNTHETIC_SIMULATION,SCN_CLEAN_BASELINE,CLEAN_NORMAL,NONE,NONE,NORMAL,0,0,,,none,Normal ambient weather telemetry with diurnal solar cycles
43189,Vijayawada (AWS014),2026-08-26T19:00:00Z,32.62,64.4,1010.37,SYNTHETIC_SIMULATION,SCN_CLEAN_BASELINE,CLEAN_NORMAL,NONE,NONE,NORMAL,0,0,,,none,Normal ambient weather telemetry with diurnal solar cycles
43189,Vijayawada (AWS014),2026-08-26T20:00:00Z,30.69,67.1,1010.67,SYNTHETIC_SIMULATION,SCN_CLEAN_BASELINE,CLEAN_NORMAL,NONE,NONE,NORMAL,0,0,,,none,Normal ambient weather telemetry with diurnal solar cycles
43189,Vijayawada (AWS014),2026-08-26T21:00:00Z,30.67,69.7,1012.0,SYNTHETIC_SIMULATION,SCN_CLEAN_BASELINE,CLEAN_NORMAL,NONE,NONE,NORMAL,0,0,,,none,Normal ambient weather telemetry with diurnal solar cycles
43189,Vijayawada (AWS014),2026-08-26T22:00:00Z,28.13,75.0,1012.12,SYNTHETIC_SIMULATION,SCN_CLEAN_BASELINE,CLEAN_NORMAL,NONE,NONE,NORMAL,0,0,,,none,Normal ambient weather telemetry with diurnal solar cycles
43189,Vijayawada (AWS014),2026-08-26T23:00:00Z,26.75,76.0,1012.88,SYNTHETIC_SIMULATION,SCN_CLEAN_BASELINE,CLEAN_NORMAL,NONE,NONE,NORMAL,0,0,,,none,Normal ambient weather telemetry with diurnal solar cycles
43189,Vijayawada (AWS014),2026-08-27T00:00:00Z,26.53,80.8,1013.14,SYNTHETIC_SIMULATION,SCN_CLEAN_BASELINE,CLEAN_NORMAL,NONE,NONE,NORMAL,0,0,,,none,Normal ambient weather telemetry with diurnal solar cycles
43189,Vijayawada (AWS014),2026-08-27T01:00:00Z,25.5,83.0,1012.68,SYNTHETIC_SIMULATION,SCN_CLEAN_BASELINE,CLEAN_NORMAL,NONE,NONE,NORMAL,0,0,,,none,Normal ambient weather telemetry with diurnal solar cycles
43189,Vijayawada (AWS014),2026-08-27T02:00:00Z,25.52,84.5,1012.14,SYNTHETIC_SIMULATION,SCN_CLEAN_BASELINE,CLEAN_NORMAL,NONE,NONE,NORMAL,0,0,,,none,Normal ambient weather telemetry with diurnal solar cycles
43189,Vijayawada (AWS014),2026-08-27T03:00:00Z,24.85,82.3,1011.7,SYNTHETIC_SIMULATION,SCN_CLEAN_BASELINE,CLEAN_NORMAL,NONE,NONE,NORMAL,0,0,,,none,Normal ambient weather telemetry with diurnal solar cycles
43189,Vijayawada (AWS014),2026-08-27T04:00:00Z,26.16,83.2,1010.65,SYNTHETIC_SIMULATION,SCN_CLEAN_BASELINE,CLEAN_NORMAL,NONE,NONE,NORMAL,0,0,,,none,Normal ambient weather telemetry with diurnal solar cycles
43189,Vijayawada (AWS014),2026-08-27T05:00:00Z,25.92,81.6,1010.5,SYNTHETIC_SIMULATION,SCN_CLEAN_BASELINE,CLEAN_NORMAL,NONE,NONE,NORMAL,0,0,,,none,Normal ambient weather telemetry with diurnal solar cycles
43189,Vijayawada (AWS014),2026-08-27T06:00:00Z,26.91,76.5,1010.0,SYNTHETIC_SIMULATION,SCN_CLEAN_BASELINE,CLEAN_NORMAL,NONE,NONE,NORMAL,0,0,,,none,Normal ambient weather telemetry with diurnal solar cycles
43189,Vijayawada (AWS014),2026-08-27T07:00:00Z,27.6,74.4,1010.39,SYNTHETIC_SIMULATION,SCN_CLEAN_BASELINE,CLEAN_NORMAL,NONE,NONE,NORMAL,0,0,,,none,Normal ambient weather telemetry with diurnal solar cycles
43189,Vijayawada (AWS014),2026-08-27T08:00:00Z,29.43,71.6,1010.3,SYNTHETIC_SIMULATION,SCN_CLEAN_BASELINE,CLEAN_NORMAL,NONE,NONE,NORMAL,0,0,,,none,Normal ambient weather telemetry with diurnal solar cycles
43189,Vijayawada (AWS014),2026-08-27T09:00:00Z,30.54,69.2,1011.47,SYNTHETIC_SIMULATION,SCN_CLEAN_BASELINE,CLEAN_NORMAL,NONE,NONE,NORMAL,0,0,,,none,Normal ambient weather telemetry with diurnal solar cycles
43189,Vijayawada (AWS014),2026-08-27T10:00:00Z,31.87,64.2,1011.99,SYNTHETIC_SIMULATION,SCN_CLEAN_BASELINE,CLEAN_NORMAL,NONE,NONE,NORMAL,0,0,,,none,Normal ambient weather telemetry with diurnal solar cycles
43189,Vijayawada (AWS014),2026-08-27T11:00:00Z,33.58,60.8,1011.97,SYNTHETIC_SIMULATION,SCN_CLEAN_BASELINE,CLEAN_NORMAL,NONE,NONE,NORMAL,0,0,,,none,Normal ambient weather telemetry with diurnal solar cycles
43189,Vijayawada (AWS014),2026-08-27T12:00:00Z,34.4,57.5,1012.87,SYNTHETIC_SIMULATION,SCN_CLEAN_BASELINE,CLEAN_NORMAL,NONE,NONE,NORMAL,0,0,,,none,Normal ambient weather telemetry with diurnal solar cycles
43189,Vijayawada (AWS014),2026-08-27T13:00:00Z,35.78,56.4,1012.07,SYNTHETIC_SIMULATION,SCN_CLEAN_BASELINE,CLEAN_NORMAL,NONE,NONE,NORMAL,0,0,,,none,Normal ambient weather telemetry with diurnal solar cycles
43189,Vijayawada (AWS014),2026-08-27T14:00:00Z,36.04,54.1,1011.78,SYNTHETIC_SIMULATION,SCN_CLEAN_BASELINE,CLEAN_NORMAL,NONE,NONE,NORMAL,0,0,,,none,Normal ambient weather telemetry with diurnal solar cycles
43189,Vijayawada (AWS014),2026-08-27T15:00:00Z,35.69,55.3,1010.86,SYNTHETIC_SIMULATION,SCN_CLEAN_BASELINE,CLEAN_NORMAL,NONE,NONE,NORMAL,0,0,,,none,Normal ambient weather telemetry with diurnal solar cycles
43189,Vijayawada (AWS014),2026-08-27T16:00:00Z,35.61,54.6,1010.6,SYNTHETIC_SIMULATION,SCN_CLEAN_BASELINE,CLEAN_NORMAL,NONE,NONE,NORMAL,0,0,,,none,Normal ambient weather telemetry with diurnal solar cycles
43189,Vijayawada (AWS014),2026-08-27T17:00:00Z,34.96,58.4,1009.84,SYNTHETIC_SIMULATION,SCN_CLEAN_BASELINE,CLEAN_NORMAL,NONE,NONE,NORMAL,0,0,,,none,Normal ambient weather telemetry with diurnal solar cycles
43189,Vijayawada (AWS014),2026-08-27T18:00:00Z,33.83,60.2,1009.5,SYNTHETIC_SIMULATION,SCN_CLEAN_BASELINE,CLEAN_NORMAL,NONE,NONE,NORMAL,0,0,,,none,Normal ambient weather telemetry with diurnal solar cycles
43189,Vijayawada (AWS014),2026-08-27T19:00:00Z,32.91,61.2,1009.42,SYNTHETIC_SIMULATION,SCN_CLEAN_BASELINE,CLEAN_NORMAL,NONE,NONE,NORMAL,0,0,,,none,Normal ambient weather telemetry with diurnal solar cycles
43189,Vijayawada (AWS014),2026-08-27T20:00:00Z,31.29,65.8,1009.63,SYNTHETIC_SIMULATION,SCN_CLEAN_BASELINE,CLEAN_NORMAL,NONE,NONE,NORMAL,0,0,,,none,Normal ambient weather telemetry with diurnal solar cycles
43189,Vijayawada (AWS014),2026-08-27T21:00:00Z,30.06,70.7,1010.44,SYNTHETIC_SIMULATION,SCN_CLEAN_BASELINE,CLEAN_NORMAL,NONE,NONE,NORMAL,0,0,,,none,Normal ambient weather telemetry with diurnal solar cycles
43189,Vijayawada (AWS014),2026-08-27T22:00:00Z,28.98,74.3,1011.21,SYNTHETIC_SIMULATION,SCN_CLEAN_BASELINE,CLEAN_NORMAL,NONE,NONE,NORMAL,0,0,,,none,Normal ambient weather telemetry with diurnal solar cycles
43189,Vijayawada (AWS014),2026-08-27T23:00:00Z,27.82,75.6,1011.22,SYNTHETIC_SIMULATION,SCN_CLEAN_BASELINE,CLEAN_NORMAL,NONE,NONE,NORMAL,0,0,,,none,Normal ambient weather telemetry with diurnal solar cycles
43245,Tirupati (AWS021),2026-08-01T00:00:00Z,27.27,70.0,1005.95,SYNTHETIC_SIMULATION,SCN_CLEAN_BASELINE,CLEAN_NORMAL,NONE,NONE,NORMAL,0,0,,,none,Normal ambient weather telemetry with diurnal solar cycles
43245,Tirupati (AWS021),2026-08-01T01:00:00Z,27.31,73.3,1005.55,SYNTHETIC_SIMULATION,SCN_CLEAN_BASELINE,CLEAN_NORMAL,NONE,NONE,NORMAL,0,0,,,none,Normal ambient weather telemetry with diurnal solar cycles
43245,Tirupati (AWS021),2026-08-01T02:00:00Z,26.25,72.1,1005.32,SYNTHETIC_SIMULATION,SCN_CLEAN_BASELINE,CLEAN_NORMAL,NONE,NONE,NORMAL,0,0,,,none,Normal ambient weather telemetry with diurnal solar cycles
43245,Tirupati (AWS021),2026-08-01T03:00:00Z,27.25,74.0,1004.0,SYNTHETIC_SIMULATION,SCN_CLEAN_BASELINE,CLEAN_NORMAL,NONE,NONE,NORMAL,0,0,,,none,Normal ambient weather telemetry with diurnal solar cycles
43245,Tirupati (AWS021),2026-08-01T04:00:00Z,27.26,72.8,1003.56,SYNTHETIC_SIMULATION,SCN_CLEAN_BASELINE,CLEAN_NORMAL,NONE,NONE,NORMAL,0,0,,,none,Normal ambient weather telemetry with diurnal solar cycles
43245,Tirupati (AWS021),2026-08-01T05:00:00Z,27.9,69.1,1002.71,SYNTHETIC_SIMULATION,SCN_CLEAN_BASELINE,CLEAN_NORMAL,NONE,NONE,NORMAL,0,0,,,none,Normal ambient weather telemetry with diurnal solar cycles
43245,Tirupati (AWS021),2026-08-01T06:00:00Z,29.59,62.3,1002.47,SYNTHETIC_SIMULATION,SCN_CLEAN_BASELINE,CLEAN_NORMAL,NONE,NONE,NORMAL,0,0,,,none,Normal ambient weather telemetry with diurnal solar cycles
43245,Tirupati (AWS021),2026-08-01T07:00:00Z,31.83,59.8,1002.38,SYNTHETIC_SIMULATION,SCN_CLEAN_BASELINE,CLEAN_NORMAL,NONE,NONE,NORMAL,0,0,,,none,Normal ambient weather telemetry with diurnal solar cycles
43245,Tirupati (AWS021),2026-08-01T08:00:00Z,34.2,53.0,1002.69,SYNTHETIC_SIMULATION,SCN_CLEAN_BASELINE,CLEAN_NORMAL,NONE,NONE,NORMAL,0,0,,,none,Normal ambient weather telemetry with diurnal solar cycles
43245,Tirupati (AWS021),2026-08-01T09:00:00Z,36.29,46.9,1003.21,SYNTHETIC_SIMULATION,SCN_CLEAN_BASELINE,CLEAN_NORMAL,NONE,NONE,NORMAL,0,0,,,none,Normal ambient weather telemetry with diurnal solar cycles
43245,Tirupati (AWS021),2026-08-01T10:00:00Z,38.34,40.3,1003.8,SYNTHETIC_SIMULATION,SCN_CLEAN_BASELINE,CLEAN_NORMAL,NONE,NONE,NORMAL,0,0,,,none,Normal ambient weather telemetry with diurnal solar cycles
43245,Tirupati (AWS021),2026-08-01T11:00:00Z,40.43,34.4,1004.34,SYNTHETIC_SIMULATION,SCN_CLEAN_BASELINE,CLEAN_NORMAL,NONE,NONE,NORMAL,0,0,,,none,Normal ambient weather telemetry with diurnal solar cycles
43245,Tirupati (AWS021),2026-08-01T12:00:00Z,41.67,28.1,1004.13,SYNTHETIC_SIMULATION,SCN_CLEAN_BASELINE,CLEAN_NORMAL,NONE,NONE,NORMAL,0,0,,,none,Normal ambient weather telemetry with diurnal solar cycles
43245,Tirupati (AWS021),2026-08-01T13:00:00Z,42.04,28.7,1004.12,SYNTHETIC_SIMULATION,SCN_CLEAN_BASELINE,CLEAN_NORMAL,NONE,NONE,NORMAL,0,0,,,none,Normal ambient weather telemetry with diurnal solar cycles
43245,Tirupati (AWS021),2026-08-01T14:00:00Z,43.49,28.9,1003.36,SYNTHETIC_SIMULATION,SCN_CLEAN_BASELINE,CLEAN_NORMAL,NONE,NONE,NORMAL,0,0,,,none,Normal ambient weather telemetry with diurnal solar cycles
43245,Tirupati (AWS021),2026-08-01T15:00:00Z,42.97,27.7,1002.42,SYNTHETIC_SIMULATION,SCN_CLEAN_BASELINE,CLEAN_NORMAL,NONE,NONE,NORMAL,0,0,,,none,Normal ambient weather telemetry with diurnal solar cycles
43245,Tirupati (AWS021),2026-08-01T16:00:00Z,42.8,28.1,1001.29,SYNTHETIC_SIMULATION,SCN_CLEAN_BASELINE,CLEAN_NORMAL,NONE,NONE,NORMAL,0,0,,,none,Normal ambient weather telemetry with diurnal solar cycles
43245,Tirupati (AWS021),2026-08-01T17:00:00Z,42.24,30.4,1001.37,SYNTHETIC_SIMULATION,SCN_CLEAN_BASELINE,CLEAN_NORMAL,NONE,NONE,NORMAL,0,0,,,none,Normal ambient weather telemetry with diurnal solar cycles
43245,Tirupati (AWS021),2026-08-01T18:00:00Z,40.12,33.7,1000.54,SYNTHETIC_SIMULATION,SCN_CLEAN_BASELINE,CLEAN_NORMAL,NONE,NONE,NORMAL,0,0,,,none,Normal ambient weather telemetry with diurnal solar cycles
43245,Tirupati (AWS021),2026-08-01T19:00:00Z,38.88,38.9,1000.81,SYNTHETIC_SIMULATION,SCN_CLEAN_BASELINE,CLEAN_NORMAL,NONE,NONE,NORMAL,0,0,,,none,Normal ambient weather telemetry with diurnal solar cycles
43245,Tirupati (AWS021),2026-08-01T20:00:00Z,36.97,44.0,1001.48,SYNTHETIC_SIMULATION,SCN_CLEAN_BASELINE,CLEAN_NORMAL,NONE,NONE,NORMAL,0,0,,,none,Normal ambient weather telemetry with diurnal solar cycles
43245,Tirupati (AWS021),2026-08-01T21:00:00Z,34.88,48.7,1001.86,SYNTHETIC_SIMULATION,SCN_CLEAN_BASELINE,CLEAN_NORMAL,NONE,NONE,NORMAL,0,0,,,none,Normal ambient weather telemetry with diurnal solar cycles
43245,Tirupati (AWS021),2026-08-01T22:00:00Z,32.65,55.7,1002.67,SYNTHETIC_SIMULATION,SCN_CLEAN_BASELINE,CLEAN_NORMAL,NONE,NONE,NORMAL,0,0,,,none,Normal ambient weather telemetry with diurnal solar cycles
43245,Tirupati (AWS021),2026-08-01T23:00:00Z,31.35,61.1,1003.05,SYNTHETIC_SIMULATION,SCN_CLEAN_BASELINE,CLEAN_NORMAL,NONE,NONE,NORMAL,0,0,,,none,Normal ambient weather telemetry with diurnal solar cycles
43245,Tirupati (AWS021),2026-08-02T00:00:00Z,29.9,65.4,1003.0,SYNTHETIC_SIMULATION,SCN_CLEAN_BASELINE,CLEAN_NORMAL,NONE,NONE,NORMAL,0,0,,,none,Normal ambient weather telemetry with diurnal solar cycles
43245,Tirupati (AWS021),2026-08-02T01:00:00Z,29.47,68.5,1002.55,SYNTHETIC_SIMULATION,SCN_CLEAN_BASELINE,CLEAN_NORMAL,NONE,NONE,NORMAL,0,0,,,none,Normal ambient weather telemetry with diurnal solar cycles
43245,Tirupati (AWS021),2026-08-02T02:00:00Z,28.5,70.1,1001.79,SYNTHETIC_SIMULATION,SCN_CLEAN_BASELINE,CLEAN_NORMAL,NONE,NONE,NORMAL,0,0,,,none,Normal ambient weather telemetry with diurnal solar cycles
43245,Tirupati (AWS021),2026-08-02T03:00:00Z,29.08,68.4,1001.03,SYNTHETIC_SIMULATION,SCN_CLEAN_BASELINE,CLEAN_NORMAL,NONE,NONE,NORMAL,0,0,,,none,Normal ambient weather telemetry with diurnal solar cycles
43245,Tirupati (AWS021),2026-08-02T04:00:00Z,29.1,65.5,1000.87,SYNTHETIC_SIMULATION,SCN_CLEAN_BASELINE,CLEAN_NORMAL,NONE,NONE,NORMAL,0,0,,,none,Normal ambient weather telemetry with diurnal solar cycles
43245,Tirupati (AWS021),2026-08-02T05:00:00Z,30.06,60.7,1000.54,SYNTHETIC_SIMULATION,SCN_CLEAN_BASELINE,CLEAN_NORMAL,NONE,NONE,NORMAL,0,0,,,none,Normal ambient weather telemetry with diurnal solar cycles
43245,Tirupati (AWS021),2026-08-02T06:00:00Z,31.48,59.0,1000.01,SYNTHETIC_SIMULATION,SCN_CLEAN_BASELINE,CLEAN_NORMAL,NONE,NONE,NORMAL,0,0,,,none,Normal ambient weather telemetry with diurnal solar cycles
43245,Tirupati (AWS021),2026-08-02T07:00:00Z,32.67,55.6,999.75,SYNTHETIC_SIMULATION,SCN_CLEAN_BASELINE,CLEAN_NORMAL,NONE,NONE,NORMAL,0,0,,,none,Normal ambient weather telemetry with diurnal solar cycles
43245,Tirupati (AWS021),2026-08-02T08:00:00Z,35.35,48.9,1000.49,SYNTHETIC_SIMULATION,SCN_CLEAN_BASELINE,CLEAN_NORMAL,NONE,NONE,NORMAL,0,0,,,none,Normal ambient weather telemetry with diurnal solar cycles
43245,Tirupati (AWS021),2026-08-02T09:00:00Z,37.17,43.6,1001.13,SYNTHETIC_SIMULATION,SCN_CLEAN_BASELINE,CLEAN_NORMAL,NONE,NONE,NORMAL,0,0,,,none,Normal ambient weather telemetry with diurnal solar cycles
43245,Tirupati (AWS021),2026-08-02T10:00:00Z,39.23,37.8,1002.0,SYNTHETIC_SIMULATION,SCN_CLEAN_BASELINE,CLEAN_NORMAL,NONE,NONE,NORMAL,0,0,,,none,Normal ambient weather telemetry with diurnal solar cycles
43245,Tirupati (AWS021),2026-08-02T11:00:00Z,41.08,32.4,1002.19,SYNTHETIC_SIMULATION,SCN_CLEAN_BASELINE,CLEAN_NORMAL,NONE,NONE,NORMAL,0,0,,,none,Normal ambient weather telemetry with diurnal solar cycles
43245,Tirupati (AWS021),2026-08-02T12:00:00Z,42.12,29.9,1002.88,SYNTHETIC_SIMULATION,SCN_CLEAN_BASELINE,CLEAN_NORMAL,NONE,NONE,NORMAL,0,0,,,none,Normal ambient weather telemetry with diurnal solar cycles
43245,Tirupati (AWS021),2026-08-02T13:00:00Z,43.67,27.3,1002.41,SYNTHETIC_SIMULATION,SCN_CLEAN_BASELINE,CLEAN_NORMAL,NONE,NONE,NORMAL,0,0,,,none,Normal ambient weather telemetry with diurnal solar cycles
43245,Tirupati (AWS021),2026-08-02T14:00:00Z,43.78,26.0,1002.05,SYNTHETIC_SIMULATION,SCN_CLEAN_BASELINE,CLEAN_NORMAL,NONE,NONE,NORMAL,0,0,,,none,Normal ambient weather telemetry with diurnal solar cycles
43245,Tirupati (AWS021),2026-08-02T15:00:00Z,43.65,23.2,1001.74,SYNTHETIC_SIMULATION,SCN_CLEAN_BASELINE,CLEAN_NORMAL,NONE,NONE,NORMAL,0,0,,,none,Normal ambient weather telemetry with diurnal solar cycles
43245,Tirupati (AWS021),2026-08-02T16:00:00Z,43.96,28.2,1000.53,SYNTHETIC_SIMULATION,SCN_CLEAN_BASELINE,CLEAN_NORMAL,NONE,NONE,NORMAL,0,0,,,none,Normal ambient weather telemetry with diurnal solar cycles
43245,Tirupati (AWS021),2026-08-02T17:00:00Z,42.9,30.4,1000.27,SYNTHETIC_SIMULATION,SCN_CLEAN_BASELINE,CLEAN_NORMAL,NONE,NONE,NORMAL,0,0,,,none,Normal ambient weather telemetry with diurnal solar cycles
43245,Tirupati (AWS021),2026-08-02T18:00:00Z,40.51,33.8,1000.67,SYNTHETIC_SIMULATION,SCN_CLEAN_BASELINE,CLEAN_NORMAL,NONE,NONE,NORMAL,0,0,,,none,Normal ambient weather telemetry with diurnal solar cycles
43245,Tirupati (AWS021),2026-08-02T19:00:00Z,38.56,37.6,1000.3,SYNTHETIC_SIMULATION,SCN_CLEAN_BASELINE,CLEAN_NORMAL,NONE,NONE,NORMAL,0,0,,,none,Normal ambient weather telemetry with diurnal solar cycles
43245,Tirupati (AWS021),2026-08-02T20:00:00Z,37.54,43.5,1001.29,SYNTHETIC_SIMULATION,SCN_CLEAN_BASELINE,CLEAN_NORMAL,NONE,NONE,NORMAL,0,0,,,none,Normal ambient weather telemetry with diurnal solar cycles
43245,Tirupati (AWS021),2026-08-02T21:00:00Z,34.67,51.4,1001.74,SYNTHETIC_SIMULATION,SCN_CLEAN_BASELINE,CLEAN_NORMAL,NONE,NONE,NORMAL,0,0,,,none,Normal ambient weather telemetry with diurnal solar cycles
43245,Tirupati (AWS021),2026-08-02T22:00:00Z,33.04,53.9,1002.3,SYNTHETIC_SIMULATION,SCN_CLEAN_BASELINE,CLEAN_NORMAL,NONE,NONE,NORMAL,0,0,,,none,Normal ambient weather telemetry with diurnal solar cycles
43245,Tirupati (AWS021),2026-08-02T23:00:00Z,31.04,59.3,1003.18,SYNTHETIC_SIMULATION,SCN_CLEAN_BASELINE,CLEAN_NORMAL,NONE,NONE,NORMAL,0,0,,,none,Normal ambient weather telemetry with diurnal solar cycles
43245,Tirupati (AWS021),2026-08-03T00:00:00Z,29.12,65.7,1003.54,SYNTHETIC_SIMULATION,SCN_CLEAN_BASELINE,CLEAN_NORMAL,NONE,NONE,NORMAL,0,0,,,none,Normal ambient weather telemetry with diurnal solar cycles
43245,Tirupati (AWS021),2026-08-03T01:00:00Z,27.88,68.7,1003.73,SYNTHETIC_SIMULATION,SCN_CLEAN_BASELINE,CLEAN_NORMAL,NONE,NONE,NORMAL,0,0,,,none,Normal ambient weather telemetry with diurnal solar cycles
43245,Tirupati (AWS021),2026-08-03T02:00:00Z,27.8,71.3,1003.02,SYNTHETIC_SIMULATION,SCN_CLEAN_BASELINE,CLEAN_NORMAL,NONE,NONE,NORMAL,0,0,,,none,Normal ambient weather telemetry with diurnal solar cycles
43245,Tirupati (AWS021),2026-08-03T03:00:00Z,27.41,68.7,1002.05,SYNTHETIC_SIMULATION,SCN_CLEAN_BASELINE,CLEAN_NORMAL,NONE,NONE,NORMAL,0,0,,,none,Normal ambient weather telemetry with diurnal solar cycles
43245,Tirupati (AWS021),2026-08-03T04:00:00Z,27.91,69.7,1001.75,SYNTHETIC_SIMULATION,SCN_CLEAN_BASELINE,CLEAN_NORMAL,NONE,NONE,NORMAL,0,0,,,none,Normal ambient weather telemetry with diurnal solar cycles
43245,Tirupati (AWS021),2026-08-03T05:00:00Z,29.53,66.2,1001.37,SYNTHETIC_SIMULATION,SCN_CLEAN_BASELINE,CLEAN_NORMAL,NONE,NONE,NORMAL,0,0,,,none,Normal ambient weather telemetry with diurnal solar cycles
43245,Tirupati (AWS021),2026-08-03T06:00:00Z,30.32,62.6,1001.82,SYNTHETIC_SIMULATION,SCN_CLEAN_BASELINE,CLEAN_NORMAL,NONE,NONE,NORMAL,0,0,,,none,Normal ambient weather telemetry with diurnal solar cycles
43245,Tirupati (AWS021),2026-08-03T07:00:00Z,32.31,57.8,1002.22,SYNTHETIC_SIMULATION,SCN_CLEAN_BASELINE,CLEAN_NORMAL,NONE,NONE,NORMAL,0,0,,,none,Normal ambient weather telemetry with diurnal solar cycles
43245,Tirupati (AWS021),2026-08-03T08:00:00Z,33.92,51.1,1002.49,SYNTHETIC_SIMULATION,SCN_CLEAN_BASELINE,CLEAN_NORMAL,NONE,NONE,NORMAL,0,0,,,none,Normal ambient weather telemetry with diurnal solar cycles
43245,Tirupati (AWS021),2026-08-03T09:00:00Z,36.48,46.4,1003.2,SYNTHETIC_SIMULATION,SCN_CLEAN_BASELINE,CLEAN_NORMAL,NONE,NONE,NORMAL,0,0,,,none,Normal ambient weather telemetry with diurnal solar cycles
43245,Tirupati (AWS021),2026-08-03T10:00:00Z,37.97,40.0,1003.98,SYNTHETIC_SIMULATION,SCN_CLEAN_BASELINE,CLEAN_NORMAL,NONE,NONE,NORMAL,0,0,,,none,Normal ambient weather telemetry with diurnal solar cycles
43245,Tirupati (AWS021),2026-08-03T11:00:00Z,39.58,38.3,1005.11,SYNTHETIC_SIMULATION,SCN_CLEAN_BASELINE,CLEAN_NORMAL,NONE,NONE,NORMAL,0,0,,,none,Normal ambient weather telemetry with diurnal solar cycles
43245,Tirupati (AWS021),2026-08-03T12:00:00Z,41.7,32.1,1004.93,SYNTHETIC_SIMULATION,SCN_CLEAN_BASELINE,CLEAN_NORMAL,NONE,NONE,NORMAL,0,0,,,none,Normal ambient weather telemetry with diurnal solar cycles
43245,Tirupati (AWS021),2026-08-03T13:00:00Z,41.94,28.5,1005.15,SYNTHETIC_SIMULATION,SCN_CLEAN_BASELINE,CLEAN_NORMAL,NONE,NONE,NORMAL,0,0,,,none,Normal ambient weather telemetry with diurnal solar cycles
43245,Tirupati (AWS021),2026-08-03T14:00:00Z,41.79,27.4,1004.99,SYNTHETIC_SIMULATION,SCN_CLEAN_BASELINE,CLEAN_NORMAL,NONE,NONE,NORMAL,0,0,,,none,Normal ambient weather telemetry with diurnal solar cycles
43245,Tirupati (AWS021),2026-08-03T15:00:00Z,42.45,30.9,1004.28,SYNTHETIC_SIMULATION,SCN_CLEAN_BASELINE,CLEAN_NORMAL,NONE,NONE,NORMAL,0,0,,,none,Normal ambient weather telemetry with diurnal solar cycles
43245,Tirupati (AWS021),2026-08-03T16:00:00Z,41.5,29.1,1003.82,SYNTHETIC_SIMULATION,SCN_CLEAN_BASELINE,CLEAN_NORMAL,NONE,NONE,NORMAL,0,0,,,none,Normal ambient weather telemetry with diurnal solar cycles
43245,Tirupati (AWS021),2026-08-03T17:00:00Z,40.57,33.8,1003.41,SYNTHETIC_SIMULATION,SCN_CLEAN_BASELINE,CLEAN_NORMAL,NONE,NONE,NORMAL,0,0,,,none,Normal ambient weather telemetry with diurnal solar cycles
43245,Tirupati (AWS021),2026-08-03T18:00:00Z,38.35,39.1,1003.66,SYNTHETIC_SIMULATION,SCN_CLEAN_BASELINE,CLEAN_NORMAL,NONE,NONE,NORMAL,0,0,,,none,Normal ambient weather telemetry with diurnal solar cycles
43245,Tirupati (AWS021),2026-08-03T19:00:00Z,36.81,44.8,1004.28,SYNTHETIC_SIMULATION,SCN_CLEAN_BASELINE,CLEAN_NORMAL,NONE,NONE,NORMAL,0,0,,,none,Normal ambient weather telemetry with diurnal solar cycles
43245,Tirupati (AWS021),2026-08-03T20:00:00Z,35.56,50.8,1004.5,SYNTHETIC_SIMULATION,SCN_CLEAN_BASELINE,CLEAN_NORMAL,NONE,NONE,NORMAL,0,0,,,none,Normal ambient weather telemetry with diurnal solar cycles
43245,Tirupati (AWS021),2026-08-03T21:00:00Z,33.04,55.6,1005.1,SYNTHETIC_SIMULATION,SCN_CLEAN_BASELINE,CLEAN_NORMAL,NONE,NONE,NORMAL,0,0,,,none,Normal ambient weather telemetry with diurnal solar cycles
43245,Tirupati (AWS021),2026-08-03T22:00:00Z,30.46,59.7,1006.03,SYNTHETIC_SIMULATION,SCN_CLEAN_BASELINE,CLEAN_NORMAL,NONE,NONE,NORMAL,0,0,,,none,Normal ambient weather telemetry with diurnal solar cycles
43245,Tirupati (AWS021),2026-08-03T23:00:00Z,29.55,67.4,1006.46,SYNTHETIC_SIMULATION,SCN_CLEAN_BASELINE,CLEAN_NORMAL,NONE,NONE,NORMAL,0,0,,,none,Normal ambient weather telemetry with diurnal solar cycles
43245,Tirupati (AWS021),2026-08-04T00:00:00Z,26.95,70.7,1007.12,SYNTHETIC_SIMULATION,SCN_CLEAN_BASELINE,CLEAN_NORMAL,NONE,NONE,NORMAL,0,0,,,none,Normal ambient weather telemetry with diurnal solar cycles
43245,Tirupati (AWS021),2026-08-04T01:00:00Z,26.87,73.5,1007.28,SYNTHETIC_SIMULATION,SCN_CLEAN_BASELINE,CLEAN_NORMAL,NONE,NONE,NORMAL,0,0,,,none,Normal ambient weather telemetry with diurnal solar cycles
43245,Tirupati (AWS021),2026-08-04T02:00:00Z,25.78,77.4,1006.94,SYNTHETIC_SIMULATION,SCN_CLEAN_BASELINE,CLEAN_NORMAL,NONE,NONE,NORMAL,0,0,,,none,Normal ambient weather telemetry with diurnal solar cycles
43245,Tirupati (AWS021),2026-08-04T03:00:00Z,25.29,76.0,1006.2,SYNTHETIC_SIMULATION,SCN_CLEAN_BASELINE,CLEAN_NORMAL,NONE,NONE,NORMAL,0,0,,,none,Normal ambient weather telemetry with diurnal solar cycles
43245,Tirupati (AWS021),2026-08-04T04:00:00Z,26.13,75.6,1005.9,SYNTHETIC_SIMULATION,SCN_CLEAN_BASELINE,CLEAN_NORMAL,NONE,NONE,NORMAL,0,0,,,none,Normal ambient weather telemetry with diurnal solar cycles
43245,Tirupati (AWS021),2026-08-04T05:00:00Z,26.43,70.0,1005.54,SYNTHETIC_SIMULATION,SCN_CLEAN_BASELINE,CLEAN_NORMAL,NONE,NONE,NORMAL,0,0,,,none,Normal ambient weather telemetry with diurnal solar cycles
43245,Tirupati (AWS021),2026-08-04T06:00:00Z,28.07,69.6,1005.26,SYNTHETIC_SIMULATION,SCN_CLEAN_BASELINE,CLEAN_NORMAL,NONE,NONE,NORMAL,0,0,,,none,Normal ambient weather telemetry with diurnal solar cycles
43245,Tirupati (AWS021),2026-08-04T07:00:00Z,30.44,64.4,1005.84,SYNTHETIC_SIMULATION,SCN_CLEAN_BASELINE,CLEAN_NORMAL,NONE,NONE,NORMAL,0,0,,,none,Normal ambient weather telemetry with diurnal solar cycles
43245,Tirupati (AWS021),2026-08-04T08:00:00Z,31.88,59.1,1005.97,SYNTHETIC_SIMULATION,SCN_CLEAN_BASELINE,CLEAN_NORMAL,NONE,NONE,NORMAL,0,0,,,none,Normal ambient weather telemetry with diurnal solar cycles
43245,Tirupati (AWS021),2026-08-04T09:00:00Z,34.39,52.0,1007.04,SYNTHETIC_SIMULATION,SCN_CLEAN_BASELINE,CLEAN_NORMAL,NONE,NONE,NORMAL,0,0,,,none,Normal ambient weather telemetry with diurnal solar cycles
43245,Tirupati (AWS021),2026-08-04T10:00:00Z,35.32,46.3,1007.82,SYNTHETIC_SIMULATION,SCN_CLEAN_BASELINE,CLEAN_NORMAL,NONE,NONE,NORMAL,0,0,,,none,Normal ambient weather telemetry with diurnal solar cycles
43245,Tirupati (AWS021),2026-08-04T11:00:00Z,36.67,40.3,1008.22,SYNTHETIC_SIMULATION,SCN_CLEAN_BASELINE,CLEAN_NORMAL,NONE,NONE,NORMAL,0,0,,,none,Normal ambient weather telemetry with diurnal solar cycles
43245,Tirupati (AWS021),2026-08-04T12:00:00Z,38.02,38.9,1008.28,SYNTHETIC_SIMULATION,SCN_CLEAN_BASELINE,CLEAN_NORMAL,NONE,NONE,NORMAL,0,0,,,none,Normal ambient weather telemetry with diurnal solar cycles
43245,Tirupati (AWS021),2026-08-04T13:00:00Z,39.51,37.0,1009.03,SYNTHETIC_SIMULATION,SCN_CLEAN_BASELINE,CLEAN_NORMAL,NONE,NONE,NORMAL,0,0,,,none,Normal ambient weather telemetry with diurnal solar cycles
43245,Tirupati (AWS021),2026-08-04T14:00:00Z,39.9,32.2,1008.63,SYNTHETIC_SIMULATION,SCN_CLEAN_BASELINE,CLEAN_NORMAL,NONE,NONE,NORMAL,0,0,,,none,Normal ambient weather telemetry with diurnal solar cycles
43245,Tirupati (AWS021),2026-08-04T15:00:00Z,40.19,35.9,1007.76,SYNTHETIC_SIMULATION,SCN_CLEAN_BASELINE,CLEAN_NORMAL,NONE,NONE,NORMAL,0,0,,,none,Normal ambient weather telemetry with diurnal solar cycles
43245,Tirupati (AWS021),2026-08-04T16:00:00Z,38.42,37.0,1007.01,SYNTHETIC_SIMULATION,SCN_CLEAN_BASELINE,CLEAN_NORMAL,NONE,NONE,NORMAL,0,0,,,none,Normal ambient weather telemetry with diurnal solar cycles
43245,Tirupati (AWS021),2026-08-04T17:00:00Z,38.17,38.9,1006.86,SYNTHETIC_SIMULATION,SCN_CLEAN_BASELINE,CLEAN_NORMAL,NONE,NONE,NORMAL,0,0,,,none,Normal ambient weather telemetry with diurnal solar cycles
43245,Tirupati (AWS021),2026-08-04T18:00:00Z,36.72,44.1,1006.68,SYNTHETIC_SIMULATION,SCN_CLEAN_BASELINE,CLEAN_NORMAL,NONE,NONE,NORMAL,0,0,,,none,Normal ambient weather telemetry with diurnal solar cycles
43245,Tirupati (AWS021),2026-08-04T19:00:00Z,34.71,49.7,1006.82,SYNTHETIC_SIMULATION,SCN_CLEAN_BASELINE,CLEAN_NORMAL,NONE,NONE,NORMAL,0,0,,,none,Normal ambient weather telemetry with diurnal solar cycles
43245,Tirupati (AWS021),2026-08-04T20:00:00Z,33.11,55.2,1007.19,SYNTHETIC_SIMULATION,SCN_CLEAN_BASELINE,CLEAN_NORMAL,NONE,NONE,NORMAL,0,0,,,none,Normal ambient weather telemetry with diurnal solar cycles
43245,Tirupati (AWS021),2026-08-04T21:00:00Z,30.1,59.4,1007.93,SYNTHETIC_SIMULATION,SCN_CLEAN_BASELINE,CLEAN_NORMAL,NONE,NONE,NORMAL,0,0,,,none,Normal ambient weather telemetry with diurnal solar cycles
43245,Tirupati (AWS021),2026-08-04T22:00:00Z,28.99,66.1,1009.29,SYNTHETIC_SIMULATION,SCN_CLEAN_BASELINE,CLEAN_NORMAL,NONE,NONE,NORMAL,0,0,,,none,Normal ambient weather telemetry with diurnal solar cycles
43245,Tirupati (AWS021),2026-08-04T23:00:00Z,26.76,69.9,1008.86,SYNTHETIC_SIMULATION,SCN_CLEAN_BASELINE,CLEAN_NORMAL,NONE,NONE,NORMAL,0,0,,,none,Normal ambient weather telemetry with diurnal solar cycles
43245,Tirupati (AWS021),2026-08-05T00:00:00Z,25.65,76.1,1009.74,SYNTHETIC_SIMULATION,SCN_CLEAN_BASELINE,CLEAN_NORMAL,NONE,NONE,NORMAL,0,0,,,none,Normal ambient weather telemetry with diurnal solar cycles
43245,Tirupati (AWS021),2026-08-05T01:00:00Z,24.39,78.9,1009.63,SYNTHETIC_SIMULATION,SCN_CLEAN_BASELINE,CLEAN_NORMAL,NONE,NONE,NORMAL,0,0,,,none,Normal ambient weather telemetry with diurnal solar cycles
43245,Tirupati (AWS021),2026-08-05T02:00:00Z,24.39,80.5,1008.83,SYNTHETIC_SIMULATION,SCN_CLEAN_BASELINE,CLEAN_NORMAL,NONE,NONE,NORMAL,0,0,,,none,Normal ambient weather telemetry with diurnal solar cycles
43245,Tirupati (AWS021),2026-08-05T03:00:00Z,24.8,76.7,1008.59,SYNTHETIC_SIMULATION,SCN_CLEAN_BASELINE,CLEAN_NORMAL,NONE,NONE,NORMAL,0,0,,,none,Normal ambient weather telemetry with diurnal solar cycles
43245,Tirupati (AWS021),2026-08-05T04:00:00Z,25.76,77.2,1007.81,SYNTHETIC_SIMULATION,SCN_CLEAN_BASELINE,CLEAN_NORMAL,NONE,NONE,NORMAL,0,0,,,none,Normal ambient weather telemetry with diurnal solar cycles
43245,Tirupati (AWS021),2026-08-05T05:00:00Z,25.91,73.5,1006.5,SYNTHETIC_SIMULATION,SCN_CLEAN_BASELINE,CLEAN_NORMAL,NONE,NONE,NORMAL,0,0,,,none,Normal ambient weather telemetry with diurnal solar cycles
43245,Tirupati (AWS021),2026-08-05T06:00:00Z,27.15,71.5,1007.27,SYNTHETIC_SIMULATION,SCN_CLEAN_BASELINE,CLEAN_NORMAL,NONE,NONE,NORMAL,0,0,,,none,Normal ambient weather telemetry with diurnal solar cycles
43245,Tirupati (AWS021),2026-08-05T07:00:00Z,28.83,64.9,1006.8,SYNTHETIC_SIMULATION,SCN_CLEAN_BASELINE,CLEAN_NORMAL,NONE,NONE,NORMAL,0,0,,,none,Normal ambient weather telemetry with diurnal solar cycles
43245,Tirupati (AWS021),2026-08-05T08:00:00Z,31.53,61.1,1007.56,SYNTHETIC_SIMULATION,SCN_CLEAN_BASELINE,CLEAN_NORMAL,NONE,NONE,NORMAL,0,0,,,none,Normal ambient weather telemetry with diurnal solar cycles
43245,Tirupati (AWS021),2026-08-05T09:00:00Z,32.81,55.1,1008.14,SYNTHETIC_SIMULATION,SCN_CLEAN_BASELINE,CLEAN_NORMAL,NONE,NONE,NORMAL,0,0,,,none,Normal ambient weather telemetry with diurnal solar cycles
43245,Tirupati (AWS021),2026-08-05T10:00:00Z,34.65,47.9,1008.42,SYNTHETIC_SIMULATION,SCN_CLEAN_BASELINE,CLEAN_NORMAL,NONE,NONE,NORMAL,0,0,,,none,Normal ambient weather telemetry with diurnal solar cycles
43245,Tirupati (AWS021),2026-08-05T11:00:00Z,36.83,43.1,1009.3,SYNTHETIC_SIMULATION,SCN_CLEAN_BASELINE,CLEAN_NORMAL,NONE,NONE,NORMAL,0,0,,,none,Normal ambient weather telemetry with diurnal solar cycles
43245,Tirupati (AWS021),2026-08-05T12:00:00Z,38.03,,1009.08,SYNTHETIC_SIMULATION,SCN_CLEAN_BASELINE,CLEAN_NORMAL,NONE,NONE,NORMAL,0,0,,,none,Normal ambient weather telemetry with diurnal solar cycles
43245,Tirupati (AWS021),2026-08-05T13:00:00Z,39.2,37.1,1008.59,SYNTHETIC_SIMULATION,SCN_CLEAN_BASELINE,CLEAN_NORMAL,NONE,NONE,NORMAL,0,0,,,none,Normal ambient weather telemetry with diurnal solar cycles
43245,Tirupati (AWS021),2026-08-05T14:00:00Z,40.3,34.6,1008.59,SYNTHETIC_SIMULATION,SCN_CLEAN_BASELINE,CLEAN_NORMAL,NONE,NONE,NORMAL,0,0,,,none,Normal ambient weather telemetry with diurnal solar cycles
43245,Tirupati (AWS021),2026-08-05T15:00:00Z,40.32,35.9,1007.66,SYNTHETIC_SIMULATION,SCN_CLEAN_BASELINE,CLEAN_NORMAL,NONE,NONE,NORMAL,0,0,,,none,Normal ambient weather telemetry with diurnal solar cycles
43245,Tirupati (AWS021),2026-08-05T16:00:00Z,39.0,35.8,1006.97,SYNTHETIC_SIMULATION,SCN_CLEAN_BASELINE,CLEAN_NORMAL,NONE,NONE,NORMAL,0,0,,,none,Normal ambient weather telemetry with diurnal solar cycles
43245,Tirupati (AWS021),2026-08-05T17:00:00Z,38.01,40.4,1006.25,SYNTHETIC_SIMULATION,SCN_CLEAN_BASELINE,CLEAN_NORMAL,NONE,NONE,NORMAL,0,0,,,none,Normal ambient weather telemetry with diurnal solar cycles
43245,Tirupati (AWS021),2026-08-05T18:00:00Z,37.79,43.2,1005.99,SYNTHETIC_SIMULATION,SCN_CLEAN_BASELINE,CLEAN_NORMAL,NONE,NONE,NORMAL,0,0,,,none,Normal ambient weather telemetry with diurnal solar cycles
43245,Tirupati (AWS021),2026-08-05T19:00:00Z,35.58,48.1,1006.34,SYNTHETIC_SIMULATION,SCN_CLEAN_BASELINE,CLEAN_NORMAL,NONE,NONE,NORMAL,0,0,,,none,Normal ambient weather telemetry with diurnal solar cycles
43245,Tirupati (AWS021),2026-08-05T20:00:00Z,33.72,52.4,1006.96,SYNTHETIC_SIMULATION,SCN_CLEAN_BASELINE,CLEAN_NORMAL,NONE,NONE,NORMAL,0,0,,,none,Normal ambient weather telemetry with diurnal solar cycles
43245,Tirupati (AWS021),2026-08-05T21:00:00Z,31.6,59.0,1007.57,SYNTHETIC_SIMULATION,SCN_CLEAN_BASELINE,CLEAN_NORMAL,NONE,NONE,NORMAL,0,0,,,none,Normal ambient weather telemetry with diurnal solar cycles
43245,Tirupati (AWS021),2026-08-05T22:00:00Z,29.86,65.4,1007.69,SYNTHETIC_SIMULATION,SCN_CLEAN_BASELINE,CLEAN_NORMAL,NONE,NONE,NORMAL,0,0,,,none,Normal ambient weather telemetry with diurnal solar cycles
43245,Tirupati (AWS021),2026-08-05T23:00:00Z,28.15,70.2,1008.36,SYNTHETIC_SIMULATION,SCN_CLEAN_BASELINE,CLEAN_NORMAL,NONE,NONE,NORMAL,0,0,,,none,Normal ambient weather telemetry with diurnal solar cycles
43245,Tirupati (AWS021),2026-08-06T00:00:00Z,26.18,72.9,1007.97,SYNTHETIC_SIMULATION,SCN_CLEAN_BASELINE,CLEAN_NORMAL,NONE,NONE,NORMAL,0,0,,,none,Normal ambient weather telemetry with diurnal solar cycles
43245,Tirupati (AWS021),2026-08-06T01:00:00Z,25.98,74.5,1007.84,SYNTHETIC_SIMULATION,SCN_CLEAN_BASELINE,CLEAN_NORMAL,NONE,NONE,NORMAL,0,0,,,none,Normal ambient weather telemetry with diurnal solar cycles
43245,Tirupati (AWS021),2026-08-06T02:00:00Z,24.69,76.4,1006.7,SYNTHETIC_SIMULATION,SCN_CLEAN_BASELINE,CLEAN_NORMAL,NONE,NONE,NORMAL,0,0,,,none,Normal ambient weather telemetry with diurnal solar cycles
43245,Tirupati (AWS021),2026-08-06T03:00:00Z,25.59,75.9,1006.33,SYNTHETIC_SIMULATION,SCN_CLEAN_BASELINE,CLEAN_NORMAL,NONE,NONE,NORMAL,0,0,,,none,Normal ambient weather telemetry with diurnal solar cycles
43245,Tirupati (AWS021),2026-08-06T04:00:00Z,25.83,74.7,1005.6,SYNTHETIC_SIMULATION,SCN_CLEAN_BASELINE,CLEAN_NORMAL,NONE,NONE,NORMAL,0,0,,,none,Normal ambient weather telemetry with diurnal solar cycles
43245,Tirupati (AWS021),2026-08-06T05:00:00Z,27.38,69.4,1004.63,SYNTHETIC_SIMULATION,SCN_CLEAN_BASELINE,CLEAN_NORMAL,NONE,NONE,NORMAL,0,0,,,none,Normal ambient weather telemetry with diurnal solar cycles
43245,Tirupati (AWS021),2026-08-06T06:00:00Z,29.05,68.0,1004.35,SYNTHETIC_SIMULATION,SCN_CLEAN_BASELINE,CLEAN_NORMAL,NONE,NONE,NORMAL,0,0,,,none,Normal ambient weather telemetry with diurnal solar cycles
43245,Tirupati (AWS021),2026-08-06T07:00:00Z,30.31,60.1,1004.76,SYNTHETIC_SIMULATION,SCN_CLEAN_BASELINE,CLEAN_NORMAL,NONE,NONE,NORMAL,0,0,,,none,Normal ambient weather telemetry with diurnal solar cycles
43245,Tirupati (AWS021),2026-08-06T08:00:00Z,32.5,55.0,1004.91,SYNTHETIC_SIMULATION,SCN_CLEAN_BASELINE,CLEAN_NORMAL,NONE,NONE,NORMAL,0,0,,,none,Normal ambient weather telemetry with diurnal solar cycles
43245,Tirupati (AWS021),2026-08-06T09:00:00Z,34.22,49.7,1005.5,SYNTHETIC_SIMULATION,SCN_CLEAN_BASELINE,CLEAN_NORMAL,NONE,NONE,NORMAL,0,0,,,none,Normal ambient weather telemetry with diurnal solar cycles
43245,Tirupati (AWS021),2026-08-06T10:00:00Z,36.81,42.9,1005.81,SYNTHETIC_SIMULATION,SCN_CLEAN_BASELINE,CLEAN_NORMAL,NONE,NONE,NORMAL,0,0,,,none,Normal ambient weather telemetry with diurnal solar cycles
43245,Tirupati (AWS021),2026-08-06T11:00:00Z,39.05,37.6,1006.0,SYNTHETIC_SIMULATION,SCN_CLEAN_BASELINE,CLEAN_NORMAL,NONE,NONE,NORMAL,0,0,,,none,Normal ambient weather telemetry with diurnal solar cycles
43245,Tirupati (AWS021),2026-08-06T12:00:00Z,40.08,34.5,1006.24,SYNTHETIC_SIMULATION,SCN_CLEAN_BASELINE,CLEAN_NORMAL,NONE,NONE,NORMAL,0,0,,,none,Normal ambient weather telemetry with diurnal solar cycles
43245,Tirupati (AWS021),2026-08-06T13:00:00Z,41.59,30.5,1006.16,SYNTHETIC_SIMULATION,SCN_CLEAN_BASELINE,CLEAN_NORMAL,NONE,NONE,NORMAL,0,0,,,none,Normal ambient weather telemetry with diurnal solar cycles
43245,Tirupati (AWS021),2026-08-06T14:00:00Z,41.92,30.0,1005.53,SYNTHETIC_SIMULATION,SCN_CLEAN_BASELINE,CLEAN_NORMAL,NONE,NONE,NORMAL,0,0,,,none,Normal ambient weather telemetry with diurnal solar cycles
43245,Tirupati (AWS021),2026-08-06T15:00:00Z,42.32,27.3,1004.52,SYNTHETIC_SIMULATION,SCN_CLEAN_BASELINE,CLEAN_NORMAL,NONE,NONE,NORMAL,0,0,,,none,Normal ambient weather telemetry with diurnal solar cycles
43245,Tirupati (AWS021),2026-08-06T16:00:00Z,42.12,28.7,1003.55,SYNTHETIC_SIMULATION,SCN_CLEAN_BASELINE,CLEAN_NORMAL,NONE,NONE,NORMAL,0,0,,,none,Normal ambient weather telemetry with diurnal solar cycles
43245,Tirupati (AWS021),2026-08-06T17:00:00Z,40.74,34.8,1002.66,SYNTHETIC_SIMULATION,SCN_CLEAN_BASELINE,CLEAN_NORMAL,NONE,NONE,NORMAL,0,0,,,none,Normal ambient weather telemetry with diurnal solar cycles
43245,Tirupati (AWS021),2026-08-06T18:00:00Z,38.99,38.0,1002.8,SYNTHETIC_SIMULATION,SCN_CLEAN_BASELINE,CLEAN_NORMAL,NONE,NONE,NORMAL,0,0,,,none,Normal ambient weather telemetry with diurnal solar cycles
43245,Tirupati (AWS021),2026-08-06T19:00:00Z,37.97,41.6,1002.5,SYNTHETIC_SIMULATION,SCN_CLEAN_BASELINE,CLEAN_NORMAL,NONE,NONE,NORMAL,0,0,,,none,Normal ambient weather telemetry with diurnal solar cycles
43245,Tirupati (AWS021),2026-08-06T20:00:00Z,35.7,46.9,1002.47,SYNTHETIC_SIMULATION,SCN_CLEAN_BASELINE,CLEAN_NORMAL,NONE,NONE,NORMAL,0,0,,,none,Normal ambient weather telemetry with diurnal solar cycles
43245,Tirupati (AWS021),2026-08-06T21:00:00Z,34.19,52.1,1003.07,SYNTHETIC_SIMULATION,SCN_CLEAN_BASELINE,CLEAN_NORMAL,NONE,NONE,NORMAL,0,0,,,none,Normal ambient weather telemetry with diurnal solar cycles
43245,Tirupati (AWS021),2026-08-06T22:00:00Z,32.11,57.3,1003.49,SYNTHETIC_SIMULATION,SCN_CLEAN_BASELINE,CLEAN_NORMAL,NONE,NONE,NORMAL,0,0,,,none,Normal ambient weather telemetry with diurnal solar cycles
43245,Tirupati (AWS021),2026-08-06T23:00:00Z,30.8,61.6,1003.94,SYNTHETIC_SIMULATION,SCN_CLEAN_BASELINE,CLEAN_NORMAL,NONE,NONE,NORMAL,0,0,,,none,Normal ambient weather telemetry with diurnal solar cycles
43245,Tirupati (AWS021),2026-08-07T00:00:00Z,29.11,66.3,1004.37,SYNTHETIC_SIMULATION,SCN_CLEAN_BASELINE,CLEAN_NORMAL,NONE,NONE,NORMAL,0,0,,,none,Normal ambient weather telemetry with diurnal solar cycles
43245,Tirupati (AWS021),2026-08-07T01:00:00Z,28.32,69.4,1003.84,SYNTHETIC_SIMULATION,SCN_CLEAN_BASELINE,CLEAN_NORMAL,NONE,NONE,NORMAL,0,0,,,none,Normal ambient weather telemetry with diurnal solar cycles
43245,Tirupati (AWS021),2026-08-07T02:00:00Z,28.41,70.0,1003.33,SYNTHETIC_SIMULATION,SCN_CLEAN_BASELINE,CLEAN_NORMAL,NONE,NONE,NORMAL,0,0,,,none,Normal ambient weather telemetry with diurnal solar cycles
43245,Tirupati (AWS021),2026-08-07T03:00:00Z,28.46,69.4,1002.69,SYNTHETIC_SIMULATION,SCN_CLEAN_BASELINE,CLEAN_NORMAL,NONE,NONE,NORMAL,0,0,,,none,Normal ambient weather telemetry with diurnal solar cycles
43245,Tirupati (AWS021),2026-08-07T04:00:00Z,28.38,67.9,1001.68,SYNTHETIC_SIMULATION,SCN_CLEAN_BASELINE,CLEAN_NORMAL,NONE,NONE,NORMAL,0,0,,,none,Normal ambient weather telemetry with diurnal solar cycles
43245,Tirupati (AWS021),2026-08-07T05:00:00Z,29.41,65.6,1000.5,SYNTHETIC_SIMULATION,SCN_CLEAN_BASELINE,CLEAN_NORMAL,NONE,NONE,NORMAL,0,0,,,none,Normal ambient weather telemetry with diurnal solar cycles
43245,Tirupati (AWS021),2026-08-07T06:00:00Z,31.64,61.3,1000.75,SYNTHETIC_SIMULATION,SCN_CLEAN_BASELINE,CLEAN_NORMAL,NONE,NONE,NORMAL,0,0,,,none,Normal ambient weather telemetry with diurnal solar cycles
43245,Tirupati (AWS021),2026-08-07T07:00:00Z,33.1,57.9,1000.86,SYNTHETIC_SIMULATION,SCN_CLEAN_BASELINE,CLEAN_NORMAL,NONE,NONE,NORMAL,0,0,,,none,Normal ambient weather telemetry with diurnal solar cycles
43245,Tirupati (AWS021),2026-08-07T08:00:00Z,34.75,47.3,1001.54,SYNTHETIC_SIMULATION,SCN_CLEAN_BASELINE,CLEAN_NORMAL,NONE,NONE,NORMAL,0,0,,,none,Normal ambient weather telemetry with diurnal solar cycles
43245,Tirupati (AWS021),2026-08-07T09:00:00Z,36.91,44.4,1002.34,SYNTHETIC_SIMULATION,SCN_CLEAN_BASELINE,CLEAN_NORMAL,NONE,NONE,NORMAL,0,0,,,none,Normal ambient weather telemetry with diurnal solar cycles
43245,Tirupati (AWS021),2026-08-07T10:00:00Z,38.81,38.9,1002.57,SYNTHETIC_SIMULATION,SCN_CLEAN_BASELINE,CLEAN_NORMAL,NONE,NONE,NORMAL,0,0,,,none,Normal ambient weather telemetry with diurnal solar cycles
43245,Tirupati (AWS021),2026-08-07T11:00:00Z,41.55,34.6,1002.92,SYNTHETIC_SIMULATION,SCN_CLEAN_BASELINE,CLEAN_NORMAL,NONE,NONE,NORMAL,0,0,,,none,Normal ambient weather telemetry with diurnal solar cycles
43245,Tirupati (AWS021),2026-08-07T12:00:00Z,42.15,31.2,1003.02,SYNTHETIC_SIMULATION,SCN_CLEAN_BASELINE,CLEAN_NORMAL,NONE,NONE,NORMAL,0,0,,,none,Normal ambient weather telemetry with diurnal solar cycles
43245,Tirupati (AWS021),2026-08-07T13:00:00Z,43.58,25.9,1002.82,SYNTHETIC_SIMULATION,SCN_CLEAN_BASELINE,CLEAN_NORMAL,NONE,NONE,NORMAL,0,0,,,none,Normal ambient weather telemetry with diurnal solar cycles
43245,Tirupati (AWS021),2026-08-07T14:00:00Z,44.14,25.5,1001.85,SYNTHETIC_SIMULATION,SCN_CLEAN_BASELINE,CLEAN_NORMAL,NONE,NONE,NORMAL,0,0,,,none,Normal ambient weather telemetry with diurnal solar cycles
43245,Tirupati (AWS021),2026-08-07T15:00:00Z,43.82,26.1,1001.63,SYNTHETIC_SIMULATION,SCN_CLEAN_BASELINE,CLEAN_NORMAL,NONE,NONE,NORMAL,0,0,,,none,Normal ambient weather telemetry with diurnal solar cycles
43245,Tirupati (AWS021),2026-08-07T16:00:00Z,43.07,26.5,1000.92,SYNTHETIC_SIMULATION,SCN_CLEAN_BASELINE,CLEAN_NORMAL,NONE,NONE,NORMAL,0,0,,,none,Normal ambient weather telemetry with diurnal solar cycles
43245,Tirupati (AWS021),2026-08-07T17:00:00Z,42.22,30.1,1000.38,SYNTHETIC_SIMULATION,SCN_CLEAN_BASELINE,CLEAN_NORMAL,NONE,NONE,NORMAL,0,0,,,none,Normal ambient weather telemetry with diurnal solar cycles
43245,Tirupati (AWS021),2026-08-07T18:00:00Z,41.06,33.2,1000.04,SYNTHETIC_SIMULATION,SCN_CLEAN_BASELINE,CLEAN_NORMAL,NONE,NONE,NORMAL,0,0,,,none,Normal ambient weather telemetry with diurnal solar cycles
43245,Tirupati (AWS021),2026-08-07T19:00:00Z,39.33,37.5,1000.35,SYNTHETIC_SIMULATION,SCN_CLEAN_BASELINE,CLEAN_NORMAL,NONE,NONE,NORMAL,0,0,,,none,Normal ambient weather telemetry with diurnal solar cycles
43245,Tirupati (AWS021),2026-08-07T20:00:00Z,37.66,41.4,1000.68,SYNTHETIC_SIMULATION,SCN_CLEAN_BASELINE,CLEAN_NORMAL,NONE,NONE,NORMAL,0,0,,,none,Normal ambient weather telemetry with diurnal solar cycles
43245,Tirupati (AWS021),2026-08-07T21:00:00Z,35.41,49.5,1001.78,SYNTHETIC_SIMULATION,SCN_CLEAN_BASELINE,CLEAN_NORMAL,NONE,NONE,NORMAL,0,0,,,none,Normal ambient weather telemetry with diurnal solar cycles
43245,Tirupati (AWS021),2026-08-07T22:00:00Z,32.75,54.3,1002.22,SYNTHETIC_SIMULATION,SCN_CLEAN_BASELINE,CLEAN_NORMAL,NONE,NONE,NORMAL,0,0,,,none,Normal ambient weather telemetry with diurnal solar cycles
43245,Tirupati (AWS021),2026-08-07T23:00:00Z,31.27,61.1,1002.34,SYNTHETIC_SIMULATION,SCN_CLEAN_BASELINE,CLEAN_NORMAL,NONE,NONE,NORMAL,0,0,,,none,Normal ambient weather telemetry with diurnal solar cycles
43245,Tirupati (AWS021),2026-08-08T00:00:00Z,30.37,64.5,1002.57,SYNTHETIC_SIMULATION,SCN_CLEAN_BASELINE,CLEAN_NORMAL,NONE,NONE,NORMAL,0,0,,,none,Normal ambient weather telemetry with diurnal solar cycles
43245,Tirupati (AWS021),2026-08-08T01:00:00Z,28.67,64.8,1002.17,SYNTHETIC_SIMULATION,SCN_CLEAN_BASELINE,CLEAN_NORMAL,NONE,NONE,NORMAL,0,0,,,none,Normal ambient weather telemetry with diurnal solar cycles
43245,Tirupati (AWS021),2026-08-08T02:00:00Z,27.81,69.1,1001.89,SYNTHETIC_SIMULATION,SCN_CLEAN_BASELINE,CLEAN_NORMAL,NONE,NONE,NORMAL,0,0,,,none,Normal ambient weather telemetry with diurnal solar cycles
43245,Tirupati (AWS021),2026-08-08T03:00:00Z,29.02,66.8,1001.35,SYNTHETIC_SIMULATION,SCN_CLEAN_BASELINE,CLEAN_NORMAL,NONE,NONE,NORMAL,0,0,,,none,Normal ambient weather telemetry with diurnal solar cycles
43245,Tirupati (AWS021),2026-08-08T04:00:00Z,29.32,67.7,1001.02,SYNTHETIC_SIMULATION,SCN_CLEAN_BASELINE,CLEAN_NORMAL,NONE,NONE,NORMAL,0,0,,,none,Normal ambient weather telemetry with diurnal solar cycles
43245,Tirupati (AWS021),2026-08-08T05:00:00Z,30.12,61.9,1000.77,SYNTHETIC_SIMULATION,SCN_CLEAN_BASELINE,CLEAN_NORMAL,NONE,NONE,NORMAL,0,0,,,none,Normal ambient weather telemetry with diurnal solar cycles
43245,Tirupati (AWS021),2026-08-08T06:00:00Z,31.64,59.5,1000.32,SYNTHETIC_SIMULATION,SCN_CLEAN_BASELINE,CLEAN_NORMAL,NONE,NONE,NORMAL,0,0,,,none,Normal ambient weather telemetry with diurnal solar cycles
43245,Tirupati (AWS021),2026-08-08T07:00:00Z,33.4,54.3,1000.31,SYNTHETIC_SIMULATION,SCN_CLEAN_BASELINE,CLEAN_NORMAL,NONE,NONE,NORMAL,0,0,,,none,Normal ambient weather telemetry with diurnal solar cycles
43245,Tirupati (AWS021),2026-08-08T08:00:00Z,34.5,50.9,1001.04,SYNTHETIC_SIMULATION,SCN_CLEAN_BASELINE,CLEAN_NORMAL,NONE,NONE,NORMAL,0,0,,,none,Normal ambient weather telemetry with diurnal solar cycles
43245,Tirupati (AWS021),2026-08-08T09:00:00Z,36.96,44.2,1001.91,SYNTHETIC_SIMULATION,SCN_CLEAN_BASELINE,CLEAN_NORMAL,NONE,NONE,NORMAL,0,0,,,none,Normal ambient weather telemetry with diurnal solar cycles
43245,Tirupati (AWS021),2026-08-08T10:00:00Z,39.06,39.8,1002.87,SYNTHETIC_SIMULATION,SCN_CLEAN_BASELINE,CLEAN_NORMAL,NONE,NONE,NORMAL,0,0,,,none,Normal ambient weather telemetry with diurnal solar cycles
43245,Tirupati (AWS021),2026-08-08T11:00:00Z,40.76,34.8,1003.17,SYNTHETIC_SIMULATION,SCN_CLEAN_BASELINE,CLEAN_NORMAL,NONE,NONE,NORMAL,0,0,,,none,Normal ambient weather telemetry with diurnal solar cycles
43245,Tirupati (AWS021),2026-08-08T12:00:00Z,42.45,31.3,1003.56,SYNTHETIC_SIMULATION,SCN_CLEAN_BASELINE,CLEAN_NORMAL,NONE,NONE,NORMAL,0,0,,,none,Normal ambient weather telemetry with diurnal solar cycles
43245,Tirupati (AWS021),2026-08-08T13:00:00Z,42.93,27.8,1003.55,SYNTHETIC_SIMULATION,SCN_CLEAN_BASELINE,CLEAN_NORMAL,NONE,NONE,NORMAL,0,0,,,none,Normal ambient weather telemetry with diurnal solar cycles
43245,Tirupati (AWS021),2026-08-08T14:00:00Z,43.15,25.6,1002.86,SYNTHETIC_SIMULATION,SCN_CLEAN_BASELINE,CLEAN_NORMAL,NONE,NONE,NORMAL,0,0,,,none,Normal ambient weather telemetry with diurnal solar cycles
43245,Tirupati (AWS021),2026-08-08T15:00:00Z,42.68,27.9,1002.84,SYNTHETIC_SIMULATION,SCN_CLEAN_BASELINE,CLEAN_NORMAL,NONE,NONE,NORMAL,0,0,,,none,Normal ambient weather telemetry with diurnal solar cycles
43245,Tirupati (AWS021),2026-08-08T16:00:00Z,42.96,26.8,1001.78,SYNTHETIC_SIMULATION,SCN_CLEAN_BASELINE,CLEAN_NORMAL,NONE,NONE,NORMAL,0,0,,,none,Normal ambient weather telemetry with diurnal solar cycles
43245,Tirupati (AWS021),2026-08-08T17:00:00Z,41.59,32.3,1001.6,SYNTHETIC_SIMULATION,SCN_CLEAN_BASELINE,CLEAN_NORMAL,NONE,NONE,NORMAL,0,0,,,none,Normal ambient weather telemetry with diurnal solar cycles
43245,Tirupati (AWS021),2026-08-08T18:00:00Z,39.7,34.5,1001.78,SYNTHETIC_SIMULATION,SCN_CLEAN_BASELINE,CLEAN_NORMAL,NONE,NONE,NORMAL,0,0,,,none,Normal ambient weather telemetry with diurnal solar cycles
43245,Tirupati (AWS021),2026-08-08T19:00:00Z,37.92,39.3,1001.3,SYNTHETIC_SIMULATION,SCN_CLEAN_BASELINE,CLEAN_NORMAL,NONE,NONE,NORMAL,0,0,,,none,Normal ambient weather telemetry with diurnal solar cycles
43245,Tirupati (AWS021),2026-08-08T20:00:00Z,35.93,45.3,1002.84,SYNTHETIC_SIMULATION,SCN_CLEAN_BASELINE,CLEAN_NORMAL,NONE,NONE,NORMAL,0,0,,,none,Normal ambient weather telemetry with diurnal solar cycles
43245,Tirupati (AWS021),2026-08-08T21:00:00Z,33.98,50.9,1003.33,SYNTHETIC_SIMULATION,SCN_CLEAN_BASELINE,CLEAN_NORMAL,NONE,NONE,NORMAL,0,0,,,none,Normal ambient weather telemetry with diurnal solar cycles
43245,Tirupati (AWS021),2026-08-08T22:00:00Z,32.36,57.3,1003.78,SYNTHETIC_SIMULATION,SCN_CLEAN_BASELINE,CLEAN_NORMAL,NONE,NONE,NORMAL,0,0,,,none,Normal ambient weather telemetry with diurnal solar cycles
43245,Tirupati (AWS021),2026-08-08T23:00:00Z,29.43,63.8,1004.56,SYNTHETIC_SIMULATION,SCN_CLEAN_BASELINE,CLEAN_NORMAL,NONE,NONE,NORMAL,0,0,,,none,Normal ambient weather telemetry with diurnal solar cycles
43245,Tirupati (AWS021),2026-08-09T00:00:00Z,28.46,70.7,1004.98,SYNTHETIC_SIMULATION,SCN_CLEAN_BASELINE,CLEAN_NORMAL,NONE,NONE,NORMAL,0,0,,,none,Normal ambient weather telemetry with diurnal solar cycles
43245,Tirupati (AWS021),2026-08-09T01:00:00Z,26.96,70.7,1005.08,SYNTHETIC_SIMULATION,SCN_CLEAN_BASELINE,CLEAN_NORMAL,NONE,NONE,NORMAL,0,0,,,none,Normal ambient weather telemetry with diurnal solar cycles
43245,Tirupati (AWS021),2026-08-09T02:00:00Z,27.01,73.7,1004.96,SYNTHETIC_SIMULATION,SCN_CLEAN_BASELINE,CLEAN_NORMAL,NONE,NONE,NORMAL,0,0,,,none,Normal ambient weather telemetry with diurnal solar cycles
43245,Tirupati (AWS021),2026-08-09T03:00:00Z,26.13,72.6,1004.32,SYNTHETIC_SIMULATION,SCN_CLEAN_BASELINE,CLEAN_NORMAL,NONE,NONE,NORMAL,0,0,,,none,Normal ambient weather telemetry with diurnal solar cycles
43245,Tirupati (AWS021),2026-08-09T04:00:00Z,27.3,71.2,1003.73,SYNTHETIC_SIMULATION,SCN_CLEAN_BASELINE,CLEAN_NORMAL,NONE,NONE,NORMAL,0,0,,,none,Normal ambient weather telemetry with diurnal solar cycles
43245,Tirupati (AWS021),2026-08-09T05:00:00Z,27.93,71.7,1003.59,SYNTHETIC_SIMULATION,SCN_CLEAN_BASELINE,CLEAN_NORMAL,NONE,NONE,NORMAL,0,0,,,none,Normal ambient weather telemetry with diurnal solar cycles
43245,Tirupati (AWS021),2026-08-09T06:00:00Z,29.89,65.6,1003.08,SYNTHETIC_SIMULATION,SCN_CLEAN_BASELINE,CLEAN_NORMAL,NONE,NONE,NORMAL,0,0,,,none,Normal ambient weather telemetry with diurnal solar cycles
43245,Tirupati (AWS021),2026-08-09T07:00:00Z,31.05,60.4,1004.06,SYNTHETIC_SIMULATION,SCN_CLEAN_BASELINE,CLEAN_NORMAL,NONE,NONE,NORMAL,0,0,,,none,Normal ambient weather telemetry with diurnal solar cycles
43245,Tirupati (AWS021),2026-08-09T08:00:00Z,32.21,55.7,1004.64,SYNTHETIC_SIMULATION,SCN_CLEAN_BASELINE,CLEAN_NORMAL,NONE,NONE,NORMAL,0,0,,,none,Normal ambient weather telemetry with diurnal solar cycles
43245,Tirupati (AWS021),2026-08-09T09:00:00Z,35.0,48.9,1005.67,SYNTHETIC_SIMULATION,SCN_CLEAN_BASELINE,CLEAN_NORMAL,NONE,NONE,NORMAL,0,0,,,none,Normal ambient weather telemetry with diurnal solar cycles
43245,Tirupati (AWS021),2026-08-09T10:00:00Z,36.81,44.8,1006.03,SYNTHETIC_SIMULATION,SCN_CLEAN_BASELINE,CLEAN_NORMAL,NONE,NONE,NORMAL,0,0,,,none,Normal ambient weather telemetry with diurnal solar cycles
43245,Tirupati (AWS021),2026-08-09T11:00:00Z,38.11,40.7,1006.48,SYNTHETIC_SIMULATION,SCN_CLEAN_BASELINE,CLEAN_NORMAL,NONE,NONE,NORMAL,0,0,,,none,Normal ambient weather telemetry with diurnal solar cycles
43245,Tirupati (AWS021),2026-08-09T12:00:00Z,39.7,35.0,1007.44,SYNTHETIC_SIMULATION,SCN_CLEAN_BASELINE,CLEAN_NORMAL,NONE,NONE,NORMAL,0,0,,,none,Normal ambient weather telemetry with diurnal solar cycles
43245,Tirupati (AWS021),2026-08-09T13:00:00Z,40.28,35.1,1007.43,SYNTHETIC_SIMULATION,SCN_CLEAN_BASELINE,CLEAN_NORMAL,NONE,NONE,NORMAL,0,0,,,none,Normal ambient weather telemetry with diurnal solar cycles
43245,Tirupati (AWS021),2026-08-09T14:00:00Z,41.36,31.6,1006.7,SYNTHETIC_SIMULATION,SCN_CLEAN_BASELINE,CLEAN_NORMAL,NONE,NONE,NORMAL,0,0,,,none,Normal ambient weather telemetry with diurnal solar cycles
43245,Tirupati (AWS021),2026-08-09T15:00:00Z,41.35,32.9,1006.45,SYNTHETIC_SIMULATION,SCN_CLEAN_BASELINE,CLEAN_NORMAL,NONE,NONE,NORMAL,0,0,,,none,Normal ambient weather telemetry with diurnal solar cycles
43245,Tirupati (AWS021),2026-08-09T16:00:00Z,40.33,34.8,1005.8,SYNTHETIC_SIMULATION,SCN_CLEAN_BASELINE,CLEAN_NORMAL,NONE,NONE,NORMAL,0,0,,,none,Normal ambient weather telemetry with diurnal solar cycles
43245,Tirupati (AWS021),2026-08-09T17:00:00Z,39.43,36.3,1005.04,SYNTHETIC_SIMULATION,SCN_CLEAN_BASELINE,CLEAN_NORMAL,NONE,NONE,NORMAL,0,0,,,none,Normal ambient weather telemetry with diurnal solar cycles
43245,Tirupati (AWS021),2026-08-09T18:00:00Z,37.88,42.7,1005.64,SYNTHETIC_SIMULATION,SCN_CLEAN_BASELINE,CLEAN_NORMAL,NONE,NONE,NORMAL,0,0,,,none,Normal ambient weather telemetry with diurnal solar cycles
43245,Tirupati (AWS021),2026-08-09T19:00:00Z,36.02,47.5,1006.09,SYNTHETIC_SIMULATION,SCN_CLEAN_BASELINE,CLEAN_NORMAL,NONE,NONE,NORMAL,0,0,,,none,Normal ambient weather telemetry with diurnal solar cycles
43245,Tirupati (AWS021),2026-08-09T20:00:00Z,33.71,53.7,1006.12,SYNTHETIC_SIMULATION,SCN_CLEAN_BASELINE,CLEAN_NORMAL,NONE,NONE,NORMAL,0,0,,,none,Normal ambient weather telemetry with diurnal solar cycles
43245,Tirupati (AWS021),2026-08-09T21:00:00Z,32.1,60.1,1006.76,SYNTHETIC_SIMULATION,SCN_CLEAN_BASELINE,CLEAN_NORMAL,NONE,NONE,NORMAL,0,0,,,none,Normal ambient weather telemetry with diurnal solar cycles
43245,Tirupati (AWS021),2026-08-09T22:00:00Z,28.8,63.2,1007.89,SYNTHETIC_SIMULATION,SCN_CLEAN_BASELINE,CLEAN_NORMAL,NONE,NONE,NORMAL,0,0,,,none,Normal ambient weather telemetry with diurnal solar cycles
43245,Tirupati (AWS021),2026-08-09T23:00:00Z,28.09,69.7,1008.67,SYNTHETIC_SIMULATION,SCN_CLEAN_BASELINE,CLEAN_NORMAL,NONE,NONE,NORMAL,0,0,,,none,Normal ambient weather telemetry with diurnal solar cycles
43245,Tirupati (AWS021),2026-08-10T00:00:00Z,26.56,75.0,1008.72,SYNTHETIC_SIMULATION,SCN_CLEAN_BASELINE,CLEAN_NORMAL,NONE,NONE,NORMAL,0,0,,,none,Normal ambient weather telemetry with diurnal solar cycles
43245,Tirupati (AWS021),2026-08-10T01:00:00Z,25.1,77.5,1008.76,SYNTHETIC_SIMULATION,SCN_CLEAN_BASELINE,CLEAN_NORMAL,NONE,NONE,NORMAL,0,0,,,none,Normal ambient weather telemetry with diurnal solar cycles
43245,Tirupati (AWS021),2026-08-10T02:00:00Z,24.45,77.4,1008.46,SYNTHETIC_SIMULATION,SCN_CLEAN_BASELINE,CLEAN_NORMAL,NONE,NONE,NORMAL,0,0,,,none,Normal ambient weather telemetry with diurnal solar cycles
43245,Tirupati (AWS021),2026-08-10T03:00:00Z,23.97,78.8,1007.85,SYNTHETIC_SIMULATION,SCN_CLEAN_BASELINE,CLEAN_NORMAL,NONE,NONE,NORMAL,0,0,,,none,Normal ambient weather telemetry with diurnal solar cycles
43245,Tirupati (AWS021),2026-08-10T04:00:00Z,24.54,77.1,1006.76,SYNTHETIC_SIMULATION,SCN_CLEAN_BASELINE,CLEAN_NORMAL,NONE,NONE,NORMAL,0,0,,,none,Normal ambient weather telemetry with diurnal solar cycles
43245,Tirupati (AWS021),2026-08-10T05:00:00Z,25.98,75.3,1006.39,SYNTHETIC_SIMULATION,SCN_CLEAN_BASELINE,CLEAN_NORMAL,NONE,NONE,NORMAL,0,0,,,none,Normal ambient weather telemetry with diurnal solar cycles
43245,Tirupati (AWS021),2026-08-10T06:00:00Z,27.36,71.4,1006.21,SYNTHETIC_SIMULATION,SCN_CLEAN_BASELINE,CLEAN_NORMAL,NONE,NONE,NORMAL,0,0,,,none,Normal ambient weather telemetry with diurnal solar cycles
43245,Tirupati (AWS021),2026-08-10T07:00:00Z,29.04,65.7,1006.79,SYNTHETIC_SIMULATION,SCN_CLEAN_BASELINE,CLEAN_NORMAL,NONE,NONE,NORMAL,0,0,,,none,Normal ambient weather telemetry with diurnal solar cycles
43245,Tirupati (AWS021),2026-08-10T08:00:00Z,30.86,59.7,1007.42,SYNTHETIC_SIMULATION,SCN_CLEAN_BASELINE,CLEAN_NORMAL,NONE,NONE,NORMAL,0,0,,,none,Normal ambient weather telemetry with diurnal solar cycles
43245,Tirupati (AWS021),2026-08-10T09:00:00Z,33.67,54.8,1008.37,SYNTHETIC_SIMULATION,SCN_CLEAN_BASELINE,CLEAN_NORMAL,NONE,NONE,NORMAL,0,0,,,none,Normal ambient weather telemetry with diurnal solar cycles
43245,Tirupati (AWS021),2026-08-10T10:00:00Z,34.84,45.3,1009.02,SYNTHETIC_SIMULATION,SCN_CLEAN_BASELINE,CLEAN_NORMAL,NONE,NONE,NORMAL,0,0,,,none,Normal ambient weather telemetry with diurnal solar cycles
43245,Tirupati (AWS021),2026-08-10T11:00:00Z,36.41,44.1,1008.97,SYNTHETIC_SIMULATION,SCN_CLEAN_BASELINE,CLEAN_NORMAL,NONE,NONE,NORMAL,0,0,,,none,Normal ambient weather telemetry with diurnal solar cycles
43245,Tirupati (AWS021),2026-08-10T12:00:00Z,37.93,40.9,1009.8,SYNTHETIC_SIMULATION,SCN_CLEAN_BASELINE,CLEAN_NORMAL,NONE,NONE,NORMAL,0,0,,,none,Normal ambient weather telemetry with diurnal solar cycles
43245,Tirupati (AWS021),2026-08-10T13:00:00Z,39.16,35.8,1009.35,SYNTHETIC_SIMULATION,SCN_CLEAN_BASELINE,CLEAN_NORMAL,NONE,NONE,NORMAL,0,0,,,none,Normal ambient weather telemetry with diurnal solar cycles
43245,Tirupati (AWS021),2026-08-10T14:00:00Z,39.34,37.0,1009.01,SYNTHETIC_SIMULATION,SCN_CLEAN_BASELINE,CLEAN_NORMAL,NONE,NONE,NORMAL,0,0,,,none,Normal ambient weather telemetry with diurnal solar cycles
43245,Tirupati (AWS021),2026-08-10T15:00:00Z,40.38,36.9,1008.36,SYNTHETIC_SIMULATION,SCN_CLEAN_BASELINE,CLEAN_NORMAL,NONE,NONE,NORMAL,0,0,,,none,Normal ambient weather telemetry with diurnal solar cycles
43245,Tirupati (AWS021),2026-08-10T16:00:00Z,39.18,36.9,1007.98,SYNTHETIC_SIMULATION,SCN_CLEAN_BASELINE,CLEAN_NORMAL,NONE,NONE,NORMAL,0,0,,,none,Normal ambient weather telemetry with diurnal solar cycles
43245,Tirupati (AWS021),2026-08-10T17:00:00Z,37.48,38.9,1006.8,SYNTHETIC_SIMULATION,SCN_CLEAN_BASELINE,CLEAN_NORMAL,NONE,NONE,NORMAL,0,0,,,none,Normal ambient weather telemetry with diurnal solar cycles
43245,Tirupati (AWS021),2026-08-10T18:00:00Z,36.71,44.0,1006.83,SYNTHETIC_SIMULATION,SCN_CLEAN_BASELINE,CLEAN_NORMAL,NONE,NONE,NORMAL,0,0,,,none,Normal ambient weather telemetry with diurnal solar cycles
43245,Tirupati (AWS021),2026-08-10T19:00:00Z,34.95,49.8,1007.06,SYNTHETIC_SIMULATION,SCN_CLEAN_BASELINE,CLEAN_NORMAL,NONE,NONE,NORMAL,0,0,,,none,Normal ambient weather telemetry with diurnal solar cycles
43245,Tirupati (AWS021),2026-08-10T20:00:00Z,33.34,53.2,1006.91,SYNTHETIC_SIMULATION,SCN_CLEAN_BASELINE,CLEAN_NORMAL,NONE,NONE,NORMAL,0,0,,,none,Normal ambient weather telemetry with diurnal solar cycles
43245,Tirupati (AWS021),2026-08-10T21:00:00Z,30.55,57.2,1007.96,SYNTHETIC_SIMULATION,SCN_CLEAN_BASELINE,CLEAN_NORMAL,NONE,NONE,NORMAL,0,0,,,none,Normal ambient weather telemetry with diurnal solar cycles
43245,Tirupati (AWS021),2026-08-10T22:00:00Z,29.06,64.7,1008.86,SYNTHETIC_SIMULATION,SCN_CLEAN_BASELINE,CLEAN_NORMAL,NONE,NONE,NORMAL,0,0,,,none,Normal ambient weather telemetry with diurnal solar cycles
43245,Tirupati (AWS021),2026-08-10T23:00:00Z,27.47,71.6,1009.01,SYNTHETIC_SIMULATION,SCN_CLEAN_BASELINE,CLEAN_NORMAL,NONE,NONE,NORMAL,0,0,,,none,Normal ambient weather telemetry with diurnal solar cycles
43245,Tirupati (AWS021),2026-08-11T00:00:00Z,26.53,74.8,1009.51,SYNTHETIC_SIMULATION,SCN_CLEAN_BASELINE,CLEAN_NORMAL,NONE,NONE,NORMAL,0,0,,,none,Normal ambient weather telemetry with diurnal solar cycles
43245,Tirupati (AWS021),2026-08-11T01:00:00Z,25.36,76.8,1008.93,SYNTHETIC_SIMULATION,SCN_CLEAN_BASELINE,CLEAN_NORMAL,NONE,NONE,NORMAL,0,0,,,none,Normal ambient weather telemetry with diurnal solar cycles
43245,Tirupati (AWS021),2026-08-11T02:00:00Z,24.35,77.5,1008.39,SYNTHETIC_SIMULATION,SCN_CLEAN_BASELINE,CLEAN_NORMAL,NONE,NONE,NORMAL,0,0,,,none,Normal ambient weather telemetry with diurnal solar cycles
43245,Tirupati (AWS021),2026-08-11T03:00:00Z,24.82,77.9,1007.93,SYNTHETIC_SIMULATION,SCN_CLEAN_BASELINE,CLEAN_NORMAL,NONE,NONE,NORMAL,0,0,,,none,Normal ambient weather telemetry with diurnal solar cycles
43245,Tirupati (AWS021),2026-08-11T04:00:00Z,25.41,77.8,1007.15,SYNTHETIC_SIMULATION,SCN_CLEAN_BASELINE,CLEAN_NORMAL,NONE,NONE,NORMAL,0,0,,,none,Normal ambient weather telemetry with diurnal solar cycles
43245,Tirupati (AWS021),2026-08-11T05:00:00Z,26.02,73.3,1006.27,SYNTHETIC_SIMULATION,SCN_CLEAN_BASELINE,CLEAN_NORMAL,NONE,NONE,NORMAL,0,0,,,none,Normal ambient weather telemetry with diurnal solar cycles
43245,Tirupati (AWS021),2026-08-11T06:00:00Z,27.73,69.7,1005.96,SYNTHETIC_SIMULATION,SCN_CLEAN_BASELINE,CLEAN_NORMAL,NONE,NONE,NORMAL,0,0,,,none,Normal ambient weather telemetry with diurnal solar cycles
43245,Tirupati (AWS021),2026-08-11T07:00:00Z,29.09,64.7,1005.71,SYNTHETIC_SIMULATION,SCN_CLEAN_BASELINE,CLEAN_NORMAL,NONE,NONE,NORMAL,0,0,,,none,Normal ambient weather telemetry with diurnal solar cycles
43245,Tirupati (AWS021),2026-08-11T08:00:00Z,30.88,57.2,1006.62,SYNTHETIC_SIMULATION,SCN_CLEAN_BASELINE,CLEAN_NORMAL,NONE,NONE,NORMAL,0,0,,,none,Normal ambient weather telemetry with diurnal solar cycles
43245,Tirupati (AWS021),2026-08-11T09:00:00Z,33.58,51.8,1006.79,SYNTHETIC_SIMULATION,SCN_CLEAN_BASELINE,CLEAN_NORMAL,NONE,NONE,NORMAL,0,0,,,none,Normal ambient weather telemetry with diurnal solar cycles
43245,Tirupati (AWS021),2026-08-11T10:00:00Z,36.1,47.4,1007.8,SYNTHETIC_SIMULATION,SCN_CLEAN_BASELINE,CLEAN_NORMAL,NONE,NONE,NORMAL,0,0,,,none,Normal ambient weather telemetry with diurnal solar cycles
43245,Tirupati (AWS021),2026-08-11T11:00:00Z,38.03,39.3,1007.88,SYNTHETIC_SIMULATION,SCN_CLEAN_BASELINE,CLEAN_NORMAL,NONE,NONE,NORMAL,0,0,,,none,Normal ambient weather telemetry with diurnal solar cycles
43245,Tirupati (AWS021),2026-08-11T12:00:00Z,39.1,36.4,1008.0,SYNTHETIC_SIMULATION,SCN_CLEAN_BASELINE,CLEAN_NORMAL,NONE,NONE,NORMAL,0,0,,,none,Normal ambient weather telemetry with diurnal solar cycles
43245,Tirupati (AWS021),2026-08-11T13:00:00Z,39.96,33.1,1008.03,SYNTHETIC_SIMULATION,SCN_CLEAN_BASELINE,CLEAN_NORMAL,NONE,NONE,NORMAL,0,0,,,none,Normal ambient weather telemetry with diurnal solar cycles
43245,Tirupati (AWS021),2026-08-11T14:00:00Z,40.73,32.3,1007.14,SYNTHETIC_SIMULATION,SCN_CLEAN_BASELINE,CLEAN_NORMAL,NONE,NONE,NORMAL,0,0,,,none,Normal ambient weather telemetry with diurnal solar cycles
43245,Tirupati (AWS021),2026-08-11T15:00:00Z,40.76,33.9,1006.3,SYNTHETIC_SIMULATION,SCN_CLEAN_BASELINE,CLEAN_NORMAL,NONE,NONE,NORMAL,0,0,,,none,Normal ambient weather telemetry with diurnal solar cycles
43245,Tirupati (AWS021),2026-08-11T16:00:00Z,40.4,33.4,1005.47,SYNTHETIC_SIMULATION,SCN_CLEAN_BASELINE,CLEAN_NORMAL,NONE,NONE,NORMAL,0,0,,,none,Normal ambient weather telemetry with diurnal solar cycles
43245,Tirupati (AWS021),2026-08-11T17:00:00Z,40.21,36.5,1004.47,SYNTHETIC_SIMULATION,SCN_CLEAN_BASELINE,CLEAN_NORMAL,NONE,NONE,NORMAL,0,0,,,none,Normal ambient weather telemetry with diurnal solar cycles
43245,Tirupati (AWS021),2026-08-11T18:00:00Z,38.01,40.4,1004.28,SYNTHETIC_SIMULATION,SCN_CLEAN_BASELINE,CLEAN_NORMAL,NONE,NONE,NORMAL,0,0,,,none,Normal ambient weather telemetry with diurnal solar cycles
43245,Tirupati (AWS021),2026-08-11T19:00:00Z,36.63,43.0,1004.36,SYNTHETIC_SIMULATION,SCN_CLEAN_BASELINE,CLEAN_NORMAL,NONE,NONE,NORMAL,0,0,,,none,Normal ambient weather telemetry with diurnal solar cycles
43245,Tirupati (AWS021),2026-08-11T20:00:00Z,34.37,48.0,1004.86,SYNTHETIC_SIMULATION,SCN_CLEAN_BASELINE,CLEAN_NORMAL,NONE,NONE,NORMAL,0,0,,,none,Normal ambient weather telemetry with diurnal solar cycles
43245,Tirupati (AWS021),2026-08-11T21:00:00Z,32.58,56.7,1005.75,SYNTHETIC_SIMULATION,SCN_CLEAN_BASELINE,CLEAN_NORMAL,NONE,NONE,NORMAL,0,0,,,none,Normal ambient weather telemetry with diurnal solar cycles
43245,Tirupati (AWS021),2026-08-11T22:00:00Z,30.78,61.0,1005.59,SYNTHETIC_SIMULATION,SCN_CLEAN_BASELINE,CLEAN_NORMAL,NONE,NONE,NORMAL,0,0,,,none,Normal ambient weather telemetry with diurnal solar cycles
43245,Tirupati (AWS021),2026-08-11T23:00:00Z,29.59,66.3,1006.08,SYNTHETIC_SIMULATION,SCN_CLEAN_BASELINE,CLEAN_NORMAL,NONE,NONE,NORMAL,0,0,,,none,Normal ambient weather telemetry with diurnal solar cycles
43245,Tirupati (AWS021),2026-08-12T00:00:00Z,28.18,70.3,1006.1,SYNTHETIC_SIMULATION,SCN_CLEAN_BASELINE,CLEAN_NORMAL,NONE,NONE,NORMAL,0,0,,,none,Normal ambient weather telemetry with diurnal solar cycles
43245,Tirupati (AWS021),2026-08-12T01:00:00Z,27.59,71.9,1005.55,SYNTHETIC_SIMULATION,SCN_CLEAN_BASELINE,CLEAN_NORMAL,NONE,NONE,NORMAL,0,0,,,none,Normal ambient weather telemetry with diurnal solar cycles
43245,Tirupati (AWS021),2026-08-12T02:00:00Z,27.03,73.7,1004.99,SYNTHETIC_SIMULATION,SCN_CLEAN_BASELINE,CLEAN_NORMAL,NONE,NONE,NORMAL,0,0,,,none,Normal ambient weather telemetry with diurnal solar cycles
43245,Tirupati (AWS021),2026-08-12T03:00:00Z,26.01,73.2,1004.4,SYNTHETIC_SIMULATION,SCN_CLEAN_BASELINE,CLEAN_NORMAL,NONE,NONE,NORMAL,0,0,,,none,Normal ambient weather telemetry with diurnal solar cycles
43245,Tirupati (AWS021),2026-08-12T04:00:00Z,26.98,70.6,1003.72,SYNTHETIC_SIMULATION,SCN_CLEAN_BASELINE,CLEAN_NORMAL,NONE,NONE,NORMAL,0,0,,,none,Normal ambient weather telemetry with diurnal solar cycles
43245,Tirupati (AWS021),2026-08-12T05:00:00Z,28.82,69.2,1003.12,SYNTHETIC_SIMULATION,SCN_CLEAN_BASELINE,CLEAN_NORMAL,NONE,NONE,NORMAL,0,0,,,none,Normal ambient weather telemetry with diurnal solar cycles
43245,Tirupati (AWS021),2026-08-12T06:00:00Z,29.96,63.4,1002.48,SYNTHETIC_SIMULATION,SCN_CLEAN_BASELINE,CLEAN_NORMAL,NONE,NONE,NORMAL,0,0,,,none,Normal ambient weather telemetry with diurnal solar cycles
43245,Tirupati (AWS021),2026-08-12T07:00:00Z,32.09,58.7,1002.42,SYNTHETIC_SIMULATION,SCN_CLEAN_BASELINE,CLEAN_NORMAL,NONE,NONE,NORMAL,0,0,,,none,Normal ambient weather telemetry with diurnal solar cycles
43245,Tirupati (AWS021),2026-08-12T08:00:00Z,33.27,52.2,1002.89,SYNTHETIC_SIMULATION,SCN_CLEAN_BASELINE,CLEAN_NORMAL,NONE,NONE,NORMAL,0,0,,,none,Normal ambient weather telemetry with diurnal solar cycles
43245,Tirupati (AWS021),2026-08-12T09:00:00Z,36.52,46.8,1003.32,SYNTHETIC_SIMULATION,SCN_CLEAN_BASELINE,CLEAN_NORMAL,NONE,NONE,NORMAL,0,0,,,none,Normal ambient weather telemetry with diurnal solar cycles
43245,Tirupati (AWS021),2026-08-12T10:00:00Z,38.35,39.6,1004.31,SYNTHETIC_SIMULATION,SCN_CLEAN_BASELINE,CLEAN_NORMAL,NONE,NONE,NORMAL,0,0,,,none,Normal ambient weather telemetry with diurnal solar cycles
43245,Tirupati (AWS021),2026-08-12T11:00:00Z,40.15,35.8,1004.02,SYNTHETIC_SIMULATION,SCN_CLEAN_BASELINE,CLEAN_NORMAL,NONE,NONE,NORMAL,0,0,,,none,Normal ambient weather telemetry with diurnal solar cycles
43245,Tirupati (AWS021),2026-08-12T12:00:00Z,41.63,32.1,1004.36,SYNTHETIC_SIMULATION,SCN_CLEAN_BASELINE,CLEAN_NORMAL,NONE,NONE,NORMAL,0,0,,,none,Normal ambient weather telemetry with diurnal solar cycles
43245,Tirupati (AWS021),2026-08-12T13:00:00Z,42.83,27.9,1003.98,SYNTHETIC_SIMULATION,SCN_CLEAN_BASELINE,CLEAN_NORMAL,NONE,NONE,NORMAL,0,0,,,none,Normal ambient weather telemetry with diurnal solar cycles
43245,Tirupati (AWS021),2026-08-12T14:00:00Z,42.65,26.0,1003.49,SYNTHETIC_SIMULATION,SCN_CLEAN_BASELINE,CLEAN_NORMAL,NONE,NONE,NORMAL,0,0,,,none,Normal ambient weather telemetry with diurnal solar cycles
43245,Tirupati (AWS021),2026-08-12T15:00:00Z,43.46,28.5,1002.38,SYNTHETIC_SIMULATION,SCN_CLEAN_BASELINE,CLEAN_NORMAL,NONE,NONE,NORMAL,0,0,,,none,Normal ambient weather telemetry with diurnal solar cycles
43245,Tirupati (AWS021),2026-08-12T16:00:00Z,42.53,27.9,1002.15,SYNTHETIC_SIMULATION,SCN_CLEAN_BASELINE,CLEAN_NORMAL,NONE,NONE,NORMAL,0,0,,,none,Normal ambient weather telemetry with diurnal solar cycles
43245,Tirupati (AWS021),2026-08-12T17:00:00Z,42.25,31.0,1001.06,SYNTHETIC_SIMULATION,SCN_CLEAN_BASELINE,CLEAN_NORMAL,NONE,NONE,NORMAL,0,0,,,none,Normal ambient weather telemetry with diurnal solar cycles
43245,Tirupati (AWS021),2026-08-12T18:00:00Z,40.61,33.7,1001.06,SYNTHETIC_SIMULATION,SCN_CLEAN_BASELINE,CLEAN_NORMAL,NONE,NONE,NORMAL,0,0,,,none,Normal ambient weather telemetry with diurnal solar cycles
43245,Tirupati (AWS021),2026-08-12T19:00:00Z,38.96,39.9,1000.47,SYNTHETIC_SIMULATION,SCN_CLEAN_BASELINE,CLEAN_NORMAL,NONE,NONE,NORMAL,0,0,,,none,Normal ambient weather telemetry with diurnal solar cycles
43245,Tirupati (AWS021),2026-08-12T20:00:00Z,37.22,45.8,1001.32,SYNTHETIC_SIMULATION,SCN_CLEAN_BASELINE,CLEAN_NORMAL,NONE,NONE,NORMAL,0,0,,,none,Normal ambient weather telemetry with diurnal solar cycles
43245,Tirupati (AWS021),2026-08-12T21:00:00Z,34.14,49.0,1002.17,SYNTHETIC_SIMULATION,SCN_CLEAN_BASELINE,CLEAN_NORMAL,NONE,NONE,NORMAL,0,0,,,none,Normal ambient weather telemetry with diurnal solar cycles
43245,Tirupati (AWS021),2026-08-12T22:00:00Z,33.41,55.6,1002.63,SYNTHETIC_SIMULATION,SCN_CLEAN_BASELINE,CLEAN_NORMAL,NONE,NONE,NORMAL,0,0,,,none,Normal ambient weather telemetry with diurnal solar cycles
43245,Tirupati (AWS021),2026-08-12T23:00:00Z,30.73,61.1,1002.57,SYNTHETIC_SIMULATION,SCN_CLEAN_BASELINE,CLEAN_NORMAL,NONE,NONE,NORMAL,0,0,,,none,Normal ambient weather telemetry with diurnal solar cycles
43245,Tirupati (AWS021),2026-08-13T00:00:00Z,29.53,65.5,1003.33,SYNTHETIC_SIMULATION,SCN_CLEAN_BASELINE,CLEAN_NORMAL,NONE,NONE,NORMAL,0,0,,,none,Normal ambient weather telemetry with diurnal solar cycles
43245,Tirupati (AWS021),2026-08-13T01:00:00Z,28.95,65.8,1002.48,SYNTHETIC_SIMULATION,SCN_CLEAN_BASELINE,CLEAN_NORMAL,NONE,NONE,NORMAL,0,0,,,none,Normal ambient weather telemetry with diurnal solar cycles
43245,Tirupati (AWS021),2026-08-13T02:00:00Z,28.59,69.0,1002.19,SYNTHETIC_SIMULATION,SCN_CLEAN_BASELINE,CLEAN_NORMAL,NONE,NONE,NORMAL,0,0,,,none,Normal ambient weather telemetry with diurnal solar cycles
43245,Tirupati (AWS021),2026-08-13T03:00:00Z,28.62,70.7,1001.18,SYNTHETIC_SIMULATION,SCN_CLEAN_BASELINE,CLEAN_NORMAL,NONE,NONE,NORMAL,0,0,,,none,Normal ambient weather telemetry with diurnal solar cycles
43245,Tirupati (AWS021),2026-08-13T04:00:00Z,29.3,67.3,1000.73,SYNTHETIC_SIMULATION,SCN_CLEAN_BASELINE,CLEAN_NORMAL,NONE,NONE,NORMAL,0,0,,,none,Normal ambient weather telemetry with diurnal solar cycles
43245,Tirupati (AWS021),2026-08-13T05:00:00Z,30.13,65.6,1000.06,SYNTHETIC_SIMULATION,SCN_CLEAN_BASELINE,CLEAN_NORMAL,NONE,NONE,NORMAL,0,0,,,none,Normal ambient weather telemetry with diurnal solar cycles
43245,Tirupati (AWS021),2026-08-13T06:00:00Z,32.07,58.6,999.84,SYNTHETIC_SIMULATION,SCN_CLEAN_BASELINE,CLEAN_NORMAL,NONE,NONE,NORMAL,0,0,,,none,Normal ambient weather telemetry with diurnal solar cycles
43245,Tirupati (AWS021),2026-08-13T07:00:00Z,33.64,55.3,999.87,SYNTHETIC_SIMULATION,SCN_CLEAN_BASELINE,CLEAN_NORMAL,NONE,NONE,NORMAL,0,0,,,none,Normal ambient weather telemetry with diurnal solar cycles
43245,Tirupati (AWS021),2026-08-13T08:00:00Z,36.02,50.5,1000.2,SYNTHETIC_SIMULATION,SCN_CLEAN_BASELINE,CLEAN_NORMAL,NONE,NONE,NORMAL,0,0,,,none,Normal ambient weather telemetry with diurnal solar cycles
43245,Tirupati (AWS021),2026-08-13T09:00:00Z,37.2,43.1,1001.39,SYNTHETIC_SIMULATION,SCN_CLEAN_BASELINE,CLEAN_NORMAL,NONE,NONE,NORMAL,0,0,,,none,Normal ambient weather telemetry with diurnal solar cycles
43245,Tirupati (AWS021),2026-08-13T10:00:00Z,39.21,35.2,1001.76,SYNTHETIC_SIMULATION,SCN_CLEAN_BASELINE,CLEAN_NORMAL,NONE,NONE,NORMAL,0,0,,,none,Normal ambient weather telemetry with diurnal solar cycles
43245,Tirupati (AWS021),2026-08-13T11:00:00Z,40.42,32.9,1002.72,SYNTHETIC_SIMULATION,SCN_CLEAN_BASELINE,CLEAN_NORMAL,NONE,NONE,NORMAL,0,0,,,none,Normal ambient weather telemetry with diurnal solar cycles
43245,Tirupati (AWS021),2026-08-13T12:00:00Z,42.31,29.7,1002.92,SYNTHETIC_SIMULATION,SCN_CLEAN_BASELINE,CLEAN_NORMAL,NONE,NONE,NORMAL,0,0,,,none,Normal ambient weather telemetry with diurnal solar cycles
43245,Tirupati (AWS021),2026-08-13T13:00:00Z,43.81,23.4,1002.4,SYNTHETIC_SIMULATION,SCN_CLEAN_BASELINE,CLEAN_NORMAL,NONE,NONE,NORMAL,0,0,,,none,Normal ambient weather telemetry with diurnal solar cycles
43245,Tirupati (AWS021),2026-08-13T14:00:00Z,44.15,24.0,1001.83,SYNTHETIC_SIMULATION,SCN_CLEAN_BASELINE,CLEAN_NORMAL,NONE,NONE,NORMAL,0,0,,,none,Normal ambient weather telemetry with diurnal solar cycles
43245,Tirupati (AWS021),2026-08-13T15:00:00Z,43.51,24.0,1001.89,SYNTHETIC_SIMULATION,SCN_CLEAN_BASELINE,CLEAN_NORMAL,NONE,NONE,NORMAL,0,0,,,none,Normal ambient weather telemetry with diurnal solar cycles
43245,Tirupati (AWS021),2026-08-13T16:00:00Z,43.65,26.0,1000.81,SYNTHETIC_SIMULATION,SCN_CLEAN_BASELINE,CLEAN_NORMAL,NONE,NONE,NORMAL,0,0,,,none,Normal ambient weather telemetry with diurnal solar cycles
43245,Tirupati (AWS021),2026-08-13T17:00:00Z,42.75,30.0,1000.59,SYNTHETIC_SIMULATION,SCN_CLEAN_BASELINE,CLEAN_NORMAL,NONE,NONE,NORMAL,0,0,,,none,Normal ambient weather telemetry with diurnal solar cycles
43245,Tirupati (AWS021),2026-08-13T18:00:00Z,41.01,32.9,1000.49,SYNTHETIC_SIMULATION,SCN_CLEAN_BASELINE,CLEAN_NORMAL,NONE,NONE,NORMAL,0,0,,,none,Normal ambient weather telemetry with diurnal solar cycles
43245,Tirupati (AWS021),2026-08-13T19:00:00Z,38.98,41.1,1000.66,SYNTHETIC_SIMULATION,SCN_CLEAN_BASELINE,CLEAN_NORMAL,NONE,NONE,NORMAL,0,0,,,none,Normal ambient weather telemetry with diurnal solar cycles
43245,Tirupati (AWS021),2026-08-13T20:00:00Z,36.87,46.9,1001.09,SYNTHETIC_SIMULATION,SCN_CLEAN_BASELINE,CLEAN_NORMAL,NONE,NONE,NORMAL,0,0,,,none,Normal ambient weather telemetry with diurnal solar cycles
43245,Tirupati (AWS021),2026-08-13T21:00:00Z,34.86,50.7,1002.02,SYNTHETIC_SIMULATION,SCN_CLEAN_BASELINE,CLEAN_NORMAL,NONE,NONE,NORMAL,0,0,,,none,Normal ambient weather telemetry with diurnal solar cycles
43245,Tirupati (AWS021),2026-08-13T22:00:00Z,32.7,54.3,1002.62,SYNTHETIC_SIMULATION,SCN_CLEAN_BASELINE,CLEAN_NORMAL,NONE,NONE,NORMAL,0,0,,,none,Normal ambient weather telemetry with diurnal solar cycles
43245,Tirupati (AWS021),2026-08-13T23:00:00Z,30.98,61.4,1003.05,SYNTHETIC_SIMULATION,SCN_CLEAN_BASELINE,CLEAN_NORMAL,NONE,NONE,NORMAL,0,0,,,none,Normal ambient weather telemetry with diurnal solar cycles
43245,Tirupati (AWS021),2026-08-14T00:00:00Z,29.07,63.5,1003.48,SYNTHETIC_SIMULATION,SCN_CLEAN_BASELINE,CLEAN_NORMAL,NONE,NONE,NORMAL,0,0,,,none,Normal ambient weather telemetry with diurnal solar cycles
43245,Tirupati (AWS021),2026-08-14T01:00:00Z,28.9,68.0,1003.79,SYNTHETIC_SIMULATION,SCN_CLEAN_BASELINE,CLEAN_NORMAL,NONE,NONE,NORMAL,0,0,,,none,Normal ambient weather telemetry with diurnal solar cycles
43245,Tirupati (AWS021),2026-08-14T02:00:00Z,28.02,71.1,1003.07,SYNTHETIC_SIMULATION,SCN_CLEAN_BASELINE,CLEAN_NORMAL,NONE,NONE,NORMAL,0,0,,,none,Normal ambient weather telemetry with diurnal solar cycles
43245,Tirupati (AWS021),2026-08-14T03:00:00Z,27.47,68.6,1003.02,SYNTHETIC_SIMULATION,SCN_CLEAN_BASELINE,CLEAN_NORMAL,NONE,NONE,NORMAL,0,0,,,none,Normal ambient weather telemetry with diurnal solar cycles
43245,Tirupati (AWS021),2026-08-14T04:00:00Z,27.92,68.2,1001.75,SYNTHETIC_SIMULATION,SCN_CLEAN_BASELINE,CLEAN_NORMAL,NONE,NONE,NORMAL,0,0,,,none,Normal ambient weather telemetry with diurnal solar cycles
43245,Tirupati (AWS021),2026-08-14T05:00:00Z,29.48,66.3,1001.29,SYNTHETIC_SIMULATION,SCN_CLEAN_BASELINE,CLEAN_NORMAL,NONE,NONE,NORMAL,0,0,,,none,Normal ambient weather telemetry with diurnal solar cycles
43245,Tirupati (AWS021),2026-08-14T06:00:00Z,30.65,64.2,1001.64,SYNTHETIC_SIMULATION,SCN_CLEAN_BASELINE,CLEAN_NORMAL,NONE,NONE,NORMAL,0,0,,,none,Normal ambient weather telemetry with diurnal solar cycles
43245,Tirupati (AWS021),2026-08-14T07:00:00Z,32.0,58.3,1002.1,SYNTHETIC_SIMULATION,SCN_CLEAN_BASELINE,CLEAN_NORMAL,NONE,NONE,NORMAL,0,0,,,none,Normal ambient weather telemetry with diurnal solar cycles
43245,Tirupati (AWS021),2026-08-14T08:00:00Z,33.82,49.9,1002.48,SYNTHETIC_SIMULATION,SCN_CLEAN_BASELINE,CLEAN_NORMAL,NONE,NONE,NORMAL,0,0,,,none,Normal ambient weather telemetry with diurnal solar cycles
43245,Tirupati (AWS021),2026-08-14T09:00:00Z,35.36,45.8,1003.99,SYNTHETIC_SIMULATION,SCN_CLEAN_BASELINE,CLEAN_NORMAL,NONE,NONE,NORMAL,0,0,,,none,Normal ambient weather telemetry with diurnal solar cycles
43245,Tirupati (AWS021),2026-08-14T10:00:00Z,37.7,41.2,1003.78,SYNTHETIC_SIMULATION,SCN_CLEAN_BASELINE,CLEAN_NORMAL,NONE,NONE,NORMAL,0,0,,,none,Normal ambient weather telemetry with diurnal solar cycles
43245,Tirupati (AWS021),2026-08-14T11:00:00Z,39.77,37.7,1004.81,SYNTHETIC_SIMULATION,SCN_CLEAN_BASELINE,CLEAN_NORMAL,NONE,NONE,NORMAL,0,0,,,none,Normal ambient weather telemetry with diurnal solar cycles
43245,Tirupati (AWS021),2026-08-14T12:00:00Z,41.05,33.7,1005.08,SYNTHETIC_SIMULATION,SCN_CLEAN_BASELINE,CLEAN_NORMAL,NONE,NONE,NORMAL,0,0,,,none,Normal ambient weather telemetry with diurnal solar cycles
43245,Tirupati (AWS021),2026-08-14T13:00:00Z,42.19,29.1,1005.72,SYNTHETIC_SIMULATION,SCN_CLEAN_BASELINE,CLEAN_NORMAL,NONE,NONE,NORMAL,0,0,,,none,Normal ambient weather telemetry with diurnal solar cycles
43245,Tirupati (AWS021),2026-08-14T14:00:00Z,42.35,28.1,1004.72,SYNTHETIC_SIMULATION,SCN_CLEAN_BASELINE,CLEAN_NORMAL,NONE,NONE,NORMAL,0,0,,,none,Normal ambient weather telemetry with diurnal solar cycles
43245,Tirupati (AWS021),2026-08-14T15:00:00Z,41.76,30.0,1004.1,SYNTHETIC_SIMULATION,SCN_CLEAN_BASELINE,CLEAN_NORMAL,NONE,NONE,NORMAL,0,0,,,none,Normal ambient weather telemetry with diurnal solar cycles
43245,Tirupati (AWS021),2026-08-14T16:00:00Z,41.48,30.4,1004.15,SYNTHETIC_SIMULATION,SCN_CLEAN_BASELINE,CLEAN_NORMAL,NONE,NONE,NORMAL,0,0,,,none,Normal ambient weather telemetry with diurnal solar cycles
43245,Tirupati (AWS021),2026-08-14T17:00:00Z,40.14,35.1,1003.52,SYNTHETIC_SIMULATION,SCN_CLEAN_BASELINE,CLEAN_NORMAL,NONE,NONE,NORMAL,0,0,,,none,Normal ambient weather telemetry with diurnal solar cycles
43245,Tirupati (AWS021),2026-08-14T18:00:00Z,39.09,36.7,1003.52,SYNTHETIC_SIMULATION,SCN_CLEAN_BASELINE,CLEAN_NORMAL,NONE,NONE,NORMAL,0,0,,,none,Normal ambient weather telemetry with diurnal solar cycles
43245,Tirupati (AWS021),2026-08-14T19:00:00Z,36.67,43.3,1003.38,SYNTHETIC_SIMULATION,SCN_CLEAN_BASELINE,CLEAN_NORMAL,NONE,NONE,NORMAL,0,0,,,none,Normal ambient weather telemetry with diurnal solar cycles
43245,Tirupati (AWS021),2026-08-14T20:00:00Z,34.93,49.1,1004.53,SYNTHETIC_SIMULATION,SCN_CLEAN_BASELINE,CLEAN_NORMAL,NONE,NONE,NORMAL,0,0,,,none,Normal ambient weather telemetry with diurnal solar cycles
43245,Tirupati (AWS021),2026-08-14T21:00:00Z,32.4,55.3,1005.26,SYNTHETIC_SIMULATION,SCN_CLEAN_BASELINE,CLEAN_NORMAL,NONE,NONE,NORMAL,0,0,,,none,Normal ambient weather telemetry with diurnal solar cycles
43245,Tirupati (AWS021),2026-08-14T22:00:00Z,31.21,61.5,1006.07,SYNTHETIC_SIMULATION,SCN_CLEAN_BASELINE,CLEAN_NORMAL,NONE,NONE,NORMAL,0,0,,,none,Normal ambient weather telemetry with diurnal solar cycles
43245,Tirupati (AWS021),2026-08-14T23:00:00Z,28.51,68.2,1007.08,SYNTHETIC_SIMULATION,SCN_CLEAN_BASELINE,CLEAN_NORMAL,NONE,NONE,NORMAL,0,0,,,none,Normal ambient weather telemetry with diurnal solar cycles
43245,Tirupati (AWS021),2026-08-15T00:00:00Z,27.13,69.2,1007.0,SYNTHETIC_SIMULATION,SCN_CLEAN_BASELINE,CLEAN_NORMAL,NONE,NONE,NORMAL,0,0,,,none,Normal ambient weather telemetry with diurnal solar cycles
43245,Tirupati (AWS021),2026-08-15T01:00:00Z,26.58,72.5,1007.26,SYNTHETIC_SIMULATION,SCN_CLEAN_BASELINE,CLEAN_NORMAL,NONE,NONE,NORMAL,0,0,,,none,Normal ambient weather telemetry with diurnal solar cycles
43245,Tirupati (AWS021),2026-08-15T02:00:00Z,25.17,76.7,1006.89,SYNTHETIC_SIMULATION,SCN_CLEAN_BASELINE,CLEAN_NORMAL,NONE,NONE,NORMAL,0,0,,,none,Normal ambient weather telemetry with diurnal solar cycles
43245,Tirupati (AWS021),2026-08-15T03:00:00Z,25.35,77.4,1006.47,SYNTHETIC_SIMULATION,SCN_CLEAN_BASELINE,CLEAN_NORMAL,NONE,NONE,NORMAL,0,0,,,none,Normal ambient weather telemetry with diurnal solar cycles
43245,Tirupati (AWS021),2026-08-15T04:00:00Z,25.95,71.9,1006.12,SYNTHETIC_SIMULATION,SCN_CLEAN_BASELINE,CLEAN_NORMAL,NONE,NONE,NORMAL,0,0,,,none,Normal ambient weather telemetry with diurnal solar cycles
43245,Tirupati (AWS021),2026-08-15T05:00:00Z,26.48,71.5,1005.49,SYNTHETIC_SIMULATION,SCN_CLEAN_BASELINE,CLEAN_NORMAL,NONE,NONE,NORMAL,0,0,,,none,Normal ambient weather telemetry with diurnal solar cycles
43245,Tirupati (AWS021),2026-08-15T06:00:00Z,28.13,68.1,1005.19,SYNTHETIC_SIMULATION,SCN_CLEAN_BASELINE,CLEAN_NORMAL,NONE,NONE,NORMAL,0,0,,,none,Normal ambient weather telemetry with diurnal solar cycles
43245,Tirupati (AWS021),2026-08-15T07:00:00Z,29.69,61.8,1005.47,SYNTHETIC_SIMULATION,SCN_CLEAN_BASELINE,CLEAN_NORMAL,NONE,NONE,NORMAL,0,0,,,none,Normal ambient weather telemetry with diurnal solar cycles
43245,Tirupati (AWS021),2026-08-15T08:00:00Z,32.34,58.5,1006.01,SYNTHETIC_SIMULATION,SCN_CLEAN_BASELINE,CLEAN_NORMAL,NONE,NONE,NORMAL,0,0,,,none,Normal ambient weather telemetry with diurnal solar cycles
43245,Tirupati (AWS021),2026-08-15T09:00:00Z,33.66,52.5,1006.99,SYNTHETIC_SIMULATION,SCN_CLEAN_BASELINE,CLEAN_NORMAL,NONE,NONE,NORMAL,0,0,,,none,Normal ambient weather telemetry with diurnal solar cycles
43245,Tirupati (AWS021),2026-08-15T10:00:00Z,35.77,47.9,1008.12,SYNTHETIC_SIMULATION,SCN_CLEAN_BASELINE,CLEAN_NORMAL,NONE,NONE,NORMAL,0,0,,,none,Normal ambient weather telemetry with diurnal solar cycles
43245,Tirupati (AWS021),2026-08-15T11:00:00Z,37.12,42.6,1008.74,SYNTHETIC_SIMULATION,SCN_CLEAN_BASELINE,CLEAN_NORMAL,NONE,NONE,NORMAL,0,0,,,none,Normal ambient weather telemetry with diurnal solar cycles
43245,Tirupati (AWS021),2026-08-15T12:00:00Z,38.61,39.9,1008.79,SYNTHETIC_SIMULATION,SCN_CLEAN_BASELINE,CLEAN_NORMAL,NONE,NONE,NORMAL,0,0,,,none,Normal ambient weather telemetry with diurnal solar cycles
43245,Tirupati (AWS021),2026-08-15T13:00:00Z,39.95,33.5,1008.74,SYNTHETIC_SIMULATION,SCN_CLEAN_BASELINE,CLEAN_NORMAL,NONE,NONE,NORMAL,0,0,,,none,Normal ambient weather telemetry with diurnal solar cycles
43245,Tirupati (AWS021),2026-08-15T14:00:00Z,40.18,33.7,1008.53,SYNTHETIC_SIMULATION,SCN_CLEAN_BASELINE,CLEAN_NORMAL,NONE,NONE,NORMAL,0,0,,,none,Normal ambient weather telemetry with diurnal solar cycles
43245,Tirupati (AWS021),2026-08-15T15:00:00Z,39.91,33.5,1007.77,SYNTHETIC_SIMULATION,SCN_CLEAN_BASELINE,CLEAN_NORMAL,NONE,NONE,NORMAL,0,0,,,none,Normal ambient weather telemetry with diurnal solar cycles
43245,Tirupati (AWS021),2026-08-15T16:00:00Z,39.34,35.0,1007.28,SYNTHETIC_SIMULATION,SCN_CLEAN_BASELINE,CLEAN_NORMAL,NONE,NONE,NORMAL,0,0,,,none,Normal ambient weather telemetry with diurnal solar cycles
43245,Tirupati (AWS021),2026-08-15T17:00:00Z,37.87,39.7,1006.84,SYNTHETIC_SIMULATION,SCN_CLEAN_BASELINE,CLEAN_NORMAL,NONE,NONE,NORMAL,0,0,,,none,Normal ambient weather telemetry with diurnal solar cycles
43245,Tirupati (AWS021),2026-08-15T18:00:00Z,37.38,44.2,1006.37,SYNTHETIC_SIMULATION,SCN_CLEAN_BASELINE,CLEAN_NORMAL,NONE,NONE,NORMAL,0,0,,,none,Normal ambient weather telemetry with diurnal solar cycles
43245,Tirupati (AWS021),2026-08-15T19:00:00Z,34.7,49.7,1006.66,SYNTHETIC_SIMULATION,SCN_CLEAN_BASELINE,CLEAN_NORMAL,NONE,NONE,NORMAL,0,0,,,none,Normal ambient weather telemetry with diurnal solar cycles
43245,Tirupati (AWS021),2026-08-15T20:00:00Z,32.89,54.3,1007.22,SYNTHETIC_SIMULATION,SCN_CLEAN_BASELINE,CLEAN_NORMAL,NONE,NONE,NORMAL,0,0,,,none,Normal ambient weather telemetry with diurnal solar cycles
43245,Tirupati (AWS021),2026-08-15T21:00:00Z,31.03,60.6,1008.2,SYNTHETIC_SIMULATION,SCN_CLEAN_BASELINE,CLEAN_NORMAL,NONE,NONE,NORMAL,0,0,,,none,Normal ambient weather telemetry with diurnal solar cycles
43245,Tirupati (AWS021),2026-08-15T22:00:00Z,28.39,65.4,1009.02,SYNTHETIC_SIMULATION,SCN_CLEAN_BASELINE,CLEAN_NORMAL,NONE,NONE,NORMAL,0,0,,,none,Normal ambient weather telemetry with diurnal solar cycles
43245,Tirupati (AWS021),2026-08-15T23:00:00Z,27.3,72.1,1009.44,SYNTHETIC_SIMULATION,SCN_CLEAN_BASELINE,CLEAN_NORMAL,NONE,NONE,NORMAL,0,0,,,none,Normal ambient weather telemetry with diurnal solar cycles
43245,Tirupati (AWS021),2026-08-16T00:00:00Z,25.72,74.4,1009.46,SYNTHETIC_SIMULATION,SCN_CLEAN_BASELINE,CLEAN_NORMAL,NONE,NONE,NORMAL,0,0,,,none,Normal ambient weather telemetry with diurnal solar cycles
43245,Tirupati (AWS021),2026-08-16T01:00:00Z,24.25,76.9,1009.19,SYNTHETIC_SIMULATION,SCN_CLEAN_BASELINE,CLEAN_NORMAL,NONE,NONE,NORMAL,0,0,,,none,Normal ambient weather telemetry with diurnal solar cycles
43245,Tirupati (AWS021),2026-08-16T02:00:00Z,23.71,78.4,1008.89,SYNTHETIC_SIMULATION,SCN_CLEAN_BASELINE,CLEAN_NORMAL,NONE,NONE,NORMAL,0,0,,,none,Normal ambient weather telemetry with diurnal solar cycles
43245,Tirupati (AWS021),2026-08-16T03:00:00Z,24.63,79.9,1008.23,SYNTHETIC_SIMULATION,SCN_CLEAN_BASELINE,CLEAN_NORMAL,NONE,NONE,NORMAL,0,0,,,none,Normal ambient weather telemetry with diurnal solar cycles
43245,Tirupati (AWS021),2026-08-16T04:00:00Z,24.85,77.6,,SYNTHETIC_SIMULATION,SCN_CLEAN_BASELINE,CLEAN_NORMAL,NONE,NONE,NORMAL,0,0,,,none,Normal ambient weather telemetry with diurnal solar cycles
43245,Tirupati (AWS021),2026-08-16T05:00:00Z,26.35,74.5,1006.9,SYNTHETIC_SIMULATION,SCN_CLEAN_BASELINE,CLEAN_NORMAL,NONE,NONE,NORMAL,0,0,,,none,Normal ambient weather telemetry with diurnal solar cycles
43245,Tirupati (AWS021),2026-08-16T06:00:00Z,27.41,72.2,1007.37,SYNTHETIC_SIMULATION,SCN_CLEAN_BASELINE,CLEAN_NORMAL,NONE,NONE,NORMAL,0,0,,,none,Normal ambient weather telemetry with diurnal solar cycles
43245,Tirupati (AWS021),2026-08-16T07:00:00Z,29.43,65.9,1006.94,SYNTHETIC_SIMULATION,SCN_CLEAN_BASELINE,CLEAN_NORMAL,NONE,NONE,NORMAL,0,0,,,none,Normal ambient weather telemetry with diurnal solar cycles
43245,Tirupati (AWS021),2026-08-16T08:00:00Z,30.97,58.6,1007.3,SYNTHETIC_SIMULATION,SCN_CLEAN_BASELINE,CLEAN_NORMAL,NONE,NONE,NORMAL,0,0,,,none,Normal ambient weather telemetry with diurnal solar cycles
43245,Tirupati (AWS021),2026-08-16T09:00:00Z,33.25,55.3,1007.85,SYNTHETIC_SIMULATION,SCN_CLEAN_BASELINE,CLEAN_NORMAL,NONE,NONE,NORMAL,0,0,,,none,Normal ambient weather telemetry with diurnal solar cycles
43245,Tirupati (AWS021),2026-08-16T10:00:00Z,34.46,49.2,1008.53,SYNTHETIC_SIMULATION,SCN_CLEAN_BASELINE,CLEAN_NORMAL,NONE,NONE,NORMAL,0,0,,,none,Normal ambient weather telemetry with diurnal solar cycles
43245,Tirupati (AWS021),2026-08-16T11:00:00Z,36.9,45.1,1009.44,SYNTHETIC_SIMULATION,SCN_CLEAN_BASELINE,CLEAN_NORMAL,NONE,NONE,NORMAL,0,0,,,none,Normal ambient weather telemetry with diurnal solar cycles
43245,Tirupati (AWS021),2026-08-16T12:00:00Z,38.33,39.0,1009.52,SYNTHETIC_SIMULATION,SCN_CLEAN_BASELINE,CLEAN_NORMAL,NONE,NONE,NORMAL,0,0,,,none,Normal ambient weather telemetry with diurnal solar cycles
43245,Tirupati (AWS021),2026-08-16T13:00:00Z,39.4,36.9,1008.97,SYNTHETIC_SIMULATION,SCN_CLEAN_BASELINE,CLEAN_NORMAL,NONE,NONE,NORMAL,0,0,,,none,Normal ambient weather telemetry with diurnal solar cycles
43245,Tirupati (AWS021),2026-08-16T14:00:00Z,39.85,33.9,1008.82,SYNTHETIC_SIMULATION,SCN_CLEAN_BASELINE,CLEAN_NORMAL,NONE,NONE,NORMAL,0,0,,,none,Normal ambient weather telemetry with diurnal solar cycles
43245,Tirupati (AWS021),2026-08-16T15:00:00Z,39.92,34.4,1007.57,SYNTHETIC_SIMULATION,SCN_CLEAN_BASELINE,CLEAN_NORMAL,NONE,NONE,NORMAL,0,0,,,none,Normal ambient weather telemetry with diurnal solar cycles
43245,Tirupati (AWS021),2026-08-16T16:00:00Z,39.36,36.4,1006.92,SYNTHETIC_SIMULATION,SCN_CLEAN_BASELINE,CLEAN_NORMAL,NONE,NONE,NORMAL,0,0,,,none,Normal ambient weather telemetry with diurnal solar cycles
43245,Tirupati (AWS021),2026-08-16T17:00:00Z,38.99,37.9,1006.2,SYNTHETIC_SIMULATION,SCN_CLEAN_BASELINE,CLEAN_NORMAL,NONE,NONE,NORMAL,0,0,,,none,Normal ambient weather telemetry with diurnal solar cycles
43245,Tirupati (AWS021),2026-08-16T18:00:00Z,37.29,43.5,1006.32,SYNTHETIC_SIMULATION,SCN_CLEAN_BASELINE,CLEAN_NORMAL,NONE,NONE,NORMAL,0,0,,,none,Normal ambient weather telemetry with diurnal solar cycles
43245,Tirupati (AWS021),2026-08-16T19:00:00Z,35.58,48.5,1005.74,SYNTHETIC_SIMULATION,SCN_CLEAN_BASELINE,CLEAN_NORMAL,NONE,NONE,NORMAL,0,0,,,none,Normal ambient weather telemetry with diurnal solar cycles
43245,Tirupati (AWS021),2026-08-16T20:00:00Z,33.0,51.9,1006.3,SYNTHETIC_SIMULATION,SCN_CLEAN_BASELINE,CLEAN_NORMAL,NONE,NONE,NORMAL,0,0,,,none,Normal ambient weather telemetry with diurnal solar cycles
43245,Tirupati (AWS021),2026-08-16T21:00:00Z,32.4,59.5,1007.29,SYNTHETIC_SIMULATION,SCN_CLEAN_BASELINE,CLEAN_NORMAL,NONE,NONE,NORMAL,0,0,,,none,Normal ambient weather telemetry with diurnal solar cycles
43245,Tirupati (AWS021),2026-08-16T22:00:00Z,29.54,63.2,1007.48,SYNTHETIC_SIMULATION,SCN_CLEAN_BASELINE,CLEAN_NORMAL,NONE,NONE,NORMAL,0,0,,,none,Normal ambient weather telemetry with diurnal solar cycles
43245,Tirupati (AWS021),2026-08-16T23:00:00Z,28.16,72.0,1007.97,SYNTHETIC_SIMULATION,SCN_CLEAN_BASELINE,CLEAN_NORMAL,NONE,NONE,NORMAL,0,0,,,none,Normal ambient weather telemetry with diurnal solar cycles
43245,Tirupati (AWS021),2026-08-17T00:00:00Z,27.18,71.8,1008.49,SYNTHETIC_SIMULATION,SCN_CLEAN_BASELINE,CLEAN_NORMAL,NONE,NONE,NORMAL,0,0,,,none,Normal ambient weather telemetry with diurnal solar cycles
43245,Tirupati (AWS021),2026-08-17T01:00:00Z,26.14,76.8,1007.37,SYNTHETIC_SIMULATION,SCN_CLEAN_BASELINE,CLEAN_NORMAL,NONE,NONE,NORMAL,0,0,,,none,Normal ambient weather telemetry with diurnal solar cycles
43245,Tirupati (AWS021),2026-08-17T02:00:00Z,25.25,78.4,1007.33,SYNTHETIC_SIMULATION,SCN_CLEAN_BASELINE,CLEAN_NORMAL,NONE,NONE,NORMAL,0,0,,,none,Normal ambient weather telemetry with diurnal solar cycles
43245,Tirupati (AWS021),2026-08-17T03:00:00Z,25.97,75.6,1006.41,SYNTHETIC_SIMULATION,SCN_CLEAN_BASELINE,CLEAN_NORMAL,NONE,NONE,NORMAL,0,0,,,none,Normal ambient weather telemetry with diurnal solar cycles
43245,Tirupati (AWS021),2026-08-17T04:00:00Z,25.99,74.5,1005.6,SYNTHETIC_SIMULATION,SCN_CLEAN_BASELINE,CLEAN_NORMAL,NONE,NONE,NORMAL,0,0,,,none,Normal ambient weather telemetry with diurnal solar cycles
43245,Tirupati (AWS021),2026-08-17T05:00:00Z,26.88,71.6,1004.89,SYNTHETIC_SIMULATION,SCN_CLEAN_BASELINE,CLEAN_NORMAL,NONE,NONE,NORMAL,0,0,,,none,Normal ambient weather telemetry with diurnal solar cycles
43245,Tirupati (AWS021),2026-08-17T06:00:00Z,28.61,66.2,1004.19,SYNTHETIC_SIMULATION,SCN_CLEAN_BASELINE,CLEAN_NORMAL,NONE,NONE,NORMAL,0,0,,,none,Normal ambient weather telemetry with diurnal solar cycles
43245,Tirupati (AWS021),2026-08-17T07:00:00Z,31.22,63.1,1004.33,SYNTHETIC_SIMULATION,SCN_CLEAN_BASELINE,CLEAN_NORMAL,NONE,NONE,NORMAL,0,0,,,none,Normal ambient weather telemetry with diurnal solar cycles
43245,Tirupati (AWS021),2026-08-17T08:00:00Z,33.22,54.7,1004.69,SYNTHETIC_SIMULATION,SCN_CLEAN_BASELINE,CLEAN_NORMAL,NONE,NONE,NORMAL,0,0,,,none,Normal ambient weather telemetry with diurnal solar cycles
43245,Tirupati (AWS021),2026-08-17T09:00:00Z,35.23,49.3,1005.25,SYNTHETIC_SIMULATION,SCN_CLEAN_BASELINE,CLEAN_NORMAL,NONE,NONE,NORMAL,0,0,,,none,Normal ambient weather telemetry with diurnal solar cycles
43245,Tirupati (AWS021),2026-08-17T10:00:00Z,37.04,44.2,1005.93,SYNTHETIC_SIMULATION,SCN_CLEAN_BASELINE,CLEAN_NORMAL,NONE,NONE,NORMAL,0,0,,,none,Normal ambient weather telemetry with diurnal solar cycles
43245,Tirupati (AWS021),2026-08-17T11:00:00Z,38.44,39.8,1006.34,SYNTHETIC_SIMULATION,SCN_CLEAN_BASELINE,CLEAN_NORMAL,NONE,NONE,NORMAL,0,0,,,none,Normal ambient weather telemetry with diurnal solar cycles
43245,Tirupati (AWS021),2026-08-17T12:00:00Z,40.06,34.2,1006.3,SYNTHETIC_SIMULATION,SCN_CLEAN_BASELINE,CLEAN_NORMAL,NONE,NONE,NORMAL,0,0,,,none,Normal ambient weather telemetry with diurnal solar cycles
43245,Tirupati (AWS021),2026-08-17T13:00:00Z,41.3,32.8,1005.41,SYNTHETIC_SIMULATION,SCN_CLEAN_BASELINE,CLEAN_NORMAL,NONE,NONE,NORMAL,0,0,,,none,Normal ambient weather telemetry with diurnal solar cycles
43245,Tirupati (AWS021),2026-08-17T14:00:00Z,42.39,29.4,1005.11,SYNTHETIC_SIMULATION,SCN_CLEAN_BASELINE,CLEAN_NORMAL,NONE,NONE,NORMAL,0,0,,,none,Normal ambient weather telemetry with diurnal solar cycles
43245,Tirupati (AWS021),2026-08-17T15:00:00Z,42.21,28.4,1004.7,SYNTHETIC_SIMULATION,SCN_CLEAN_BASELINE,CLEAN_NORMAL,NONE,NONE,NORMAL,0,0,,,none,Normal ambient weather telemetry with diurnal solar cycles
43245,Tirupati (AWS021),2026-08-17T16:00:00Z,41.79,29.1,1003.57,SYNTHETIC_SIMULATION,SCN_CLEAN_BASELINE,CLEAN_NORMAL,NONE,NONE,NORMAL,0,0,,,none,Normal ambient weather telemetry with diurnal solar cycles
43245,Tirupati (AWS021),2026-08-17T17:00:00Z,40.25,32.3,1002.63,SYNTHETIC_SIMULATION,SCN_CLEAN_BASELINE,CLEAN_NORMAL,NONE,NONE,NORMAL,0,0,,,none,Normal ambient weather telemetry with diurnal solar cycles
43245,Tirupati (AWS021),2026-08-17T18:00:00Z,39.34,36.6,1002.64,SYNTHETIC_SIMULATION,SCN_CLEAN_BASELINE,CLEAN_NORMAL,NONE,NONE,NORMAL,0,0,,,none,Normal ambient weather telemetry with diurnal solar cycles
43245,Tirupati (AWS021),2026-08-17T19:00:00Z,37.96,41.3,1003.13,SYNTHETIC_SIMULATION,SCN_CLEAN_BASELINE,CLEAN_NORMAL,NONE,NONE,NORMAL,0,0,,,none,Normal ambient weather telemetry with diurnal solar cycles
43245,Tirupati (AWS021),2026-08-17T20:00:00Z,36.03,45.5,1002.7,SYNTHETIC_SIMULATION,SCN_CLEAN_BASELINE,CLEAN_NORMAL,NONE,NONE,NORMAL,0,0,,,none,Normal ambient weather telemetry with diurnal solar cycles
43245,Tirupati (AWS021),2026-08-17T21:00:00Z,33.91,53.5,1003.33,SYNTHETIC_SIMULATION,SCN_CLEAN_BASELINE,CLEAN_NORMAL,NONE,NONE,NORMAL,0,0,,,none,Normal ambient weather telemetry with diurnal solar cycles
43245,Tirupati (AWS021),2026-08-17T22:00:00Z,31.55,57.4,1003.95,SYNTHETIC_SIMULATION,SCN_CLEAN_BASELINE,CLEAN_NORMAL,NONE,NONE,NORMAL,0,0,,,none,Normal ambient weather telemetry with diurnal solar cycles
43245,Tirupati (AWS021),2026-08-17T23:00:00Z,30.56,62.2,1003.95,SYNTHETIC_SIMULATION,SCN_CLEAN_BASELINE,CLEAN_NORMAL,NONE,NONE,NORMAL,0,0,,,none,Normal ambient weather telemetry with diurnal solar cycles
43245,Tirupati (AWS021),2026-08-18T00:00:00Z,28.61,67.4,1004.34,SYNTHETIC_SIMULATION,SCN_CLEAN_BASELINE,CLEAN_NORMAL,NONE,NONE,NORMAL,0,0,,,none,Normal ambient weather telemetry with diurnal solar cycles
43245,Tirupati (AWS021),2026-08-18T01:00:00Z,27.68,67.4,1004.25,SYNTHETIC_SIMULATION,SCN_CLEAN_BASELINE,CLEAN_NORMAL,NONE,NONE,NORMAL,0,0,,,none,Normal ambient weather telemetry with diurnal solar cycles
43245,Tirupati (AWS021),2026-08-18T02:00:00Z,27.59,69.4,1003.15,SYNTHETIC_SIMULATION,SCN_CLEAN_BASELINE,CLEAN_NORMAL,NONE,NONE,NORMAL,0,0,,,none,Normal ambient weather telemetry with diurnal solar cycles
43245,Tirupati (AWS021),2026-08-18T03:00:00Z,28.06,69.9,1002.58,SYNTHETIC_SIMULATION,SCN_CLEAN_BASELINE,CLEAN_NORMAL,NONE,NONE,NORMAL,0,0,,,none,Normal ambient weather telemetry with diurnal solar cycles
43245,Tirupati (AWS021),2026-08-18T04:00:00Z,27.71,68.1,1001.53,SYNTHETIC_SIMULATION,SCN_CLEAN_BASELINE,CLEAN_NORMAL,NONE,NONE,NORMAL,0,0,,,none,Normal ambient weather telemetry with diurnal solar cycles
43245,Tirupati (AWS021),2026-08-18T05:00:00Z,30.11,66.2,1001.13,SYNTHETIC_SIMULATION,SCN_CLEAN_BASELINE,CLEAN_NORMAL,NONE,NONE,NORMAL,0,0,,,none,Normal ambient weather telemetry with diurnal solar cycles
43245,Tirupati (AWS021),2026-08-18T06:00:00Z,30.96,60.8,1000.55,SYNTHETIC_SIMULATION,SCN_CLEAN_BASELINE,CLEAN_NORMAL,NONE,NONE,NORMAL,0,0,,,none,Normal ambient weather telemetry with diurnal solar cycles
43245,Tirupati (AWS021),2026-08-18T07:00:00Z,33.31,55.6,1000.81,SYNTHETIC_SIMULATION,SCN_CLEAN_BASELINE,CLEAN_NORMAL,NONE,NONE,NORMAL,0,0,,,none,Normal ambient weather telemetry with diurnal solar cycles
43245,Tirupati (AWS021),2026-08-18T08:00:00Z,35.36,52.2,1001.24,SYNTHETIC_SIMULATION,SCN_CLEAN_BASELINE,CLEAN_NORMAL,NONE,NONE,NORMAL,0,0,,,none,Normal ambient weather telemetry with diurnal solar cycles
43245,Tirupati (AWS021),2026-08-18T09:00:00Z,36.42,42.0,1002.09,SYNTHETIC_SIMULATION,SCN_CLEAN_BASELINE,CLEAN_NORMAL,NONE,NONE,NORMAL,0,0,,,none,Normal ambient weather telemetry with diurnal solar cycles
43245,Tirupati (AWS021),2026-08-18T10:00:00Z,38.86,38.6,1002.31,SYNTHETIC_SIMULATION,SCN_CLEAN_BASELINE,CLEAN_NORMAL,NONE,NONE,NORMAL,0,0,,,none,Normal ambient weather telemetry with diurnal solar cycles
43245,Tirupati (AWS021),2026-08-18T11:00:00Z,40.59,35.0,1002.7,SYNTHETIC_SIMULATION,SCN_CLEAN_BASELINE,CLEAN_NORMAL,NONE,NONE,NORMAL,0,0,,,none,Normal ambient weather telemetry with diurnal solar cycles
43245,Tirupati (AWS021),2026-08-18T12:00:00Z,42.47,31.5,1003.07,SYNTHETIC_SIMULATION,SCN_CLEAN_BASELINE,CLEAN_NORMAL,NONE,NONE,NORMAL,0,0,,,none,Normal ambient weather telemetry with diurnal solar cycles
43245,Tirupati (AWS021),2026-08-18T13:00:00Z,43.63,26.7,1002.66,SYNTHETIC_SIMULATION,SCN_CLEAN_BASELINE,CLEAN_NORMAL,NONE,NONE,NORMAL,0,0,,,none,Normal ambient weather telemetry with diurnal solar cycles
43245,Tirupati (AWS021),2026-08-18T14:00:00Z,43.88,26.0,1002.04,SYNTHETIC_SIMULATION,SCN_CLEAN_BASELINE,CLEAN_NORMAL,NONE,NONE,NORMAL,0,0,,,none,Normal ambient weather telemetry with diurnal solar cycles
43245,Tirupati (AWS021),2026-08-18T15:00:00Z,44.12,26.9,1001.72,SYNTHETIC_SIMULATION,SCN_CLEAN_BASELINE,CLEAN_NORMAL,NONE,NONE,NORMAL,0,0,,,none,Normal ambient weather telemetry with diurnal solar cycles
43245,Tirupati (AWS021),2026-08-18T16:00:00Z,43.16,25.6,1001.04,SYNTHETIC_SIMULATION,SCN_CLEAN_BASELINE,CLEAN_NORMAL,NONE,NONE,NORMAL,0,0,,,none,Normal ambient weather telemetry with diurnal solar cycles
43245,Tirupati (AWS021),2026-08-18T17:00:00Z,42.95,28.7,1000.22,SYNTHETIC_SIMULATION,SCN_CLEAN_BASELINE,CLEAN_NORMAL,NONE,NONE,NORMAL,0,0,,,none,Normal ambient weather telemetry with diurnal solar cycles
43245,Tirupati (AWS021),2026-08-18T18:00:00Z,41.34,32.9,1000.13,SYNTHETIC_SIMULATION,SCN_CLEAN_BASELINE,CLEAN_NORMAL,NONE,NONE,NORMAL,0,0,,,none,Normal ambient weather telemetry with diurnal solar cycles
43245,Tirupati (AWS021),2026-08-18T19:00:00Z,39.8,38.6,999.56,SYNTHETIC_SIMULATION,SCN_CLEAN_BASELINE,CLEAN_NORMAL,NONE,NONE,NORMAL,0,0,,,none,Normal ambient weather telemetry with diurnal solar cycles
43245,Tirupati (AWS021),2026-08-18T20:00:00Z,36.81,43.2,1000.99,SYNTHETIC_SIMULATION,SCN_CLEAN_BASELINE,CLEAN_NORMAL,NONE,NONE,NORMAL,0,0,,,none,Normal ambient weather telemetry with diurnal solar cycles
43245,Tirupati (AWS021),2026-08-18T21:00:00Z,36.11,50.0,1001.37,SYNTHETIC_SIMULATION,SCN_CLEAN_BASELINE,CLEAN_NORMAL,NONE,NONE,NORMAL,0,0,,,none,Normal ambient weather telemetry with diurnal solar cycles
43245,Tirupati (AWS021),2026-08-18T22:00:00Z,33.43,54.6,1002.31,SYNTHETIC_SIMULATION,SCN_CLEAN_BASELINE,CLEAN_NORMAL,NONE,NONE,NORMAL,0,0,,,none,Normal ambient weather telemetry with diurnal solar cycles
43245,Tirupati (AWS021),2026-08-18T23:00:00Z,31.1,60.2,1002.92,SYNTHETIC_SIMULATION,SCN_CLEAN_BASELINE,CLEAN_NORMAL,NONE,NONE,NORMAL,0,0,,,none,Normal ambient weather telemetry with diurnal solar cycles
43245,Tirupati (AWS021),2026-08-19T00:00:00Z,30.78,63.2,1002.89,SYNTHETIC_SIMULATION,SCN_CLEAN_BASELINE,CLEAN_NORMAL,NONE,NONE,NORMAL,0,0,,,none,Normal ambient weather telemetry with diurnal solar cycles
43245,Tirupati (AWS021),2026-08-19T01:00:00Z,28.51,66.7,1002.37,SYNTHETIC_SIMULATION,SCN_CLEAN_BASELINE,CLEAN_NORMAL,NONE,NONE,NORMAL,0,0,,,none,Normal ambient weather telemetry with diurnal solar cycles
43245,Tirupati (AWS021),2026-08-19T02:00:00Z,28.69,66.9,1002.06,SYNTHETIC_SIMULATION,SCN_CLEAN_BASELINE,CLEAN_NORMAL,NONE,NONE,NORMAL,0,0,,,none,Normal ambient weather telemetry with diurnal solar cycles
43245,Tirupati (AWS021),2026-08-19T03:00:00Z,28.45,68.3,1001.77,SYNTHETIC_SIMULATION,SCN_CLEAN_BASELINE,CLEAN_NORMAL,NONE,NONE,NORMAL,0,0,,,none,Normal ambient weather telemetry with diurnal solar cycles
43245,Tirupati (AWS021),2026-08-19T04:00:00Z,29.1,66.5,1000.55,SYNTHETIC_SIMULATION,SCN_CLEAN_BASELINE,CLEAN_NORMAL,NONE,NONE,NORMAL,0,0,,,none,Normal ambient weather telemetry with diurnal solar cycles
43245,Tirupati (AWS021),2026-08-19T05:00:00Z,30.42,64.2,1000.14,SYNTHETIC_SIMULATION,SCN_CLEAN_BASELINE,CLEAN_NORMAL,NONE,NONE,NORMAL,0,0,,,none,Normal ambient weather telemetry with diurnal solar cycles
43245,Tirupati (AWS021),2026-08-19T06:00:00Z,30.97,60.3,1000.48,SYNTHETIC_SIMULATION,SCN_CLEAN_BASELINE,CLEAN_NORMAL,NONE,NONE,NORMAL,0,0,,,none,Normal ambient weather telemetry with diurnal solar cycles
43245,Tirupati (AWS021),2026-08-19T07:00:00Z,33.17,53.2,1000.84,SYNTHETIC_SIMULATION,SCN_CLEAN_BASELINE,CLEAN_NORMAL,NONE,NONE,NORMAL,0,0,,,none,Normal ambient weather telemetry with diurnal solar cycles
43245,Tirupati (AWS021),2026-08-19T08:00:00Z,35.45,49.1,1001.21,SYNTHETIC_SIMULATION,SCN_CLEAN_BASELINE,CLEAN_NORMAL,NONE,NONE,NORMAL,0,0,,,none,Normal ambient weather telemetry with diurnal solar cycles
43245,Tirupati (AWS021),2026-08-19T09:00:00Z,36.8,44.4,1001.68,SYNTHETIC_SIMULATION,SCN_CLEAN_BASELINE,CLEAN_NORMAL,NONE,NONE,NORMAL,0,0,,,none,Normal ambient weather telemetry with diurnal solar cycles
43245,Tirupati (AWS021),2026-08-19T10:00:00Z,39.06,39.4,1002.64,SYNTHETIC_SIMULATION,SCN_CLEAN_BASELINE,CLEAN_NORMAL,NONE,NONE,NORMAL,0,0,,,none,Normal ambient weather telemetry with diurnal solar cycles
43245,Tirupati (AWS021),2026-08-19T11:00:00Z,40.84,34.1,1003.3,SYNTHETIC_SIMULATION,SCN_CLEAN_BASELINE,CLEAN_NORMAL,NONE,NONE,NORMAL,0,0,,,none,Normal ambient weather telemetry with diurnal solar cycles
43245,Tirupati (AWS021),2026-08-19T12:00:00Z,41.99,29.2,1003.36,SYNTHETIC_SIMULATION,SCN_CLEAN_BASELINE,CLEAN_NORMAL,NONE,NONE,NORMAL,0,0,,,none,Normal ambient weather telemetry with diurnal solar cycles
43245,Tirupati (AWS021),2026-08-19T13:00:00Z,42.98,26.6,1003.43,SYNTHETIC_SIMULATION,SCN_CLEAN_BASELINE,CLEAN_NORMAL,NONE,NONE,NORMAL,0,0,,,none,Normal ambient weather telemetry with diurnal solar cycles
43245,Tirupati (AWS021),2026-08-19T14:00:00Z,43.6,26.3,1003.1,SYNTHETIC_SIMULATION,SCN_CLEAN_BASELINE,CLEAN_NORMAL,NONE,NONE,NORMAL,0,0,,,none,Normal ambient weather telemetry with diurnal solar cycles
43245,Tirupati (AWS021),2026-08-19T15:00:00Z,43.49,27.6,1002.39,SYNTHETIC_SIMULATION,SCN_CLEAN_BASELINE,CLEAN_NORMAL,NONE,NONE,NORMAL,0,0,,,none,Normal ambient weather telemetry with diurnal solar cycles
43245,Tirupati (AWS021),2026-08-19T16:00:00Z,42.58,28.3,1001.62,SYNTHETIC_SIMULATION,SCN_CLEAN_BASELINE,CLEAN_NORMAL,NONE,NONE,NORMAL,0,0,,,none,Normal ambient weather telemetry with diurnal solar cycles
43245,Tirupati (AWS021),2026-08-19T17:00:00Z,42.05,30.6,1001.56,SYNTHETIC_SIMULATION,SCN_CLEAN_BASELINE,CLEAN_NORMAL,NONE,NONE,NORMAL,0,0,,,none,Normal ambient weather telemetry with diurnal solar cycles
43245,Tirupati (AWS021),2026-08-19T18:00:00Z,39.79,34.7,1001.37,SYNTHETIC_SIMULATION,SCN_CLEAN_BASELINE,CLEAN_NORMAL,NONE,NONE,NORMAL,0,0,,,none,Normal ambient weather telemetry with diurnal solar cycles
43245,Tirupati (AWS021),2026-08-19T19:00:00Z,38.64,39.9,1001.89,SYNTHETIC_SIMULATION,SCN_CLEAN_BASELINE,CLEAN_NORMAL,NONE,NONE,NORMAL,0,0,,,none,Normal ambient weather telemetry with diurnal solar cycles
43245,Tirupati (AWS021),2026-08-19T20:00:00Z,36.05,47.1,1002.15,SYNTHETIC_SIMULATION,SCN_CLEAN_BASELINE,CLEAN_NORMAL,NONE,NONE,NORMAL,0,0,,,none,Normal ambient weather telemetry with diurnal solar cycles
43245,Tirupati (AWS021),2026-08-19T21:00:00Z,34.16,52.0,1003.76,SYNTHETIC_SIMULATION,SCN_CLEAN_BASELINE,CLEAN_NORMAL,NONE,NONE,NORMAL,0,0,,,none,Normal ambient weather telemetry with diurnal solar cycles
43245,Tirupati (AWS021),2026-08-19T22:00:00Z,32.21,57.3,1004.12,SYNTHETIC_SIMULATION,SCN_CLEAN_BASELINE,CLEAN_NORMAL,NONE,NONE,NORMAL,0,0,,,none,Normal ambient weather telemetry with diurnal solar cycles
43245,Tirupati (AWS021),2026-08-19T23:00:00Z,29.82,63.2,1004.96,SYNTHETIC_SIMULATION,SCN_CLEAN_BASELINE,CLEAN_NORMAL,NONE,NONE,NORMAL,0,0,,,none,Normal ambient weather telemetry with diurnal solar cycles
43245,Tirupati (AWS021),2026-08-20T00:00:00Z,28.72,68.0,1005.14,SYNTHETIC_SIMULATION,SCN_CLEAN_BASELINE,CLEAN_NORMAL,NONE,NONE,NORMAL,0,0,,,none,Normal ambient weather telemetry with diurnal solar cycles
43245,Tirupati (AWS021),2026-08-20T01:00:00Z,27.08,70.8,1005.44,SYNTHETIC_SIMULATION,SCN_CLEAN_BASELINE,CLEAN_NORMAL,NONE,NONE,NORMAL,0,0,,,none,Normal ambient weather telemetry with diurnal solar cycles
43245,Tirupati (AWS021),2026-08-20T02:00:00Z,27.1,,1005.02,SYNTHETIC_SIMULATION,SCN_CLEAN_BASELINE,CLEAN_NORMAL,NONE,NONE,NORMAL,0,0,,,none,Normal ambient weather telemetry with diurnal solar cycles
43245,Tirupati (AWS021),2026-08-20T03:00:00Z,26.66,72.1,1004.54,SYNTHETIC_SIMULATION,SCN_CLEAN_BASELINE,CLEAN_NORMAL,NONE,NONE,NORMAL,0,0,,,none,Normal ambient weather telemetry with diurnal solar cycles
43245,Tirupati (AWS021),2026-08-20T04:00:00Z,27.5,71.7,1003.87,SYNTHETIC_SIMULATION,SCN_CLEAN_BASELINE,CLEAN_NORMAL,NONE,NONE,NORMAL,0,0,,,none,Normal ambient weather telemetry with diurnal solar cycles
43245,Tirupati (AWS021),2026-08-20T05:00:00Z,28.0,70.1,1003.35,SYNTHETIC_SIMULATION,SCN_CLEAN_BASELINE,CLEAN_NORMAL,NONE,NONE,NORMAL,0,0,,,none,Normal ambient weather telemetry with diurnal solar cycles
43245,Tirupati (AWS021),2026-08-20T06:00:00Z,28.91,65.0,1003.37,SYNTHETIC_SIMULATION,SCN_CLEAN_BASELINE,CLEAN_NORMAL,NONE,NONE,NORMAL,0,0,,,none,Normal ambient weather telemetry with diurnal solar cycles
43245,Tirupati (AWS021),2026-08-20T07:00:00Z,30.92,60.5,1003.94,SYNTHETIC_SIMULATION,SCN_CLEAN_BASELINE,CLEAN_NORMAL,NONE,NONE,NORMAL,0,0,,,none,Normal ambient weather telemetry with diurnal solar cycles
43245,Tirupati (AWS021),2026-08-20T08:00:00Z,32.88,55.6,1004.47,SYNTHETIC_SIMULATION,SCN_CLEAN_BASELINE,CLEAN_NORMAL,NONE,NONE,NORMAL,0,0,,,none,Normal ambient weather telemetry with diurnal solar cycles
43245,Tirupati (AWS021),2026-08-20T09:00:00Z,34.37,49.6,1005.41,SYNTHETIC_SIMULATION,SCN_CLEAN_BASELINE,CLEAN_NORMAL,NONE,NONE,NORMAL,0,0,,,none,Normal ambient weather telemetry with diurnal solar cycles
43245,Tirupati (AWS021),2026-08-20T10:00:00Z,36.94,43.0,1006.37,SYNTHETIC_SIMULATION,SCN_CLEAN_BASELINE,CLEAN_NORMAL,NONE,NONE,NORMAL,0,0,,,none,Normal ambient weather telemetry with diurnal solar cycles
43245,Tirupati (AWS021),2026-08-20T11:00:00Z,38.35,39.6,1006.72,SYNTHETIC_SIMULATION,SCN_CLEAN_BASELINE,CLEAN_NORMAL,NONE,NONE,NORMAL,0,0,,,none,Normal ambient weather telemetry with diurnal solar cycles
43245,Tirupati (AWS021),2026-08-20T12:00:00Z,39.99,34.3,1007.43,SYNTHETIC_SIMULATION,SCN_CLEAN_BASELINE,CLEAN_NORMAL,NONE,NONE,NORMAL,0,0,,,none,Normal ambient weather telemetry with diurnal solar cycles
43245,Tirupati (AWS021),2026-08-20T13:00:00Z,39.96,31.9,1007.09,SYNTHETIC_SIMULATION,SCN_CLEAN_BASELINE,CLEAN_NORMAL,NONE,NONE,NORMAL,0,0,,,none,Normal ambient weather telemetry with diurnal solar cycles
43245,Tirupati (AWS021),2026-08-20T14:00:00Z,41.1,33.6,1006.65,SYNTHETIC_SIMULATION,SCN_CLEAN_BASELINE,CLEAN_NORMAL,NONE,NONE,NORMAL,0,0,,,none,Normal ambient weather telemetry with diurnal solar cycles
43245,Tirupati (AWS021),2026-08-20T15:00:00Z,41.63,32.2,1006.3,SYNTHETIC_SIMULATION,SCN_CLEAN_BASELINE,CLEAN_NORMAL,NONE,NONE,NORMAL,0,0,,,none,Normal ambient weather telemetry with diurnal solar cycles
43245,Tirupati (AWS021),2026-08-20T16:00:00Z,40.52,34.7,1005.51,SYNTHETIC_SIMULATION,SCN_CLEAN_BASELINE,CLEAN_NORMAL,NONE,NONE,NORMAL,0,0,,,none,Normal ambient weather telemetry with diurnal solar cycles
43245,Tirupati (AWS021),2026-08-20T17:00:00Z,38.73,37.7,1005.31,SYNTHETIC_SIMULATION,SCN_CLEAN_BASELINE,CLEAN_NORMAL,NONE,NONE,NORMAL,0,0,,,none,Normal ambient weather telemetry with diurnal solar cycles
43245,Tirupati (AWS021),2026-08-20T18:00:00Z,37.68,42.3,1005.55,SYNTHETIC_SIMULATION,SCN_CLEAN_BASELINE,CLEAN_NORMAL,NONE,NONE,NORMAL,0,0,,,none,Normal ambient weather telemetry with diurnal solar cycles
43245,Tirupati (AWS021),2026-08-20T19:00:00Z,35.99,46.7,1005.67,SYNTHETIC_SIMULATION,SCN_CLEAN_BASELINE,CLEAN_NORMAL,NONE,NONE,NORMAL,0,0,,,none,Normal ambient weather telemetry with diurnal solar cycles
43245,Tirupati (AWS021),2026-08-20T20:00:00Z,34.03,52.2,1006.05,SYNTHETIC_SIMULATION,SCN_CLEAN_BASELINE,CLEAN_NORMAL,NONE,NONE,NORMAL,0,0,,,none,Normal ambient weather telemetry with diurnal solar cycles
43245,Tirupati (AWS021),2026-08-20T21:00:00Z,31.87,57.1,1007.33,SYNTHETIC_SIMULATION,SCN_CLEAN_BASELINE,CLEAN_NORMAL,NONE,NONE,NORMAL,0,0,,,none,Normal ambient weather telemetry with diurnal solar cycles
43245,Tirupati (AWS021),2026-08-20T22:00:00Z,29.9,64.4,1008.04,SYNTHETIC_SIMULATION,SCN_CLEAN_BASELINE,CLEAN_NORMAL,NONE,NONE,NORMAL,0,0,,,none,Normal ambient weather telemetry with diurnal solar cycles
43245,Tirupati (AWS021),2026-08-20T23:00:00Z,27.71,69.1,1008.65,SYNTHETIC_SIMULATION,SCN_CLEAN_BASELINE,CLEAN_NORMAL,NONE,NONE,NORMAL,0,0,,,none,Normal ambient weather telemetry with diurnal solar cycles
43245,Tirupati (AWS021),2026-08-21T00:00:00Z,25.8,73.5,1008.78,SYNTHETIC_SIMULATION,SCN_CLEAN_BASELINE,CLEAN_NORMAL,NONE,NONE,NORMAL,0,0,,,none,Normal ambient weather telemetry with diurnal solar cycles
43245,Tirupati (AWS021),2026-08-21T01:00:00Z,24.92,76.9,1008.45,SYNTHETIC_SIMULATION,SCN_CLEAN_BASELINE,CLEAN_NORMAL,NONE,NONE,NORMAL,0,0,,,none,Normal ambient weather telemetry with diurnal solar cycles
43245,Tirupati (AWS021),2026-08-21T02:00:00Z,24.77,77.8,1009.0,SYNTHETIC_SIMULATION,SCN_CLEAN_BASELINE,CLEAN_NORMAL,NONE,NONE,NORMAL,0,0,,,none,Normal ambient weather telemetry with diurnal solar cycles
43245,Tirupati (AWS021),2026-08-21T03:00:00Z,24.75,77.5,1007.65,SYNTHETIC_SIMULATION,SCN_CLEAN_BASELINE,CLEAN_NORMAL,NONE,NONE,NORMAL,0,0,,,none,Normal ambient weather telemetry with diurnal solar cycles
43245,Tirupati (AWS021),2026-08-21T04:00:00Z,24.27,75.7,1007.21,SYNTHETIC_SIMULATION,SCN_CLEAN_BASELINE,CLEAN_NORMAL,NONE,NONE,NORMAL,0,0,,,none,Normal ambient weather telemetry with diurnal solar cycles
43245,Tirupati (AWS021),2026-08-21T05:00:00Z,25.6,73.9,1006.65,SYNTHETIC_SIMULATION,SCN_CLEAN_BASELINE,CLEAN_NORMAL,NONE,NONE,NORMAL,0,0,,,none,Normal ambient weather telemetry with diurnal solar cycles
43245,Tirupati (AWS021),2026-08-21T06:00:00Z,26.84,69.5,1006.45,SYNTHETIC_SIMULATION,SCN_CLEAN_BASELINE,CLEAN_NORMAL,NONE,NONE,NORMAL,0,0,,,none,Normal ambient weather telemetry with diurnal solar cycles
43245,Tirupati (AWS021),2026-08-21T07:00:00Z,28.7,67.1,1006.87,SYNTHETIC_SIMULATION,SCN_CLEAN_BASELINE,CLEAN_NORMAL,NONE,NONE,NORMAL,0,0,,,none,Normal ambient weather telemetry with diurnal solar cycles
43245,Tirupati (AWS021),2026-08-21T08:00:00Z,30.54,62.9,1007.53,SYNTHETIC_SIMULATION,SCN_CLEAN_BASELINE,CLEAN_NORMAL,NONE,NONE,NORMAL,0,0,,,none,Normal ambient weather telemetry with diurnal solar cycles
43245,Tirupati (AWS021),2026-08-21T09:00:00Z,32.59,53.1,1008.5,SYNTHETIC_SIMULATION,SCN_CLEAN_BASELINE,CLEAN_NORMAL,NONE,NONE,NORMAL,0,0,,,none,Normal ambient weather telemetry with diurnal solar cycles
43245,Tirupati (AWS021),2026-08-21T10:00:00Z,35.3,48.8,1008.78,SYNTHETIC_SIMULATION,SCN_CLEAN_BASELINE,CLEAN_NORMAL,NONE,NONE,NORMAL,0,0,,,none,Normal ambient weather telemetry with diurnal solar cycles
43245,Tirupati (AWS021),2026-08-21T11:00:00Z,36.59,43.8,1009.52,SYNTHETIC_SIMULATION,SCN_CLEAN_BASELINE,CLEAN_NORMAL,NONE,NONE,NORMAL,0,0,,,none,Normal ambient weather telemetry with diurnal solar cycles
43245,Tirupati (AWS021),2026-08-21T12:00:00Z,37.81,40.5,1009.59,SYNTHETIC_SIMULATION,SCN_CLEAN_BASELINE,CLEAN_NORMAL,NONE,NONE,NORMAL,0,0,,,none,Normal ambient weather telemetry with diurnal solar cycles
43245,Tirupati (AWS021),2026-08-21T13:00:00Z,39.05,35.7,1009.16,SYNTHETIC_SIMULATION,SCN_CLEAN_BASELINE,CLEAN_NORMAL,NONE,NONE,NORMAL,0,0,,,none,Normal ambient weather telemetry with diurnal solar cycles
43245,Tirupati (AWS021),2026-08-21T14:00:00Z,40.2,34.1,1008.88,SYNTHETIC_SIMULATION,SCN_CLEAN_BASELINE,CLEAN_NORMAL,NONE,NONE,NORMAL,0,0,,,none,Normal ambient weather telemetry with diurnal solar cycles
43245,Tirupati (AWS021),2026-08-21T15:00:00Z,39.1,35.4,1008.31,SYNTHETIC_SIMULATION,SCN_CLEAN_BASELINE,CLEAN_NORMAL,NONE,NONE,NORMAL,0,0,,,none,Normal ambient weather telemetry with diurnal solar cycles
43245,Tirupati (AWS021),2026-08-21T16:00:00Z,38.88,36.5,1007.23,SYNTHETIC_SIMULATION,SCN_CLEAN_BASELINE,CLEAN_NORMAL,NONE,NONE,NORMAL,0,0,,,none,Normal ambient weather telemetry with diurnal solar cycles
43245,Tirupati (AWS021),2026-08-21T17:00:00Z,38.02,40.8,1007.24,SYNTHETIC_SIMULATION,SCN_CLEAN_BASELINE,CLEAN_NORMAL,NONE,NONE,NORMAL,0,0,,,none,Normal ambient weather telemetry with diurnal solar cycles
43245,Tirupati (AWS021),2026-08-21T18:00:00Z,36.44,42.6,1007.01,SYNTHETIC_SIMULATION,SCN_CLEAN_BASELINE,CLEAN_NORMAL,NONE,NONE,NORMAL,0,0,,,none,Normal ambient weather telemetry with diurnal solar cycles
43245,Tirupati (AWS021),2026-08-21T19:00:00Z,34.87,50.0,1007.52,SYNTHETIC_SIMULATION,SCN_CLEAN_BASELINE,CLEAN_NORMAL,NONE,NONE,NORMAL,0,0,,,none,Normal ambient weather telemetry with diurnal solar cycles
43245,Tirupati (AWS021),2026-08-21T20:00:00Z,32.57,54.9,1007.55,SYNTHETIC_SIMULATION,SCN_CLEAN_BASELINE,CLEAN_NORMAL,NONE,NONE,NORMAL,0,0,,,none,Normal ambient weather telemetry with diurnal solar cycles
43245,Tirupati (AWS021),2026-08-21T21:00:00Z,30.87,58.4,1007.86,SYNTHETIC_SIMULATION,SCN_CLEAN_BASELINE,CLEAN_NORMAL,NONE,NONE,NORMAL,0,0,,,none,Normal ambient weather telemetry with diurnal solar cycles
43245,Tirupati (AWS021),2026-08-21T22:00:00Z,28.97,66.7,1008.51,SYNTHETIC_SIMULATION,SCN_CLEAN_BASELINE,CLEAN_NORMAL,NONE,NONE,NORMAL,0,0,,,none,Normal ambient weather telemetry with diurnal solar cycles
43245,Tirupati (AWS021),2026-08-21T23:00:00Z,26.94,70.0,1009.23,SYNTHETIC_SIMULATION,SCN_CLEAN_BASELINE,CLEAN_NORMAL,NONE,NONE,NORMAL,0,0,,,none,Normal ambient weather telemetry with diurnal solar cycles
43245,Tirupati (AWS021),2026-08-22T00:00:00Z,25.72,74.5,1009.48,SYNTHETIC_SIMULATION,SCN_CLEAN_BASELINE,CLEAN_NORMAL,NONE,NONE,NORMAL,0,0,,,none,Normal ambient weather telemetry with diurnal solar cycles
43245,Tirupati (AWS021),2026-08-22T01:00:00Z,24.48,79.0,1008.79,SYNTHETIC_SIMULATION,SCN_CLEAN_BASELINE,CLEAN_NORMAL,NONE,NONE,NORMAL,0,0,,,none,Normal ambient weather telemetry with diurnal solar cycles
43245,Tirupati (AWS021),2026-08-22T02:00:00Z,23.77,77.4,1008.69,SYNTHETIC_SIMULATION,SCN_CLEAN_BASELINE,CLEAN_NORMAL,NONE,NONE,NORMAL,0,0,,,none,Normal ambient weather telemetry with diurnal solar cycles
43245,Tirupati (AWS021),2026-08-22T03:00:00Z,24.41,79.5,1007.21,SYNTHETIC_SIMULATION,SCN_CLEAN_BASELINE,CLEAN_NORMAL,NONE,NONE,NORMAL,0,0,,,none,Normal ambient weather telemetry with diurnal solar cycles
43245,Tirupati (AWS021),2026-08-22T04:00:00Z,25.0,77.5,1007.05,SYNTHETIC_SIMULATION,SCN_CLEAN_BASELINE,CLEAN_NORMAL,NONE,NONE,NORMAL,0,0,,,none,Normal ambient weather telemetry with diurnal solar cycles
43245,Tirupati (AWS021),2026-08-22T05:00:00Z,26.12,74.2,1006.35,SYNTHETIC_SIMULATION,SCN_CLEAN_BASELINE,CLEAN_NORMAL,NONE,NONE,NORMAL,0,0,,,none,Normal ambient weather telemetry with diurnal solar cycles
43245,Tirupati (AWS021),2026-08-22T06:00:00Z,28.24,70.1,1005.82,SYNTHETIC_SIMULATION,SCN_CLEAN_BASELINE,CLEAN_NORMAL,NONE,NONE,NORMAL,0,0,,,none,Normal ambient weather telemetry with diurnal solar cycles
43245,Tirupati (AWS021),2026-08-22T07:00:00Z,29.21,63.7,1006.26,SYNTHETIC_SIMULATION,SCN_CLEAN_BASELINE,CLEAN_NORMAL,NONE,NONE,NORMAL,0,0,,,none,Normal ambient weather telemetry with diurnal solar cycles
43245,Tirupati (AWS021),2026-08-22T08:00:00Z,31.68,57.8,1006.84,SYNTHETIC_SIMULATION,SCN_CLEAN_BASELINE,CLEAN_NORMAL,NONE,NONE,NORMAL,0,0,,,none,Normal ambient weather telemetry with diurnal solar cycles
43245,Tirupati (AWS021),2026-08-22T09:00:00Z,33.99,53.7,1007.36,SYNTHETIC_SIMULATION,SCN_CLEAN_BASELINE,CLEAN_NORMAL,NONE,NONE,NORMAL,0,0,,,none,Normal ambient weather telemetry with diurnal solar cycles
43245,Tirupati (AWS021),2026-08-22T10:00:00Z,35.25,47.0,1007.6,SYNTHETIC_SIMULATION,SCN_CLEAN_BASELINE,CLEAN_NORMAL,NONE,NONE,NORMAL,0,0,,,none,Normal ambient weather telemetry with diurnal solar cycles
43245,Tirupati (AWS021),2026-08-22T11:00:00Z,37.32,42.5,1007.84,SYNTHETIC_SIMULATION,SCN_CLEAN_BASELINE,CLEAN_NORMAL,NONE,NONE,NORMAL,0,0,,,none,Normal ambient weather telemetry with diurnal solar cycles
43245,Tirupati (AWS021),2026-08-22T12:00:00Z,39.2,38.4,1008.15,SYNTHETIC_SIMULATION,SCN_CLEAN_BASELINE,CLEAN_NORMAL,NONE,NONE,NORMAL,0,0,,,none,Normal ambient weather telemetry with diurnal solar cycles
43245,Tirupati (AWS021),2026-08-22T13:00:00Z,40.15,33.7,1007.69,SYNTHETIC_SIMULATION,SCN_CLEAN_BASELINE,CLEAN_NORMAL,NONE,NONE,NORMAL,0,0,,,none,Normal ambient weather telemetry with diurnal solar cycles
43245,Tirupati (AWS021),2026-08-22T14:00:00Z,40.12,31.6,1006.88,SYNTHETIC_SIMULATION,SCN_CLEAN_BASELINE,CLEAN_NORMAL,NONE,NONE,NORMAL,0,0,,,none,Normal ambient weather telemetry with diurnal solar cycles
43245,Tirupati (AWS021),2026-08-22T15:00:00Z,41.1,34.2,1006.14,SYNTHETIC_SIMULATION,SCN_CLEAN_BASELINE,CLEAN_NORMAL,NONE,NONE,NORMAL,0,0,,,none,Normal ambient weather telemetry with diurnal solar cycles
43245,Tirupati (AWS021),2026-08-22T16:00:00Z,40.45,33.2,1005.71,SYNTHETIC_SIMULATION,SCN_CLEAN_BASELINE,CLEAN_NORMAL,NONE,NONE,NORMAL,0,0,,,none,Normal ambient weather telemetry with diurnal solar cycles
43245,Tirupati (AWS021),2026-08-22T17:00:00Z,39.34,35.2,1004.72,SYNTHETIC_SIMULATION,SCN_CLEAN_BASELINE,CLEAN_NORMAL,NONE,NONE,NORMAL,0,0,,,none,Normal ambient weather telemetry with diurnal solar cycles
43245,Tirupati (AWS021),2026-08-22T18:00:00Z,38.55,42.1,1004.76,SYNTHETIC_SIMULATION,SCN_CLEAN_BASELINE,CLEAN_NORMAL,NONE,NONE,NORMAL,0,0,,,none,Normal ambient weather telemetry with diurnal solar cycles
43245,Tirupati (AWS021),2026-08-22T19:00:00Z,36.54,44.8,1004.77,SYNTHETIC_SIMULATION,SCN_CLEAN_BASELINE,CLEAN_NORMAL,NONE,NONE,NORMAL,0,0,,,none,Normal ambient weather telemetry with diurnal solar cycles
43245,Tirupati (AWS021),2026-08-22T20:00:00Z,34.66,51.0,1004.66,SYNTHETIC_SIMULATION,SCN_CLEAN_BASELINE,CLEAN_NORMAL,NONE,NONE,NORMAL,0,0,,,none,Normal ambient weather telemetry with diurnal solar cycles
43245,Tirupati (AWS021),2026-08-22T21:00:00Z,33.66,55.7,1005.18,SYNTHETIC_SIMULATION,SCN_CLEAN_BASELINE,CLEAN_NORMAL,NONE,NONE,NORMAL,0,0,,,none,Normal ambient weather telemetry with diurnal solar cycles
43245,Tirupati (AWS021),2026-08-22T22:00:00Z,31.14,60.9,1005.45,SYNTHETIC_SIMULATION,SCN_CLEAN_BASELINE,CLEAN_NORMAL,NONE,NONE,NORMAL,0,0,,,none,Normal ambient weather telemetry with diurnal solar cycles
43245,Tirupati (AWS021),2026-08-22T23:00:00Z,29.5,66.0,1006.36,SYNTHETIC_SIMULATION,SCN_CLEAN_BASELINE,CLEAN_NORMAL,NONE,NONE,NORMAL,0,0,,,none,Normal ambient weather telemetry with diurnal solar cycles
43245,Tirupati (AWS021),2026-08-23T00:00:00Z,27.82,70.8,1006.13,SYNTHETIC_SIMULATION,SCN_CLEAN_BASELINE,CLEAN_NORMAL,NONE,NONE,NORMAL,0,0,,,none,Normal ambient weather telemetry with diurnal solar cycles
43245,Tirupati (AWS021),2026-08-23T01:00:00Z,27.1,70.9,1005.98,SYNTHETIC_SIMULATION,SCN_CLEAN_BASELINE,CLEAN_NORMAL,NONE,NONE,NORMAL,0,0,,,none,Normal ambient weather telemetry with diurnal solar cycles
43245,Tirupati (AWS021),2026-08-23T02:00:00Z,26.63,75.0,1005.21,SYNTHETIC_SIMULATION,SCN_CLEAN_BASELINE,CLEAN_NORMAL,NONE,NONE,NORMAL,0,0,,,none,Normal ambient weather telemetry with diurnal solar cycles
43245,Tirupati (AWS021),2026-08-23T03:00:00Z,26.75,73.1,1004.3,SYNTHETIC_SIMULATION,SCN_CLEAN_BASELINE,CLEAN_NORMAL,NONE,NONE,NORMAL,0,0,,,none,Normal ambient weather telemetry with diurnal solar cycles
43245,Tirupati (AWS021),2026-08-23T04:00:00Z,27.23,69.9,1003.37,SYNTHETIC_SIMULATION,SCN_CLEAN_BASELINE,CLEAN_NORMAL,NONE,NONE,NORMAL,0,0,,,none,Normal ambient weather telemetry with diurnal solar cycles
43245,Tirupati (AWS021),2026-08-23T05:00:00Z,28.79,68.1,1003.04,SYNTHETIC_SIMULATION,SCN_CLEAN_BASELINE,CLEAN_NORMAL,NONE,NONE,NORMAL,0,0,,,none,Normal ambient weather telemetry with diurnal solar cycles
43245,Tirupati (AWS021),2026-08-23T06:00:00Z,30.11,63.7,1002.72,SYNTHETIC_SIMULATION,SCN_CLEAN_BASELINE,CLEAN_NORMAL,NONE,NONE,NORMAL,0,0,,,none,Normal ambient weather telemetry with diurnal solar cycles
43245,Tirupati (AWS021),2026-08-23T07:00:00Z,31.92,58.0,1002.19,SYNTHETIC_SIMULATION,SCN_CLEAN_BASELINE,CLEAN_NORMAL,NONE,NONE,NORMAL,0,0,,,none,Normal ambient weather telemetry with diurnal solar cycles
43245,Tirupati (AWS021),2026-08-23T08:00:00Z,33.89,52.9,1003.14,SYNTHETIC_SIMULATION,SCN_CLEAN_BASELINE,CLEAN_NORMAL,NONE,NONE,NORMAL,0,0,,,none,Normal ambient weather telemetry with diurnal solar cycles
43245,Tirupati (AWS021),2026-08-23T09:00:00Z,36.09,45.3,1003.85,SYNTHETIC_SIMULATION,SCN_CLEAN_BASELINE,CLEAN_NORMAL,NONE,NONE,NORMAL,0,0,,,none,Normal ambient weather telemetry with diurnal solar cycles
43245,Tirupati (AWS021),2026-08-23T10:00:00Z,38.19,43.1,1003.83,SYNTHETIC_SIMULATION,SCN_CLEAN_BASELINE,CLEAN_NORMAL,NONE,NONE,NORMAL,0,0,,,none,Normal ambient weather telemetry with diurnal solar cycles
43245,Tirupati (AWS021),2026-08-23T11:00:00Z,40.21,36.5,1004.31,SYNTHETIC_SIMULATION,SCN_CLEAN_BASELINE,CLEAN_NORMAL,NONE,NONE,NORMAL,0,0,,,none,Normal ambient weather telemetry with diurnal solar cycles
43245,Tirupati (AWS021),2026-08-23T12:00:00Z,41.54,32.0,1004.23,SYNTHETIC_SIMULATION,SCN_CLEAN_BASELINE,CLEAN_NORMAL,NONE,NONE,NORMAL,0,0,,,none,Normal ambient weather telemetry with diurnal solar cycles
43245,Tirupati (AWS021),2026-08-23T13:00:00Z,42.23,28.1,1003.61,SYNTHETIC_SIMULATION,SCN_CLEAN_BASELINE,CLEAN_NORMAL,NONE,NONE,NORMAL,0,0,,,none,Normal ambient weather telemetry with diurnal solar cycles
43245,Tirupati (AWS021),2026-08-23T14:00:00Z,42.89,25.8,1003.35,SYNTHETIC_SIMULATION,SCN_CLEAN_BASELINE,CLEAN_NORMAL,NONE,NONE,NORMAL,0,0,,,none,Normal ambient weather telemetry with diurnal solar cycles
43245,Tirupati (AWS021),2026-08-23T15:00:00Z,43.25,26.5,1002.04,SYNTHETIC_SIMULATION,SCN_CLEAN_BASELINE,CLEAN_NORMAL,NONE,NONE,NORMAL,0,0,,,none,Normal ambient weather telemetry with diurnal solar cycles
43245,Tirupati (AWS021),2026-08-23T16:00:00Z,43.14,28.1,1001.82,SYNTHETIC_SIMULATION,SCN_CLEAN_BASELINE,CLEAN_NORMAL,NONE,NONE,NORMAL,0,0,,,none,Normal ambient weather telemetry with diurnal solar cycles
43245,Tirupati (AWS021),2026-08-23T17:00:00Z,41.07,29.5,1001.15,SYNTHETIC_SIMULATION,SCN_CLEAN_BASELINE,CLEAN_NORMAL,NONE,NONE,NORMAL,0,0,,,none,Normal ambient weather telemetry with diurnal solar cycles
43245,Tirupati (AWS021),2026-08-23T18:00:00Z,40.17,33.2,1001.12,SYNTHETIC_SIMULATION,SCN_CLEAN_BASELINE,CLEAN_NORMAL,NONE,NONE,NORMAL,0,0,,,none,Normal ambient weather telemetry with diurnal solar cycles
43245,Tirupati (AWS021),2026-08-23T19:00:00Z,38.75,38.8,1000.71,SYNTHETIC_SIMULATION,SCN_CLEAN_BASELINE,CLEAN_NORMAL,NONE,NONE,NORMAL,0,0,,,none,Normal ambient weather telemetry with diurnal solar cycles
43245,Tirupati (AWS021),2026-08-23T20:00:00Z,36.92,44.6,1001.31,SYNTHETIC_SIMULATION,SCN_CLEAN_BASELINE,CLEAN_NORMAL,NONE,NONE,NORMAL,0,0,,,none,Normal ambient weather telemetry with diurnal solar cycles
43245,Tirupati (AWS021),2026-08-23T21:00:00Z,34.64,50.1,1002.0,SYNTHETIC_SIMULATION,SCN_CLEAN_BASELINE,CLEAN_NORMAL,NONE,NONE,NORMAL,0,0,,,none,Normal ambient weather telemetry with diurnal solar cycles
43245,Tirupati (AWS021),2026-08-23T22:00:00Z,33.2,55.8,1002.62,SYNTHETIC_SIMULATION,SCN_CLEAN_BASELINE,CLEAN_NORMAL,NONE,NONE,NORMAL,0,0,,,none,Normal ambient weather telemetry with diurnal solar cycles
43245,Tirupati (AWS021),2026-08-23T23:00:00Z,31.24,62.1,1002.82,SYNTHETIC_SIMULATION,SCN_CLEAN_BASELINE,CLEAN_NORMAL,NONE,NONE,NORMAL,0,0,,,none,Normal ambient weather telemetry with diurnal solar cycles
43245,Tirupati (AWS021),2026-08-24T00:00:00Z,30.07,63.7,1002.86,SYNTHETIC_SIMULATION,SCN_CLEAN_BASELINE,CLEAN_NORMAL,NONE,NONE,NORMAL,0,0,,,none,Normal ambient weather telemetry with diurnal solar cycles
43245,Tirupati (AWS021),2026-08-24T01:00:00Z,28.73,66.9,1003.06,SYNTHETIC_SIMULATION,SCN_CLEAN_BASELINE,CLEAN_NORMAL,NONE,NONE,NORMAL,0,0,,,none,Normal ambient weather telemetry with diurnal solar cycles
43245,Tirupati (AWS021),2026-08-24T02:00:00Z,28.3,67.9,1001.94,SYNTHETIC_SIMULATION,SCN_CLEAN_BASELINE,CLEAN_NORMAL,NONE,NONE,NORMAL,0,0,,,none,Normal ambient weather telemetry with diurnal solar cycles
43245,Tirupati (AWS021),2026-08-24T03:00:00Z,28.29,67.8,1001.59,SYNTHETIC_SIMULATION,SCN_CLEAN_BASELINE,CLEAN_NORMAL,NONE,NONE,NORMAL,0,0,,,none,Normal ambient weather telemetry with diurnal solar cycles
43245,Tirupati (AWS021),2026-08-24T04:00:00Z,28.76,68.4,1000.51,SYNTHETIC_SIMULATION,SCN_CLEAN_BASELINE,CLEAN_NORMAL,NONE,NONE,NORMAL,0,0,,,none,Normal ambient weather telemetry with diurnal solar cycles
43245,Tirupati (AWS021),2026-08-24T05:00:00Z,29.97,63.5,1000.16,SYNTHETIC_SIMULATION,SCN_CLEAN_BASELINE,CLEAN_NORMAL,NONE,NONE,NORMAL,0,0,,,none,Normal ambient weather telemetry with diurnal solar cycles
43245,Tirupati (AWS021),2026-08-24T06:00:00Z,31.56,62.1,1000.18,SYNTHETIC_SIMULATION,SCN_CLEAN_BASELINE,CLEAN_NORMAL,NONE,NONE,NORMAL,0,0,,,none,Normal ambient weather telemetry with diurnal solar cycles
43245,Tirupati (AWS021),2026-08-24T07:00:00Z,32.48,54.9,1000.06,SYNTHETIC_SIMULATION,SCN_CLEAN_BASELINE,CLEAN_NORMAL,NONE,NONE,NORMAL,0,0,,,none,Normal ambient weather telemetry with diurnal solar cycles
43245,Tirupati (AWS021),2026-08-24T08:00:00Z,34.83,48.8,1000.63,SYNTHETIC_SIMULATION,SCN_CLEAN_BASELINE,CLEAN_NORMAL,NONE,NONE,NORMAL,0,0,,,none,Normal ambient weather telemetry with diurnal solar cycles
43245,Tirupati (AWS021),2026-08-24T09:00:00Z,37.1,43.6,1001.38,SYNTHETIC_SIMULATION,SCN_CLEAN_BASELINE,CLEAN_NORMAL,NONE,NONE,NORMAL,0,0,,,none,Normal ambient weather telemetry with diurnal solar cycles
43245,Tirupati (AWS021),2026-08-24T10:00:00Z,39.04,38.9,1001.93,SYNTHETIC_SIMULATION,SCN_CLEAN_BASELINE,CLEAN_NORMAL,NONE,NONE,NORMAL,0,0,,,none,Normal ambient weather telemetry with diurnal solar cycles
43245,Tirupati (AWS021),2026-08-24T11:00:00Z,41.47,31.9,1002.46,SYNTHETIC_SIMULATION,SCN_CLEAN_BASELINE,CLEAN_NORMAL,NONE,NONE,NORMAL,0,0,,,none,Normal ambient weather telemetry with diurnal solar cycles
43245,Tirupati (AWS021),2026-08-24T12:00:00Z,42.48,30.5,1002.9,SYNTHETIC_SIMULATION,SCN_CLEAN_BASELINE,CLEAN_NORMAL,NONE,NONE,NORMAL,0,0,,,none,Normal ambient weather telemetry with diurnal solar cycles
43245,Tirupati (AWS021),2026-08-24T13:00:00Z,43.91,27.7,1002.63,SYNTHETIC_SIMULATION,SCN_CLEAN_BASELINE,CLEAN_NORMAL,NONE,NONE,NORMAL,0,0,,,none,Normal ambient weather telemetry with diurnal solar cycles
43245,Tirupati (AWS021),2026-08-24T14:00:00Z,43.16,25.2,1002.15,SYNTHETIC_SIMULATION,SCN_CLEAN_BASELINE,CLEAN_NORMAL,NONE,NONE,NORMAL,0,0,,,none,Normal ambient weather telemetry with diurnal solar cycles
43245,Tirupati (AWS021),2026-08-24T15:00:00Z,43.62,25.2,1001.47,SYNTHETIC_SIMULATION,SCN_CLEAN_BASELINE,CLEAN_NORMAL,NONE,NONE,NORMAL,0,0,,,none,Normal ambient weather telemetry with diurnal solar cycles
43245,Tirupati (AWS021),2026-08-24T16:00:00Z,43.19,27.6,1000.58,SYNTHETIC_SIMULATION,SCN_CLEAN_BASELINE,CLEAN_NORMAL,NONE,NONE,NORMAL,0,0,,,none,Normal ambient weather telemetry with diurnal solar cycles
43245,Tirupati (AWS021),2026-08-24T17:00:00Z,42.41,30.1,1000.46,SYNTHETIC_SIMULATION,SCN_CLEAN_BASELINE,CLEAN_NORMAL,NONE,NONE,NORMAL,0,0,,,none,Normal ambient weather telemetry with diurnal solar cycles
43245,Tirupati (AWS021),2026-08-24T18:00:00Z,40.68,32.0,1000.15,SYNTHETIC_SIMULATION,SCN_CLEAN_BASELINE,CLEAN_NORMAL,NONE,NONE,NORMAL,0,0,,,none,Normal ambient weather telemetry with diurnal solar cycles
43245,Tirupati (AWS021),2026-08-24T19:00:00Z,39.47,39.7,1000.48,SYNTHETIC_SIMULATION,SCN_CLEAN_BASELINE,CLEAN_NORMAL,NONE,NONE,NORMAL,0,0,,,none,Normal ambient weather telemetry with diurnal solar cycles
43245,Tirupati (AWS021),2026-08-24T20:00:00Z,36.73,44.7,1000.88,SYNTHETIC_SIMULATION,SCN_CLEAN_BASELINE,CLEAN_NORMAL,NONE,NONE,NORMAL,0,0,,,none,Normal ambient weather telemetry with diurnal solar cycles
43245,Tirupati (AWS021),2026-08-24T21:00:00Z,34.51,52.0,1002.07,SYNTHETIC_SIMULATION,SCN_CLEAN_BASELINE,CLEAN_NORMAL,NONE,NONE,NORMAL,0,0,,,none,Normal ambient weather telemetry with diurnal solar cycles
43245,Tirupati (AWS021),2026-08-24T22:00:00Z,33.0,55.5,1002.69,SYNTHETIC_SIMULATION,SCN_CLEAN_BASELINE,CLEAN_NORMAL,NONE,NONE,NORMAL,0,0,,,none,Normal ambient weather telemetry with diurnal solar cycles
43245,Tirupati (AWS021),2026-08-24T23:00:00Z,30.67,62.1,1002.91,SYNTHETIC_SIMULATION,SCN_CLEAN_BASELINE,CLEAN_NORMAL,NONE,NONE,NORMAL,0,0,,,none,Normal ambient weather telemetry with diurnal solar cycles
43245,Tirupati (AWS021),2026-08-25T00:00:00Z,29.74,65.1,1003.32,SYNTHETIC_SIMULATION,SCN_CLEAN_BASELINE,CLEAN_NORMAL,NONE,NONE,NORMAL,0,0,,,none,Normal ambient weather telemetry with diurnal solar cycles
43245,Tirupati (AWS021),2026-08-25T01:00:00Z,28.88,68.7,1003.62,SYNTHETIC_SIMULATION,SCN_CLEAN_BASELINE,CLEAN_NORMAL,NONE,NONE,NORMAL,0,0,,,none,Normal ambient weather telemetry with diurnal solar cycles
43245,Tirupati (AWS021),2026-08-25T02:00:00Z,28.05,69.7,1003.09,SYNTHETIC_SIMULATION,SCN_CLEAN_BASELINE,CLEAN_NORMAL,NONE,NONE,NORMAL,0,0,,,none,Normal ambient weather telemetry with diurnal solar cycles
43245,Tirupati (AWS021),2026-08-25T03:00:00Z,27.47,71.3,1002.49,SYNTHETIC_SIMULATION,SCN_CLEAN_BASELINE,CLEAN_NORMAL,NONE,NONE,NORMAL,0,0,,,none,Normal ambient weather telemetry with diurnal solar cycles
43245,Tirupati (AWS021),2026-08-25T04:00:00Z,27.99,68.0,1001.8,SYNTHETIC_SIMULATION,SCN_CLEAN_BASELINE,CLEAN_NORMAL,NONE,NONE,NORMAL,0,0,,,none,Normal ambient weather telemetry with diurnal solar cycles
43245,Tirupati (AWS021),2026-08-25T05:00:00Z,29.53,65.0,1001.55,SYNTHETIC_SIMULATION,SCN_CLEAN_BASELINE,CLEAN_NORMAL,NONE,NONE,NORMAL,0,0,,,none,Normal ambient weather telemetry with diurnal solar cycles
43245,Tirupati (AWS021),2026-08-25T06:00:00Z,30.77,60.4,1001.88,SYNTHETIC_SIMULATION,SCN_CLEAN_BASELINE,CLEAN_NORMAL,NONE,NONE,NORMAL,0,0,,,none,Normal ambient weather telemetry with diurnal solar cycles
43245,Tirupati (AWS021),2026-08-25T07:00:00Z,32.15,58.1,1002.11,SYNTHETIC_SIMULATION,SCN_CLEAN_BASELINE,CLEAN_NORMAL,NONE,NONE,NORMAL,0,0,,,none,Normal ambient weather telemetry with diurnal solar cycles
43245,Tirupati (AWS021),2026-08-25T08:00:00Z,34.08,51.1,1002.32,SYNTHETIC_SIMULATION,SCN_CLEAN_BASELINE,CLEAN_NORMAL,NONE,NONE,NORMAL,0,0,,,none,Normal ambient weather telemetry with diurnal solar cycles
43245,Tirupati (AWS021),2026-08-25T09:00:00Z,36.21,45.2,1003.51,SYNTHETIC_SIMULATION,SCN_CLEAN_BASELINE,CLEAN_NORMAL,NONE,NONE,NORMAL,0,0,,,none,Normal ambient weather telemetry with diurnal solar cycles
43245,Tirupati (AWS021),2026-08-25T10:00:00Z,38.01,41.7,1004.12,SYNTHETIC_SIMULATION,SCN_CLEAN_BASELINE,CLEAN_NORMAL,NONE,NONE,NORMAL,0,0,,,none,Normal ambient weather telemetry with diurnal solar cycles
43245,Tirupati (AWS021),2026-08-25T11:00:00Z,39.65,37.2,1004.99,SYNTHETIC_SIMULATION,SCN_CLEAN_BASELINE,CLEAN_NORMAL,NONE,NONE,NORMAL,0,0,,,none,Normal ambient weather telemetry with diurnal solar cycles
43245,Tirupati (AWS021),2026-08-25T12:00:00Z,41.36,34.4,1004.88,SYNTHETIC_SIMULATION,SCN_CLEAN_BASELINE,CLEAN_NORMAL,NONE,NONE,NORMAL,0,0,,,none,Normal ambient weather telemetry with diurnal solar cycles
43245,Tirupati (AWS021),2026-08-25T13:00:00Z,41.76,30.1,1004.81,SYNTHETIC_SIMULATION,SCN_CLEAN_BASELINE,CLEAN_NORMAL,NONE,NONE,NORMAL,0,0,,,none,Normal ambient weather telemetry with diurnal solar cycles
43245,Tirupati (AWS021),2026-08-25T14:00:00Z,42.5,,1004.7,SYNTHETIC_SIMULATION,SCN_CLEAN_BASELINE,CLEAN_NORMAL,NONE,NONE,NORMAL,0,0,,,none,Normal ambient weather telemetry with diurnal solar cycles
43245,Tirupati (AWS021),2026-08-25T15:00:00Z,42.04,30.3,1003.41,SYNTHETIC_SIMULATION,SCN_CLEAN_BASELINE,CLEAN_NORMAL,NONE,NONE,NORMAL,0,0,,,none,Normal ambient weather telemetry with diurnal solar cycles
43245,Tirupati (AWS021),2026-08-25T16:00:00Z,41.7,29.0,1004.26,SYNTHETIC_SIMULATION,SCN_CLEAN_BASELINE,CLEAN_NORMAL,NONE,NONE,NORMAL,0,0,,,none,Normal ambient weather telemetry with diurnal solar cycles
43245,Tirupati (AWS021),2026-08-25T17:00:00Z,40.57,34.2,1003.52,SYNTHETIC_SIMULATION,SCN_CLEAN_BASELINE,CLEAN_NORMAL,NONE,NONE,NORMAL,0,0,,,none,Normal ambient weather telemetry with diurnal solar cycles
43245,Tirupati (AWS021),2026-08-25T18:00:00Z,38.61,38.5,1003.47,SYNTHETIC_SIMULATION,SCN_CLEAN_BASELINE,CLEAN_NORMAL,NONE,NONE,NORMAL,0,0,,,none,Normal ambient weather telemetry with diurnal solar cycles
43245,Tirupati (AWS021),2026-08-25T19:00:00Z,36.9,43.7,1003.28,SYNTHETIC_SIMULATION,SCN_CLEAN_BASELINE,CLEAN_NORMAL,NONE,NONE,NORMAL,0,0,,,none,Normal ambient weather telemetry with diurnal solar cycles
43245,Tirupati (AWS021),2026-08-25T20:00:00Z,35.38,50.0,1004.28,SYNTHETIC_SIMULATION,SCN_CLEAN_BASELINE,CLEAN_NORMAL,NONE,NONE,NORMAL,0,0,,,none,Normal ambient weather telemetry with diurnal solar cycles
43245,Tirupati (AWS021),2026-08-25T21:00:00Z,32.03,53.9,1005.19,SYNTHETIC_SIMULATION,SCN_CLEAN_BASELINE,CLEAN_NORMAL,NONE,NONE,NORMAL,0,0,,,none,Normal ambient weather telemetry with diurnal solar cycles
43245,Tirupati (AWS021),2026-08-25T22:00:00Z,30.79,60.5,1005.82,SYNTHETIC_SIMULATION,SCN_CLEAN_BASELINE,CLEAN_NORMAL,NONE,NONE,NORMAL,0,0,,,none,Normal ambient weather telemetry with diurnal solar cycles
43245,Tirupati (AWS021),2026-08-25T23:00:00Z,28.99,65.7,1007.14,SYNTHETIC_SIMULATION,SCN_CLEAN_BASELINE,CLEAN_NORMAL,NONE,NONE,NORMAL,0,0,,,none,Normal ambient weather telemetry with diurnal solar cycles
43245,Tirupati (AWS021),2026-08-26T00:00:00Z,27.7,70.1,1007.15,SYNTHETIC_SIMULATION,SCN_CLEAN_BASELINE,CLEAN_NORMAL,NONE,NONE,NORMAL,0,0,,,none,Normal ambient weather telemetry with diurnal solar cycles
43245,Tirupati (AWS021),2026-08-26T01:00:00Z,25.97,74.5,1007.15,SYNTHETIC_SIMULATION,SCN_CLEAN_BASELINE,CLEAN_NORMAL,NONE,NONE,NORMAL,0,0,,,none,Normal ambient weather telemetry with diurnal solar cycles
43245,Tirupati (AWS021),2026-08-26T02:00:00Z,24.09,76.8,1006.92,SYNTHETIC_SIMULATION,SCN_CLEAN_BASELINE,CLEAN_NORMAL,NONE,NONE,NORMAL,0,0,,,none,Normal ambient weather telemetry with diurnal solar cycles
43245,Tirupati (AWS021),2026-08-26T03:00:00Z,26.21,76.0,1006.44,SYNTHETIC_SIMULATION,SCN_CLEAN_BASELINE,CLEAN_NORMAL,NONE,NONE,NORMAL,0,0,,,none,Normal ambient weather telemetry with diurnal solar cycles
43245,Tirupati (AWS021),2026-08-26T04:00:00Z,26.13,76.3,1006.11,SYNTHETIC_SIMULATION,SCN_CLEAN_BASELINE,CLEAN_NORMAL,NONE,NONE,NORMAL,0,0,,,none,Normal ambient weather telemetry with diurnal solar cycles
43245,Tirupati (AWS021),2026-08-26T05:00:00Z,26.93,72.7,1005.67,SYNTHETIC_SIMULATION,SCN_CLEAN_BASELINE,CLEAN_NORMAL,NONE,NONE,NORMAL,0,0,,,none,Normal ambient weather telemetry with diurnal solar cycles
43245,Tirupati (AWS021),2026-08-26T06:00:00Z,28.28,69.1,1005.64,SYNTHETIC_SIMULATION,SCN_CLEAN_BASELINE,CLEAN_NORMAL,NONE,NONE,NORMAL,0,0,,,none,Normal ambient weather telemetry with diurnal solar cycles
43245,Tirupati (AWS021),2026-08-26T07:00:00Z,29.48,61.5,1005.93,SYNTHETIC_SIMULATION,SCN_CLEAN_BASELINE,CLEAN_NORMAL,NONE,NONE,NORMAL,0,0,,,none,Normal ambient weather telemetry with diurnal solar cycles
43245,Tirupati (AWS021),2026-08-26T08:00:00Z,32.28,58.3,1006.07,SYNTHETIC_SIMULATION,SCN_CLEAN_BASELINE,CLEAN_NORMAL,NONE,NONE,NORMAL,0,0,,,none,Normal ambient weather telemetry with diurnal solar cycles
43245,Tirupati (AWS021),2026-08-26T09:00:00Z,33.75,53.9,1007.03,SYNTHETIC_SIMULATION,SCN_CLEAN_BASELINE,CLEAN_NORMAL,NONE,NONE,NORMAL,0,0,,,none,Normal ambient weather telemetry with diurnal solar cycles
43245,Tirupati (AWS021),2026-08-26T10:00:00Z,36.08,48.9,1008.24,SYNTHETIC_SIMULATION,SCN_CLEAN_BASELINE,CLEAN_NORMAL,NONE,NONE,NORMAL,0,0,,,none,Normal ambient weather telemetry with diurnal solar cycles
43245,Tirupati (AWS021),2026-08-26T11:00:00Z,37.29,43.0,1008.26,SYNTHETIC_SIMULATION,SCN_CLEAN_BASELINE,CLEAN_NORMAL,NONE,NONE,NORMAL,0,0,,,none,Normal ambient weather telemetry with diurnal solar cycles
43245,Tirupati (AWS021),2026-08-26T12:00:00Z,39.0,38.2,1008.62,SYNTHETIC_SIMULATION,SCN_CLEAN_BASELINE,CLEAN_NORMAL,NONE,NONE,NORMAL,0,0,,,none,Normal ambient weather telemetry with diurnal solar cycles
43245,Tirupati (AWS021),2026-08-26T13:00:00Z,39.51,35.1,1008.48,SYNTHETIC_SIMULATION,SCN_CLEAN_BASELINE,CLEAN_NORMAL,NONE,NONE,NORMAL,0,0,,,none,Normal ambient weather telemetry with diurnal solar cycles
43245,Tirupati (AWS021),2026-08-26T14:00:00Z,40.04,35.1,1008.12,SYNTHETIC_SIMULATION,SCN_CLEAN_BASELINE,CLEAN_NORMAL,NONE,NONE,NORMAL,0,0,,,none,Normal ambient weather telemetry with diurnal solar cycles
43245,Tirupati (AWS021),2026-08-26T15:00:00Z,39.59,33.8,1007.81,SYNTHETIC_SIMULATION,SCN_CLEAN_BASELINE,CLEAN_NORMAL,NONE,NONE,NORMAL,0,0,,,none,Normal ambient weather telemetry with diurnal solar cycles
43245,Tirupati (AWS021),2026-08-26T16:00:00Z,38.89,37.0,1007.37,SYNTHETIC_SIMULATION,SCN_CLEAN_BASELINE,CLEAN_NORMAL,NONE,NONE,NORMAL,0,0,,,none,Normal ambient weather telemetry with diurnal solar cycles
43245,Tirupati (AWS021),2026-08-26T17:00:00Z,38.59,40.3,1006.81,SYNTHETIC_SIMULATION,SCN_CLEAN_BASELINE,CLEAN_NORMAL,NONE,NONE,NORMAL,0,0,,,none,Normal ambient weather telemetry with diurnal solar cycles
43245,Tirupati (AWS021),2026-08-26T18:00:00Z,37.58,43.3,1006.6,SYNTHETIC_SIMULATION,SCN_CLEAN_BASELINE,CLEAN_NORMAL,NONE,NONE,NORMAL,0,0,,,none,Normal ambient weather telemetry with diurnal solar cycles
43245,Tirupati (AWS021),2026-08-26T19:00:00Z,35.69,50.5,1007.1,SYNTHETIC_SIMULATION,SCN_CLEAN_BASELINE,CLEAN_NORMAL,NONE,NONE,NORMAL,0,0,,,none,Normal ambient weather telemetry with diurnal solar cycles
43245,Tirupati (AWS021),2026-08-26T20:00:00Z,33.17,53.6,1007.74,SYNTHETIC_SIMULATION,SCN_CLEAN_BASELINE,CLEAN_NORMAL,NONE,NONE,NORMAL,0,0,,,none,Normal ambient weather telemetry with diurnal solar cycles
43245,Tirupati (AWS021),2026-08-26T21:00:00Z,30.95,59.3,1008.09,SYNTHETIC_SIMULATION,SCN_CLEAN_BASELINE,CLEAN_NORMAL,NONE,NONE,NORMAL,0,0,,,none,Normal ambient weather telemetry with diurnal solar cycles
43245,Tirupati (AWS021),2026-08-26T22:00:00Z,28.6,63.9,1008.99,SYNTHETIC_SIMULATION,SCN_CLEAN_BASELINE,CLEAN_NORMAL,NONE,NONE,NORMAL,0,0,,,none,Normal ambient weather telemetry with diurnal solar cycles
43245,Tirupati (AWS021),2026-08-26T23:00:00Z,27.25,71.9,1009.13,SYNTHETIC_SIMULATION,SCN_CLEAN_BASELINE,CLEAN_NORMAL,NONE,NONE,NORMAL,0,0,,,none,Normal ambient weather telemetry with diurnal solar cycles
43245,Tirupati (AWS021),2026-08-27T00:00:00Z,25.38,74.8,1009.22,SYNTHETIC_SIMULATION,SCN_CLEAN_BASELINE,CLEAN_NORMAL,NONE,NONE,NORMAL,0,0,,,none,Normal ambient weather telemetry with diurnal solar cycles
43245,Tirupati (AWS021),2026-08-27T01:00:00Z,25.0,80.4,1009.44,SYNTHETIC_SIMULATION,SCN_CLEAN_BASELINE,CLEAN_NORMAL,NONE,NONE,NORMAL,0,0,,,none,Normal ambient weather telemetry with diurnal solar cycles
43245,Tirupati (AWS021),2026-08-27T02:00:00Z,24.24,77.1,1009.28,SYNTHETIC_SIMULATION,SCN_CLEAN_BASELINE,CLEAN_NORMAL,NONE,NONE,NORMAL,0,0,,,none,Normal ambient weather telemetry with diurnal solar cycles
43245,Tirupati (AWS021),2026-08-27T03:00:00Z,24.08,80.3,1008.21,SYNTHETIC_SIMULATION,SCN_CLEAN_BASELINE,CLEAN_NORMAL,NONE,NONE,NORMAL,0,0,,,none,Normal ambient weather telemetry with diurnal solar cycles
43245,Tirupati (AWS021),2026-08-27T04:00:00Z,24.71,77.4,1007.83,SYNTHETIC_SIMULATION,SCN_CLEAN_BASELINE,CLEAN_NORMAL,NONE,NONE,NORMAL,0,0,,,none,Normal ambient weather telemetry with diurnal solar cycles
43245,Tirupati (AWS021),2026-08-27T05:00:00Z,25.26,75.5,1006.83,SYNTHETIC_SIMULATION,SCN_CLEAN_BASELINE,CLEAN_NORMAL,NONE,NONE,NORMAL,0,0,,,none,Normal ambient weather telemetry with diurnal solar cycles
43245,Tirupati (AWS021),2026-08-27T06:00:00Z,27.49,70.3,1007.08,SYNTHETIC_SIMULATION,SCN_CLEAN_BASELINE,CLEAN_NORMAL,NONE,NONE,NORMAL,0,0,,,none,Normal ambient weather telemetry with diurnal solar cycles
43245,Tirupati (AWS021),2026-08-27T07:00:00Z,28.72,66.1,1007.21,SYNTHETIC_SIMULATION,SCN_CLEAN_BASELINE,CLEAN_NORMAL,NONE,NONE,NORMAL,0,0,,,none,Normal ambient weather telemetry with diurnal solar cycles
43245,Tirupati (AWS021),2026-08-27T08:00:00Z,31.1,59.9,1007.37,SYNTHETIC_SIMULATION,SCN_CLEAN_BASELINE,CLEAN_NORMAL,NONE,NONE,NORMAL,0,0,,,none,Normal ambient weather telemetry with diurnal solar cycles
43245,Tirupati (AWS021),2026-08-27T09:00:00Z,33.26,54.6,1008.35,SYNTHETIC_SIMULATION,SCN_CLEAN_BASELINE,CLEAN_NORMAL,NONE,NONE,NORMAL,0,0,,,none,Normal ambient weather telemetry with diurnal solar cycles
43245,Tirupati (AWS021),2026-08-27T10:00:00Z,34.74,47.5,1008.48,SYNTHETIC_SIMULATION,SCN_CLEAN_BASELINE,CLEAN_NORMAL,NONE,NONE,NORMAL,0,0,,,none,Normal ambient weather telemetry with diurnal solar cycles
43245,Tirupati (AWS021),2026-08-27T11:00:00Z,36.88,44.3,1008.93,SYNTHETIC_SIMULATION,SCN_CLEAN_BASELINE,CLEAN_NORMAL,NONE,NONE,NORMAL,0,0,,,none,Normal ambient weather telemetry with diurnal solar cycles
43245,Tirupati (AWS021),2026-08-27T12:00:00Z,38.01,40.1,1009.64,SYNTHETIC_SIMULATION,SCN_CLEAN_BASELINE,CLEAN_NORMAL,NONE,NONE,NORMAL,0,0,,,none,Normal ambient weather telemetry with diurnal solar cycles
43245,Tirupati (AWS021),2026-08-27T13:00:00Z,39.69,34.4,1008.88,SYNTHETIC_SIMULATION,SCN_CLEAN_BASELINE,CLEAN_NORMAL,NONE,NONE,NORMAL,0,0,,,none,Normal ambient weather telemetry with diurnal solar cycles
43245,Tirupati (AWS021),2026-08-27T14:00:00Z,40.5,35.3,1008.77,SYNTHETIC_SIMULATION,SCN_CLEAN_BASELINE,CLEAN_NORMAL,NONE,NONE,NORMAL,0,0,,,none,Normal ambient weather telemetry with diurnal solar cycles
43245,Tirupati (AWS021),2026-08-27T15:00:00Z,40.41,34.8,1008.2,SYNTHETIC_SIMULATION,SCN_CLEAN_BASELINE,CLEAN_NORMAL,NONE,NONE,NORMAL,0,0,,,none,Normal ambient weather telemetry with diurnal solar cycles
43245,Tirupati (AWS021),2026-08-27T16:00:00Z,39.81,36.7,1007.33,SYNTHETIC_SIMULATION,SCN_CLEAN_BASELINE,CLEAN_NORMAL,NONE,NONE,NORMAL,0,0,,,none,Normal ambient weather telemetry with diurnal solar cycles
43245,Tirupati (AWS021),2026-08-27T17:00:00Z,38.8,38.4,1006.41,SYNTHETIC_SIMULATION,SCN_CLEAN_BASELINE,CLEAN_NORMAL,NONE,NONE,NORMAL,0,0,,,none,Normal ambient weather telemetry with diurnal solar cycles
43245,Tirupati (AWS021),2026-08-27T18:00:00Z,37.4,41.8,1005.89,SYNTHETIC_SIMULATION,SCN_CLEAN_BASELINE,CLEAN_NORMAL,NONE,NONE,NORMAL,0,0,,,none,Normal ambient weather telemetry with diurnal solar cycles
43245,Tirupati (AWS021),2026-08-27T19:00:00Z,34.76,48.2,1005.8,SYNTHETIC_SIMULATION,SCN_CLEAN_BASELINE,CLEAN_NORMAL,NONE,NONE,NORMAL,0,0,,,none,Normal ambient weather telemetry with diurnal solar cycles
43245,Tirupati (AWS021),2026-08-27T20:00:00Z,33.78,53.3,1006.62,SYNTHETIC_SIMULATION,SCN_CLEAN_BASELINE,CLEAN_NORMAL,NONE,NONE,NORMAL,0,0,,,none,Normal ambient weather telemetry with diurnal solar cycles
43245,Tirupati (AWS021),2026-08-27T21:00:00Z,31.36,57.1,1007.26,SYNTHETIC_SIMULATION,SCN_CLEAN_BASELINE,CLEAN_NORMAL,NONE,NONE,NORMAL,0,0,,,none,Normal ambient weather telemetry with diurnal solar cycles
43245,Tirupati (AWS021),2026-08-27T22:00:00Z,29.58,64.3,1007.35,SYNTHETIC_SIMULATION,SCN_CLEAN_BASELINE,CLEAN_NORMAL,NONE,NONE,NORMAL,0,0,,,none,Normal ambient weather telemetry with diurnal solar cycles
43245,Tirupati (AWS021),2026-08-27T23:00:00Z,27.92,69.3,1008.33,SYNTHETIC_SIMULATION,SCN_CLEAN_BASELINE,CLEAN_NORMAL,NONE,NONE,NORMAL,0,0,,,none,Normal ambient weather telemetry with diurnal solar cycles
AWS002,Guntur (AWS002),2026-08-01T00:00:00Z,27.8,75.1,1009.55,SYNTHETIC_SIMULATION,SCN_CLEAN_BASELINE,CLEAN_NORMAL,NONE,NONE,NORMAL,0,0,,,none,Normal ambient weather telemetry with diurnal solar cycles
AWS002,Guntur (AWS002),2026-08-01T01:00:00Z,27.47,75.8,1008.53,SYNTHETIC_SIMULATION,SCN_CLEAN_BASELINE,CLEAN_NORMAL,NONE,NONE,NORMAL,0,0,,,none,Normal ambient weather telemetry with diurnal solar cycles
AWS002,Guntur (AWS002),2026-08-01T02:00:00Z,27.22,77.5,1008.04,SYNTHETIC_SIMULATION,SCN_CLEAN_BASELINE,CLEAN_NORMAL,NONE,NONE,NORMAL,0,0,,,none,Normal ambient weather telemetry with diurnal solar cycles
AWS002,Guntur (AWS002),2026-08-01T03:00:00Z,27.6,76.9,1007.25,SYNTHETIC_SIMULATION,SCN_CLEAN_BASELINE,CLEAN_NORMAL,NONE,NONE,NORMAL,0,0,,,none,Normal ambient weather telemetry with diurnal solar cycles
AWS002,Guntur (AWS002),2026-08-01T04:00:00Z,28.27,74.7,1006.75,SYNTHETIC_SIMULATION,SCN_CLEAN_BASELINE,CLEAN_NORMAL,NONE,NONE,NORMAL,0,0,,,none,Normal ambient weather telemetry with diurnal solar cycles
AWS002,Guntur (AWS002),2026-08-01T05:00:00Z,28.73,72.9,1005.82,SYNTHETIC_SIMULATION,SCN_CLEAN_BASELINE,CLEAN_NORMAL,NONE,NONE,NORMAL,0,0,,,none,Normal ambient weather telemetry with diurnal solar cycles
AWS002,Guntur (AWS002),2026-08-01T06:00:00Z,29.84,69.4,1005.45,SYNTHETIC_SIMULATION,SCN_CLEAN_BASELINE,CLEAN_NORMAL,NONE,NONE,NORMAL,0,0,,,none,Normal ambient weather telemetry with diurnal solar cycles
AWS002,Guntur (AWS002),2026-08-01T07:00:00Z,30.46,67.1,1005.34,SYNTHETIC_SIMULATION,SCN_CLEAN_BASELINE,CLEAN_NORMAL,NONE,NONE,NORMAL,0,0,,,none,Normal ambient weather telemetry with diurnal solar cycles
AWS002,Guntur (AWS002),2026-08-01T08:00:00Z,31.34,63.9,1005.65,SYNTHETIC_SIMULATION,SCN_CLEAN_BASELINE,CLEAN_NORMAL,NONE,NONE,NORMAL,0,0,,,none,Normal ambient weather telemetry with diurnal solar cycles
AWS002,Guntur (AWS002),2026-08-01T09:00:00Z,33.77,58.6,1006.2,SYNTHETIC_SIMULATION,SCN_CLEAN_BASELINE,CLEAN_NORMAL,NONE,NONE,NORMAL,0,0,,,none,Normal ambient weather telemetry with diurnal solar cycles
AWS002,Guntur (AWS002),2026-08-01T10:00:00Z,35.15,55.0,1006.53,SYNTHETIC_SIMULATION,SCN_CLEAN_BASELINE,CLEAN_NORMAL,NONE,NONE,NORMAL,0,0,,,none,Normal ambient weather telemetry with diurnal solar cycles
AWS002,Guntur (AWS002),2026-08-01T11:00:00Z,36.97,52.6,1006.86,SYNTHETIC_SIMULATION,SCN_CLEAN_BASELINE,CLEAN_NORMAL,NONE,NONE,NORMAL,0,0,,,none,Normal ambient weather telemetry with diurnal solar cycles
AWS002,Guntur (AWS002),2026-08-01T12:00:00Z,37.37,50.9,1007.08,SYNTHETIC_SIMULATION,SCN_CLEAN_BASELINE,CLEAN_NORMAL,NONE,NONE,NORMAL,0,0,,,none,Normal ambient weather telemetry with diurnal solar cycles
AWS002,Guntur (AWS002),2026-08-01T13:00:00Z,37.94,47.5,1007.07,SYNTHETIC_SIMULATION,SCN_CLEAN_BASELINE,CLEAN_NORMAL,NONE,NONE,NORMAL,0,0,,,none,Normal ambient weather telemetry with diurnal solar cycles
AWS002,Guntur (AWS002),2026-08-01T14:00:00Z,38.66,46.9,1006.4,SYNTHETIC_SIMULATION,SCN_CLEAN_BASELINE,CLEAN_NORMAL,NONE,NONE,NORMAL,0,0,,,none,Normal ambient weather telemetry with diurnal solar cycles
AWS002,Guntur (AWS002),2026-08-01T15:00:00Z,38.26,45.8,1005.46,SYNTHETIC_SIMULATION,SCN_CLEAN_BASELINE,CLEAN_NORMAL,NONE,NONE,NORMAL,0,0,,,none,Normal ambient weather telemetry with diurnal solar cycles
AWS002,Guntur (AWS002),2026-08-01T16:00:00Z,38.5,48.1,1004.94,SYNTHETIC_SIMULATION,SCN_CLEAN_BASELINE,CLEAN_NORMAL,NONE,NONE,NORMAL,0,0,,,none,Normal ambient weather telemetry with diurnal solar cycles
AWS002,Guntur (AWS002),2026-08-01T17:00:00Z,38.15,47.2,1004.6,SYNTHETIC_SIMULATION,SCN_CLEAN_BASELINE,CLEAN_NORMAL,NONE,NONE,NORMAL,0,0,,,none,Normal ambient weather telemetry with diurnal solar cycles
AWS002,Guntur (AWS002),2026-08-01T18:00:00Z,37.1,51.5,1003.94,SYNTHETIC_SIMULATION,SCN_CLEAN_BASELINE,CLEAN_NORMAL,NONE,NONE,NORMAL,0,0,,,none,Normal ambient weather telemetry with diurnal solar cycles
AWS002,Guntur (AWS002),2026-08-01T19:00:00Z,35.32,54.0,1003.49,SYNTHETIC_SIMULATION,SCN_CLEAN_BASELINE,CLEAN_NORMAL,NONE,NONE,NORMAL,0,0,,,none,Normal ambient weather telemetry with diurnal solar cycles
AWS002,Guntur (AWS002),2026-08-01T20:00:00Z,34.18,57.9,1004.19,SYNTHETIC_SIMULATION,SCN_CLEAN_BASELINE,CLEAN_NORMAL,NONE,NONE,NORMAL,0,0,,,none,Normal ambient weather telemetry with diurnal solar cycles
AWS002,Guntur (AWS002),2026-08-01T21:00:00Z,32.98,60.8,1004.72,SYNTHETIC_SIMULATION,SCN_CLEAN_BASELINE,CLEAN_NORMAL,NONE,NONE,NORMAL,0,0,,,none,Normal ambient weather telemetry with diurnal solar cycles
AWS002,Guntur (AWS002),2026-08-01T22:00:00Z,31.87,62.0,1005.35,SYNTHETIC_SIMULATION,SCN_CLEAN_BASELINE,CLEAN_NORMAL,NONE,NONE,NORMAL,0,0,,,none,Normal ambient weather telemetry with diurnal solar cycles
AWS002,Guntur (AWS002),2026-08-01T23:00:00Z,31.06,66.8,1006.04,SYNTHETIC_SIMULATION,SCN_CLEAN_BASELINE,CLEAN_NORMAL,NONE,NONE,NORMAL,0,0,,,none,Normal ambient weather telemetry with diurnal solar cycles
AWS002,Guntur (AWS002),2026-08-02T00:00:00Z,30.14,69.4,1005.91,SYNTHETIC_SIMULATION,SCN_CLEAN_BASELINE,CLEAN_NORMAL,NONE,NONE,NORMAL,0,0,,,none,Normal ambient weather telemetry with diurnal solar cycles
AWS002,Guntur (AWS002),2026-08-02T01:00:00Z,29.24,71.7,1005.84,SYNTHETIC_SIMULATION,SCN_CLEAN_BASELINE,CLEAN_NORMAL,NONE,NONE,NORMAL,0,0,,,none,Normal ambient weather telemetry with diurnal solar cycles
AWS002,Guntur (AWS002),2026-08-02T02:00:00Z,28.77,70.9,1004.78,SYNTHETIC_SIMULATION,SCN_CLEAN_BASELINE,CLEAN_NORMAL,NONE,NONE,NORMAL,0,0,,,none,Normal ambient weather telemetry with diurnal solar cycles
AWS002,Guntur (AWS002),2026-08-02T03:00:00Z,29.28,69.6,1004.73,SYNTHETIC_SIMULATION,SCN_CLEAN_BASELINE,CLEAN_NORMAL,NONE,NONE,NORMAL,0,0,,,none,Normal ambient weather telemetry with diurnal solar cycles
AWS002,Guntur (AWS002),2026-08-02T04:00:00Z,29.99,69.7,1003.84,SYNTHETIC_SIMULATION,SCN_CLEAN_BASELINE,CLEAN_NORMAL,NONE,NONE,NORMAL,0,0,,,none,Normal ambient weather telemetry with diurnal solar cycles
AWS002,Guntur (AWS002),2026-08-02T05:00:00Z,29.72,68.2,1003.48,SYNTHETIC_SIMULATION,SCN_CLEAN_BASELINE,CLEAN_NORMAL,NONE,NONE,NORMAL,0,0,,,none,Normal ambient weather telemetry with diurnal solar cycles
AWS002,Guntur (AWS002),2026-08-02T06:00:00Z,30.96,67.0,1002.94,SYNTHETIC_SIMULATION,SCN_CLEAN_BASELINE,CLEAN_NORMAL,NONE,NONE,NORMAL,0,0,,,none,Normal ambient weather telemetry with diurnal solar cycles
AWS002,Guntur (AWS002),2026-08-02T07:00:00Z,32.26,62.5,1003.73,SYNTHETIC_SIMULATION,SCN_CLEAN_BASELINE,CLEAN_NORMAL,NONE,NONE,NORMAL,0,0,,,none,Normal ambient weather telemetry with diurnal solar cycles
AWS002,Guntur (AWS002),2026-08-02T08:00:00Z,33.38,61.6,1003.54,SYNTHETIC_SIMULATION,SCN_CLEAN_BASELINE,CLEAN_NORMAL,NONE,NONE,NORMAL,0,0,,,none,Normal ambient weather telemetry with diurnal solar cycles
AWS002,Guntur (AWS002),2026-08-02T09:00:00Z,34.42,56.2,1004.16,SYNTHETIC_SIMULATION,SCN_CLEAN_BASELINE,CLEAN_NORMAL,NONE,NONE,NORMAL,0,0,,,none,Normal ambient weather telemetry with diurnal solar cycles
AWS002,Guntur (AWS002),2026-08-02T10:00:00Z,36.49,52.5,1004.43,SYNTHETIC_SIMULATION,SCN_CLEAN_BASELINE,CLEAN_NORMAL,NONE,NONE,NORMAL,0,0,,,none,Normal ambient weather telemetry with diurnal solar cycles
AWS002,Guntur (AWS002),2026-08-02T11:00:00Z,36.67,50.3,1005.65,SYNTHETIC_SIMULATION,SCN_CLEAN_BASELINE,CLEAN_NORMAL,NONE,NONE,NORMAL,0,0,,,none,Normal ambient weather telemetry with diurnal solar cycles
AWS002,Guntur (AWS002),2026-08-02T12:00:00Z,38.98,47.2,1005.78,SYNTHETIC_SIMULATION,SCN_CLEAN_BASELINE,CLEAN_NORMAL,NONE,NONE,NORMAL,0,0,,,none,Normal ambient weather telemetry with diurnal solar cycles
AWS002,Guntur (AWS002),2026-08-02T13:00:00Z,39.69,44.5,1005.47,SYNTHETIC_SIMULATION,SCN_CLEAN_BASELINE,CLEAN_NORMAL,NONE,NONE,NORMAL,0,0,,,none,Normal ambient weather telemetry with diurnal solar cycles
AWS002,Guntur (AWS002),2026-08-02T14:00:00Z,38.75,44.5,1005.04,SYNTHETIC_SIMULATION,SCN_CLEAN_BASELINE,CLEAN_NORMAL,NONE,NONE,NORMAL,0,0,,,none,Normal ambient weather telemetry with diurnal solar cycles
AWS002,Guntur (AWS002),2026-08-02T15:00:00Z,39.16,44.3,1004.34,SYNTHETIC_SIMULATION,SCN_CLEAN_BASELINE,CLEAN_NORMAL,NONE,NONE,NORMAL,0,0,,,none,Normal ambient weather telemetry with diurnal solar cycles
AWS002,Guntur (AWS002),2026-08-02T16:00:00Z,39.52,43.3,1003.89,SYNTHETIC_SIMULATION,SCN_CLEAN_BASELINE,CLEAN_NORMAL,NONE,NONE,NORMAL,0,0,,,none,Normal ambient weather telemetry with diurnal solar cycles
AWS002,Guntur (AWS002),2026-08-02T17:00:00Z,38.44,48.4,1003.21,SYNTHETIC_SIMULATION,SCN_CLEAN_BASELINE,CLEAN_NORMAL,NONE,NONE,NORMAL,0,0,,,none,Normal ambient weather telemetry with diurnal solar cycles
AWS002,Guntur (AWS002),2026-08-02T18:00:00Z,37.62,48.6,1003.16,SYNTHETIC_SIMULATION,SCN_CLEAN_BASELINE,CLEAN_NORMAL,NONE,NONE,NORMAL,0,0,,,none,Normal ambient weather telemetry with diurnal solar cycles
AWS002,Guntur (AWS002),2026-08-02T19:00:00Z,36.31,53.0,1003.36,SYNTHETIC_SIMULATION,SCN_CLEAN_BASELINE,CLEAN_NORMAL,NONE,NONE,NORMAL,0,0,,,none,Normal ambient weather telemetry with diurnal solar cycles
AWS002,Guntur (AWS002),2026-08-02T20:00:00Z,34.37,56.2,1003.88,SYNTHETIC_SIMULATION,SCN_CLEAN_BASELINE,CLEAN_NORMAL,NONE,NONE,NORMAL,0,0,,,none,Normal ambient weather telemetry with diurnal solar cycles
AWS002,Guntur (AWS002),2026-08-02T21:00:00Z,33.5,61.6,1005.04,SYNTHETIC_SIMULATION,SCN_CLEAN_BASELINE,CLEAN_NORMAL,NONE,NONE,NORMAL,0,0,,,none,Normal ambient weather telemetry with diurnal solar cycles
AWS002,Guntur (AWS002),2026-08-02T22:00:00Z,32.1,64.2,1005.69,SYNTHETIC_SIMULATION,SCN_CLEAN_BASELINE,CLEAN_NORMAL,NONE,NONE,NORMAL,0,0,,,none,Normal ambient weather telemetry with diurnal solar cycles
AWS002,Guntur (AWS002),2026-08-02T23:00:00Z,30.78,66.0,1006.57,SYNTHETIC_SIMULATION,SCN_CLEAN_BASELINE,CLEAN_NORMAL,NONE,NONE,NORMAL,0,0,,,none,Normal ambient weather telemetry with diurnal solar cycles
AWS002,Guntur (AWS002),2026-08-03T00:00:00Z,29.74,70.7,1006.25,SYNTHETIC_SIMULATION,SCN_CLEAN_BASELINE,CLEAN_NORMAL,NONE,NONE,NORMAL,0,0,,,none,Normal ambient weather telemetry with diurnal solar cycles
AWS002,Guntur (AWS002),2026-08-03T01:00:00Z,28.7,73.6,1006.54,SYNTHETIC_SIMULATION,SCN_CLEAN_BASELINE,CLEAN_NORMAL,NONE,NONE,NORMAL,0,0,,,none,Normal ambient weather telemetry with diurnal solar cycles
AWS002,Guntur (AWS002),2026-08-03T02:00:00Z,28.85,72.7,1005.94,SYNTHETIC_SIMULATION,SCN_CLEAN_BASELINE,CLEAN_NORMAL,NONE,NONE,NORMAL,0,0,,,none,Normal ambient weather telemetry with diurnal solar cycles
AWS002,Guntur (AWS002),2026-08-03T03:00:00Z,28.34,73.4,1005.48,SYNTHETIC_SIMULATION,SCN_CLEAN_BASELINE,CLEAN_NORMAL,NONE,NONE,NORMAL,0,0,,,none,Normal ambient weather telemetry with diurnal solar cycles
AWS002,Guntur (AWS002),2026-08-03T04:00:00Z,28.73,73.5,1004.8,SYNTHETIC_SIMULATION,SCN_CLEAN_BASELINE,CLEAN_NORMAL,NONE,NONE,NORMAL,0,0,,,none,Normal ambient weather telemetry with diurnal solar cycles
AWS002,Guntur (AWS002),2026-08-03T05:00:00Z,29.07,71.6,1004.63,SYNTHETIC_SIMULATION,SCN_CLEAN_BASELINE,CLEAN_NORMAL,NONE,NONE,NORMAL,0,0,,,none,Normal ambient weather telemetry with diurnal solar cycles
AWS002,Guntur (AWS002),2026-08-03T06:00:00Z,30.91,70.2,1004.53,SYNTHETIC_SIMULATION,SCN_CLEAN_BASELINE,CLEAN_NORMAL,NONE,NONE,NORMAL,0,0,,,none,Normal ambient weather telemetry with diurnal solar cycles
AWS002,Guntur (AWS002),2026-08-03T07:00:00Z,31.55,65.7,1004.94,SYNTHETIC_SIMULATION,SCN_CLEAN_BASELINE,CLEAN_NORMAL,NONE,NONE,NORMAL,0,0,,,none,Normal ambient weather telemetry with diurnal solar cycles
AWS002,Guntur (AWS002),2026-08-03T08:00:00Z,32.65,63.3,1005.54,SYNTHETIC_SIMULATION,SCN_CLEAN_BASELINE,CLEAN_NORMAL,NONE,NONE,NORMAL,0,0,,,none,Normal ambient weather telemetry with diurnal solar cycles
AWS002,Guntur (AWS002),2026-08-03T09:00:00Z,33.33,60.1,1006.49,SYNTHETIC_SIMULATION,SCN_CLEAN_BASELINE,CLEAN_NORMAL,NONE,NONE,NORMAL,0,0,,,none,Normal ambient weather telemetry with diurnal solar cycles
AWS002,Guntur (AWS002),2026-08-03T10:00:00Z,34.99,56.9,1006.92,SYNTHETIC_SIMULATION,SCN_CLEAN_BASELINE,CLEAN_NORMAL,NONE,NONE,NORMAL,0,0,,,none,Normal ambient weather telemetry with diurnal solar cycles
AWS002,Guntur (AWS002),2026-08-03T11:00:00Z,35.4,51.8,1007.99,SYNTHETIC_SIMULATION,SCN_CLEAN_BASELINE,CLEAN_NORMAL,NONE,NONE,NORMAL,0,0,,,none,Normal ambient weather telemetry with diurnal solar cycles
AWS002,Guntur (AWS002),2026-08-03T12:00:00Z,36.92,51.5,1008.1,SYNTHETIC_SIMULATION,SCN_CLEAN_BASELINE,CLEAN_NORMAL,NONE,NONE,NORMAL,0,0,,,none,Normal ambient weather telemetry with diurnal solar cycles
AWS002,Guntur (AWS002),2026-08-03T13:00:00Z,37.39,48.0,1007.94,SYNTHETIC_SIMULATION,SCN_CLEAN_BASELINE,CLEAN_NORMAL,NONE,NONE,NORMAL,0,0,,,none,Normal ambient weather telemetry with diurnal solar cycles
AWS002,Guntur (AWS002),2026-08-03T14:00:00Z,37.62,46.7,1007.79,SYNTHETIC_SIMULATION,SCN_CLEAN_BASELINE,CLEAN_NORMAL,NONE,NONE,NORMAL,0,0,,,none,Normal ambient weather telemetry with diurnal solar cycles
AWS002,Guntur (AWS002),2026-08-03T15:00:00Z,38.03,48.5,1007.37,SYNTHETIC_SIMULATION,SCN_CLEAN_BASELINE,CLEAN_NORMAL,NONE,NONE,NORMAL,0,0,,,none,Normal ambient weather telemetry with diurnal solar cycles
AWS002,Guntur (AWS002),2026-08-03T16:00:00Z,37.0,49.8,1007.13,SYNTHETIC_SIMULATION,SCN_CLEAN_BASELINE,CLEAN_NORMAL,NONE,NONE,NORMAL,0,0,,,none,Normal ambient weather telemetry with diurnal solar cycles
AWS002,Guntur (AWS002),2026-08-03T17:00:00Z,36.3,52.4,1006.6,SYNTHETIC_SIMULATION,SCN_CLEAN_BASELINE,CLEAN_NORMAL,NONE,NONE,NORMAL,0,0,,,none,Normal ambient weather telemetry with diurnal solar cycles
AWS002,Guntur (AWS002),2026-08-03T18:00:00Z,34.89,53.6,1006.5,SYNTHETIC_SIMULATION,SCN_CLEAN_BASELINE,CLEAN_NORMAL,NONE,NONE,NORMAL,0,0,,,none,Normal ambient weather telemetry with diurnal solar cycles
AWS002,Guntur (AWS002),2026-08-03T19:00:00Z,33.98,57.7,1006.84,SYNTHETIC_SIMULATION,SCN_CLEAN_BASELINE,CLEAN_NORMAL,NONE,NONE,NORMAL,0,0,,,none,Normal ambient weather telemetry with diurnal solar cycles
AWS002,Guntur (AWS002),2026-08-03T20:00:00Z,32.5,62.1,1007.43,SYNTHETIC_SIMULATION,SCN_CLEAN_BASELINE,CLEAN_NORMAL,NONE,NONE,NORMAL,0,0,,,none,Normal ambient weather telemetry with diurnal solar cycles
AWS002,Guntur (AWS002),2026-08-03T21:00:00Z,30.85,68.7,1007.85,SYNTHETIC_SIMULATION,SCN_CLEAN_BASELINE,CLEAN_NORMAL,NONE,NONE,NORMAL,0,0,,,none,Normal ambient weather telemetry with diurnal solar cycles
AWS002,Guntur (AWS002),2026-08-03T22:00:00Z,29.55,71.6,1008.88,SYNTHETIC_SIMULATION,SCN_CLEAN_BASELINE,CLEAN_NORMAL,NONE,NONE,NORMAL,0,0,,,none,Normal ambient weather telemetry with diurnal solar cycles
AWS002,Guntur (AWS002),2026-08-03T23:00:00Z,28.78,72.5,1010.2,SYNTHETIC_SIMULATION,SCN_CLEAN_BASELINE,CLEAN_NORMAL,NONE,NONE,NORMAL,0,0,,,none,Normal ambient weather telemetry with diurnal solar cycles
AWS002,Guntur (AWS002),2026-08-04T00:00:00Z,27.57,80.1,1009.86,SYNTHETIC_SIMULATION,SCN_CLEAN_BASELINE,CLEAN_NORMAL,NONE,NONE,NORMAL,0,0,,,none,Normal ambient weather telemetry with diurnal solar cycles
AWS002,Guntur (AWS002),2026-08-04T01:00:00Z,27.09,78.0,1010.32,SYNTHETIC_SIMULATION,SCN_CLEAN_BASELINE,CLEAN_NORMAL,NONE,NONE,NORMAL,0,0,,,none,Normal ambient weather telemetry with diurnal solar cycles
AWS002,Guntur (AWS002),2026-08-04T02:00:00Z,26.11,81.0,1009.79,SYNTHETIC_SIMULATION,SCN_CLEAN_BASELINE,CLEAN_NORMAL,NONE,NONE,NORMAL,0,0,,,none,Normal ambient weather telemetry with diurnal solar cycles
AWS002,Guntur (AWS002),2026-08-04T03:00:00Z,26.5,82.0,1009.5,SYNTHETIC_SIMULATION,SCN_CLEAN_BASELINE,CLEAN_NORMAL,NONE,NONE,NORMAL,0,0,,,none,Normal ambient weather telemetry with diurnal solar cycles
AWS002,Guntur (AWS002),2026-08-04T04:00:00Z,25.89,78.6,1009.03,SYNTHETIC_SIMULATION,SCN_CLEAN_BASELINE,CLEAN_NORMAL,NONE,NONE,NORMAL,0,0,,,none,Normal ambient weather telemetry with diurnal solar cycles
AWS002,Guntur (AWS002),2026-08-04T05:00:00Z,26.36,76.8,1008.72,SYNTHETIC_SIMULATION,SCN_CLEAN_BASELINE,CLEAN_NORMAL,NONE,NONE,NORMAL,0,0,,,none,Normal ambient weather telemetry with diurnal solar cycles
AWS002,Guntur (AWS002),2026-08-04T06:00:00Z,27.67,73.2,1008.51,SYNTHETIC_SIMULATION,SCN_CLEAN_BASELINE,CLEAN_NORMAL,NONE,NONE,NORMAL,0,0,,,none,Normal ambient weather telemetry with diurnal solar cycles
AWS002,Guntur (AWS002),2026-08-04T07:00:00Z,28.91,72.1,1008.89,SYNTHETIC_SIMULATION,SCN_CLEAN_BASELINE,CLEAN_NORMAL,NONE,NONE,NORMAL,0,0,,,none,Normal ambient weather telemetry with diurnal solar cycles
AWS002,Guntur (AWS002),2026-08-04T08:00:00Z,30.12,67.6,1009.06,SYNTHETIC_SIMULATION,SCN_CLEAN_BASELINE,CLEAN_NORMAL,NONE,NONE,NORMAL,0,0,,,none,Normal ambient weather telemetry with diurnal solar cycles
AWS002,Guntur (AWS002),2026-08-04T09:00:00Z,31.45,63.2,1009.94,SYNTHETIC_SIMULATION,SCN_CLEAN_BASELINE,CLEAN_NORMAL,NONE,NONE,NORMAL,0,0,,,none,Normal ambient weather telemetry with diurnal solar cycles
AWS002,Guntur (AWS002),2026-08-04T10:00:00Z,32.52,62.6,1011.28,SYNTHETIC_SIMULATION,SCN_CLEAN_BASELINE,CLEAN_NORMAL,NONE,NONE,NORMAL,0,0,,,none,Normal ambient weather telemetry with diurnal solar cycles
AWS002,Guntur (AWS002),2026-08-04T11:00:00Z,33.8,57.6,1011.87,SYNTHETIC_SIMULATION,SCN_CLEAN_BASELINE,CLEAN_NORMAL,NONE,NONE,NORMAL,0,0,,,none,Normal ambient weather telemetry with diurnal solar cycles
AWS002,Guntur (AWS002),2026-08-04T12:00:00Z,33.99,57.0,1011.72,SYNTHETIC_SIMULATION,SCN_CLEAN_BASELINE,CLEAN_NORMAL,NONE,NONE,NORMAL,0,0,,,none,Normal ambient weather telemetry with diurnal solar cycles
AWS002,Guntur (AWS002),2026-08-04T13:00:00Z,35.03,54.2,1011.83,SYNTHETIC_SIMULATION,SCN_CLEAN_BASELINE,CLEAN_NORMAL,NONE,NONE,NORMAL,0,0,,,none,Normal ambient weather telemetry with diurnal solar cycles
AWS002,Guntur (AWS002),2026-08-04T14:00:00Z,35.29,55.4,1011.28,SYNTHETIC_SIMULATION,SCN_CLEAN_BASELINE,CLEAN_NORMAL,NONE,NONE,NORMAL,0,0,,,none,Normal ambient weather telemetry with diurnal solar cycles
AWS002,Guntur (AWS002),2026-08-04T15:00:00Z,35.62,53.4,1010.86,SYNTHETIC_SIMULATION,SCN_CLEAN_BASELINE,CLEAN_NORMAL,NONE,NONE,NORMAL,0,0,,,none,Normal ambient weather telemetry with diurnal solar cycles
AWS002,Guntur (AWS002),2026-08-04T16:00:00Z,34.81,55.0,1010.09,SYNTHETIC_SIMULATION,SCN_CLEAN_BASELINE,CLEAN_NORMAL,NONE,NONE,NORMAL,0,0,,,none,Normal ambient weather telemetry with diurnal solar cycles
AWS002,Guntur (AWS002),2026-08-04T17:00:00Z,34.36,57.6,1009.87,SYNTHETIC_SIMULATION,SCN_CLEAN_BASELINE,CLEAN_NORMAL,NONE,NONE,NORMAL,0,0,,,none,Normal ambient weather telemetry with diurnal solar cycles
AWS002,Guntur (AWS002),2026-08-04T18:00:00Z,32.79,60.0,1009.63,SYNTHETIC_SIMULATION,SCN_CLEAN_BASELINE,CLEAN_NORMAL,NONE,NONE,NORMAL,0,0,,,none,Normal ambient weather telemetry with diurnal solar cycles
AWS002,Guntur (AWS002),2026-08-04T19:00:00Z,32.04,63.3,1009.73,SYNTHETIC_SIMULATION,SCN_CLEAN_BASELINE,CLEAN_NORMAL,NONE,NONE,NORMAL,0,0,,,none,Normal ambient weather telemetry with diurnal solar cycles
AWS002,Guntur (AWS002),2026-08-04T20:00:00Z,31.21,67.7,1010.18,SYNTHETIC_SIMULATION,SCN_CLEAN_BASELINE,CLEAN_NORMAL,NONE,NONE,NORMAL,0,0,,,none,Normal ambient weather telemetry with diurnal solar cycles
AWS002,Guntur (AWS002),2026-08-04T21:00:00Z,29.46,69.4,1011.06,SYNTHETIC_SIMULATION,SCN_CLEAN_BASELINE,CLEAN_NORMAL,NONE,NONE,NORMAL,0,0,,,none,Normal ambient weather telemetry with diurnal solar cycles
AWS002,Guntur (AWS002),2026-08-04T22:00:00Z,27.69,75.4,1011.87,SYNTHETIC_SIMULATION,SCN_CLEAN_BASELINE,CLEAN_NORMAL,NONE,NONE,NORMAL,0,0,,,none,Normal ambient weather telemetry with diurnal solar cycles
AWS002,Guntur (AWS002),2026-08-04T23:00:00Z,26.46,77.3,1012.04,SYNTHETIC_SIMULATION,SCN_CLEAN_BASELINE,CLEAN_NORMAL,NONE,NONE,NORMAL,0,0,,,none,Normal ambient weather telemetry with diurnal solar cycles
AWS002,Guntur (AWS002),2026-08-05T00:00:00Z,25.14,80.0,1012.65,SYNTHETIC_SIMULATION,SCN_CLEAN_BASELINE,CLEAN_NORMAL,NONE,NONE,NORMAL,0,0,,,none,Normal ambient weather telemetry with diurnal solar cycles
AWS002,Guntur (AWS002),2026-08-05T01:00:00Z,24.94,83.3,1012.94,SYNTHETIC_SIMULATION,SCN_CLEAN_BASELINE,CLEAN_NORMAL,NONE,NONE,NORMAL,0,0,,,none,Normal ambient weather telemetry with diurnal solar cycles
AWS002,Guntur (AWS002),2026-08-05T02:00:00Z,24.61,84.1,1012.02,SYNTHETIC_SIMULATION,SCN_CLEAN_BASELINE,CLEAN_NORMAL,NONE,NONE,NORMAL,0,0,,,none,Normal ambient weather telemetry with diurnal solar cycles
AWS002,Guntur (AWS002),2026-08-05T03:00:00Z,24.34,82.5,1011.51,SYNTHETIC_SIMULATION,SCN_CLEAN_BASELINE,CLEAN_NORMAL,NONE,NONE,NORMAL,0,0,,,none,Normal ambient weather telemetry with diurnal solar cycles
AWS002,Guntur (AWS002),2026-08-05T04:00:00Z,25.65,83.6,1010.64,SYNTHETIC_SIMULATION,SCN_CLEAN_BASELINE,CLEAN_NORMAL,NONE,NONE,NORMAL,0,0,,,none,Normal ambient weather telemetry with diurnal solar cycles
AWS002,Guntur (AWS002),2026-08-05T05:00:00Z,25.66,79.3,1009.87,SYNTHETIC_SIMULATION,SCN_CLEAN_BASELINE,CLEAN_NORMAL,NONE,NONE,NORMAL,0,0,,,none,Normal ambient weather telemetry with diurnal solar cycles
AWS002,Guntur (AWS002),2026-08-05T06:00:00Z,26.53,77.9,1009.7,SYNTHETIC_SIMULATION,SCN_CLEAN_BASELINE,CLEAN_NORMAL,NONE,NONE,NORMAL,0,0,,,none,Normal ambient weather telemetry with diurnal solar cycles
AWS002,Guntur (AWS002),2026-08-05T07:00:00Z,27.88,71.3,1010.22,SYNTHETIC_SIMULATION,SCN_CLEAN_BASELINE,CLEAN_NORMAL,NONE,NONE,NORMAL,0,0,,,none,Normal ambient weather telemetry with diurnal solar cycles
AWS002,Guntur (AWS002),2026-08-05T08:00:00Z,29.49,70.3,1010.73,SYNTHETIC_SIMULATION,SCN_CLEAN_BASELINE,CLEAN_NORMAL,NONE,NONE,NORMAL,0,0,,,none,Normal ambient weather telemetry with diurnal solar cycles
AWS002,Guntur (AWS002),2026-08-05T09:00:00Z,30.3,66.6,1011.42,SYNTHETIC_SIMULATION,SCN_CLEAN_BASELINE,CLEAN_NORMAL,NONE,NONE,NORMAL,0,0,,,none,Normal ambient weather telemetry with diurnal solar cycles
AWS002,Guntur (AWS002),2026-08-05T10:00:00Z,31.45,,1011.91,SYNTHETIC_SIMULATION,SCN_CLEAN_BASELINE,CLEAN_NORMAL,NONE,NONE,NORMAL,0,0,,,none,Normal ambient weather telemetry with diurnal solar cycles
AWS002,Guntur (AWS002),2026-08-05T11:00:00Z,33.46,59.8,1012.36,SYNTHETIC_SIMULATION,SCN_CLEAN_BASELINE,CLEAN_NORMAL,NONE,NONE,NORMAL,0,0,,,none,Normal ambient weather telemetry with diurnal solar cycles
AWS002,Guntur (AWS002),2026-08-05T12:00:00Z,34.11,54.8,1012.28,SYNTHETIC_SIMULATION,SCN_CLEAN_BASELINE,CLEAN_NORMAL,NONE,NONE,NORMAL,0,0,,,none,Normal ambient weather telemetry with diurnal solar cycles
AWS002,Guntur (AWS002),2026-08-05T13:00:00Z,34.78,56.3,1012.36,SYNTHETIC_SIMULATION,SCN_CLEAN_BASELINE,CLEAN_NORMAL,NONE,NONE,NORMAL,0,0,,,none,Normal ambient weather telemetry with diurnal solar cycles
AWS002,Guntur (AWS002),2026-08-05T14:00:00Z,36.05,53.7,1011.3,SYNTHETIC_SIMULATION,SCN_CLEAN_BASELINE,CLEAN_NORMAL,NONE,NONE,NORMAL,0,0,,,none,Normal ambient weather telemetry with diurnal solar cycles
AWS002,Guntur (AWS002),2026-08-05T15:00:00Z,35.81,53.1,1010.46,SYNTHETIC_SIMULATION,SCN_CLEAN_BASELINE,CLEAN_NORMAL,NONE,NONE,NORMAL,0,0,,,none,Normal ambient weather telemetry with diurnal solar cycles
AWS002,Guntur (AWS002),2026-08-05T16:00:00Z,35.03,54.7,1009.98,SYNTHETIC_SIMULATION,SCN_CLEAN_BASELINE,CLEAN_NORMAL,NONE,NONE,NORMAL,0,0,,,none,Normal ambient weather telemetry with diurnal solar cycles
AWS002,Guntur (AWS002),2026-08-05T17:00:00Z,35.31,58.7,1009.21,SYNTHETIC_SIMULATION,SCN_CLEAN_BASELINE,CLEAN_NORMAL,NONE,NONE,NORMAL,0,0,,,none,Normal ambient weather telemetry with diurnal solar cycles
AWS002,Guntur (AWS002),2026-08-05T18:00:00Z,33.25,59.4,1009.05,SYNTHETIC_SIMULATION,SCN_CLEAN_BASELINE,CLEAN_NORMAL,NONE,NONE,NORMAL,0,0,,,none,Normal ambient weather telemetry with diurnal solar cycles
AWS002,Guntur (AWS002),2026-08-05T19:00:00Z,32.48,60.2,1009.17,SYNTHETIC_SIMULATION,SCN_CLEAN_BASELINE,CLEAN_NORMAL,NONE,NONE,NORMAL,0,0,,,none,Normal ambient weather telemetry with diurnal solar cycles
AWS002,Guntur (AWS002),2026-08-05T20:00:00Z,31.51,66.7,1009.16,SYNTHETIC_SIMULATION,SCN_CLEAN_BASELINE,CLEAN_NORMAL,NONE,NONE,NORMAL,0,0,,,none,Normal ambient weather telemetry with diurnal solar cycles
AWS002,Guntur (AWS002),2026-08-05T21:00:00Z,30.28,70.2,1010.03,SYNTHETIC_SIMULATION,SCN_CLEAN_BASELINE,CLEAN_NORMAL,NONE,NONE,NORMAL,0,0,,,none,Normal ambient weather telemetry with diurnal solar cycles
AWS002,Guntur (AWS002),2026-08-05T22:00:00Z,28.9,73.4,1010.78,SYNTHETIC_SIMULATION,SCN_CLEAN_BASELINE,CLEAN_NORMAL,NONE,NONE,NORMAL,0,0,,,none,Normal ambient weather telemetry with diurnal solar cycles
AWS002,Guntur (AWS002),2026-08-05T23:00:00Z,27.06,74.7,1011.08,SYNTHETIC_SIMULATION,SCN_CLEAN_BASELINE,CLEAN_NORMAL,NONE,NONE,NORMAL,0,0,,,none,Normal ambient weather telemetry with diurnal solar cycles
AWS002,Guntur (AWS002),2026-08-06T00:00:00Z,26.96,77.4,1010.87,SYNTHETIC_SIMULATION,SCN_CLEAN_BASELINE,CLEAN_NORMAL,NONE,NONE,NORMAL,0,0,,,none,Normal ambient weather telemetry with diurnal solar cycles
AWS002,Guntur (AWS002),2026-08-06T01:00:00Z,26.48,79.7,1010.8,SYNTHETIC_SIMULATION,SCN_CLEAN_BASELINE,CLEAN_NORMAL,NONE,NONE,NORMAL,0,0,,,none,Normal ambient weather telemetry with diurnal solar cycles
AWS002,Guntur (AWS002),2026-08-06T02:00:00Z,25.98,79.0,1010.11,SYNTHETIC_SIMULATION,SCN_CLEAN_BASELINE,CLEAN_NORMAL,NONE,NONE,NORMAL,0,0,,,none,Normal ambient weather telemetry with diurnal solar cycles
AWS002,Guntur (AWS002),2026-08-06T03:00:00Z,26.06,78.7,1008.94,SYNTHETIC_SIMULATION,SCN_CLEAN_BASELINE,CLEAN_NORMAL,NONE,NONE,NORMAL,0,0,,,none,Normal ambient weather telemetry with diurnal solar cycles
AWS002,Guntur (AWS002),2026-08-06T04:00:00Z,26.4,78.8,1008.3,SYNTHETIC_SIMULATION,SCN_CLEAN_BASELINE,CLEAN_NORMAL,NONE,NONE,NORMAL,0,0,,,none,Normal ambient weather telemetry with diurnal solar cycles
AWS002,Guntur (AWS002),2026-08-06T05:00:00Z,27.75,75.1,1007.42,SYNTHETIC_SIMULATION,SCN_CLEAN_BASELINE,CLEAN_NORMAL,NONE,NONE,NORMAL,0,0,,,none,Normal ambient weather telemetry with diurnal solar cycles
AWS002,Guntur (AWS002),2026-08-06T06:00:00Z,28.3,75.7,1007.46,SYNTHETIC_SIMULATION,SCN_CLEAN_BASELINE,CLEAN_NORMAL,NONE,NONE,NORMAL,0,0,,,none,Normal ambient weather telemetry with diurnal solar cycles
AWS002,Guntur (AWS002),2026-08-06T07:00:00Z,29.53,69.9,1006.93,SYNTHETIC_SIMULATION,SCN_CLEAN_BASELINE,CLEAN_NORMAL,NONE,NONE,NORMAL,0,0,,,none,Normal ambient weather telemetry with diurnal solar cycles
AWS002,Guntur (AWS002),2026-08-06T08:00:00Z,31.01,67.3,1007.67,SYNTHETIC_SIMULATION,SCN_CLEAN_BASELINE,CLEAN_NORMAL,NONE,NONE,NORMAL,0,0,,,none,Normal ambient weather telemetry with diurnal solar cycles
AWS002,Guntur (AWS002),2026-08-06T09:00:00Z,32.22,63.1,1008.41,SYNTHETIC_SIMULATION,SCN_CLEAN_BASELINE,CLEAN_NORMAL,NONE,NONE,NORMAL,0,0,,,none,Normal ambient weather telemetry with diurnal solar cycles
AWS002,Guntur (AWS002),2026-08-06T10:00:00Z,33.82,60.6,1008.7,SYNTHETIC_SIMULATION,SCN_CLEAN_BASELINE,CLEAN_NORMAL,NONE,NONE,NORMAL,0,0,,,none,Normal ambient weather telemetry with diurnal solar cycles
AWS002,Guntur (AWS002),2026-08-06T11:00:00Z,35.34,54.4,1009.12,SYNTHETIC_SIMULATION,SCN_CLEAN_BASELINE,CLEAN_NORMAL,NONE,NONE,NORMAL,0,0,,,none,Normal ambient weather telemetry with diurnal solar cycles
AWS002,Guntur (AWS002),2026-08-06T12:00:00Z,36.23,51.3,1008.77,SYNTHETIC_SIMULATION,SCN_CLEAN_BASELINE,CLEAN_NORMAL,NONE,NONE,NORMAL,0,0,,,none,Normal ambient weather telemetry with diurnal solar cycles
AWS002,Guntur (AWS002),2026-08-06T13:00:00Z,37.4,50.4,1009.1,SYNTHETIC_SIMULATION,SCN_CLEAN_BASELINE,CLEAN_NORMAL,NONE,NONE,NORMAL,0,0,,,none,Normal ambient weather telemetry with diurnal solar cycles
AWS002,Guntur (AWS002),2026-08-06T14:00:00Z,37.12,48.0,1008.09,SYNTHETIC_SIMULATION,SCN_CLEAN_BASELINE,CLEAN_NORMAL,NONE,NONE,NORMAL,0,0,,,none,Normal ambient weather telemetry with diurnal solar cycles
AWS002,Guntur (AWS002),2026-08-06T15:00:00Z,37.13,48.5,1007.8,SYNTHETIC_SIMULATION,SCN_CLEAN_BASELINE,CLEAN_NORMAL,NONE,NONE,NORMAL,0,0,,,none,Normal ambient weather telemetry with diurnal solar cycles
AWS002,Guntur (AWS002),2026-08-06T16:00:00Z,37.05,50.4,1006.67,SYNTHETIC_SIMULATION,SCN_CLEAN_BASELINE,CLEAN_NORMAL,NONE,NONE,NORMAL,0,0,,,none,Normal ambient weather telemetry with diurnal solar cycles
AWS002,Guntur (AWS002),2026-08-06T17:00:00Z,37.08,51.4,1005.95,SYNTHETIC_SIMULATION,SCN_CLEAN_BASELINE,CLEAN_NORMAL,NONE,NONE,NORMAL,0,0,,,none,Normal ambient weather telemetry with diurnal solar cycles
AWS002,Guntur (AWS002),2026-08-06T18:00:00Z,36.13,52.9,1005.48,SYNTHETIC_SIMULATION,SCN_CLEAN_BASELINE,CLEAN_NORMAL,NONE,NONE,NORMAL,0,0,,,none,Normal ambient weather telemetry with diurnal solar cycles
AWS002,Guntur (AWS002),2026-08-06T19:00:00Z,34.9,56.1,1005.42,SYNTHETIC_SIMULATION,SCN_CLEAN_BASELINE,CLEAN_NORMAL,NONE,NONE,NORMAL,0,0,,,none,Normal ambient weather telemetry with diurnal solar cycles
AWS002,Guntur (AWS002),2026-08-06T20:00:00Z,34.09,60.2,1005.55,SYNTHETIC_SIMULATION,SCN_CLEAN_BASELINE,CLEAN_NORMAL,NONE,NONE,NORMAL,0,0,,,none,Normal ambient weather telemetry with diurnal solar cycles
AWS002,Guntur (AWS002),2026-08-06T21:00:00Z,32.49,64.5,1006.58,SYNTHETIC_SIMULATION,SCN_CLEAN_BASELINE,CLEAN_NORMAL,NONE,NONE,NORMAL,0,0,,,none,Normal ambient weather telemetry with diurnal solar cycles
AWS002,Guntur (AWS002),2026-08-06T22:00:00Z,31.35,68.4,1007.14,SYNTHETIC_SIMULATION,SCN_CLEAN_BASELINE,CLEAN_NORMAL,NONE,NONE,NORMAL,0,0,,,none,Normal ambient weather telemetry with diurnal solar cycles
AWS002,Guntur (AWS002),2026-08-06T23:00:00Z,30.25,71.0,1007.17,SYNTHETIC_SIMULATION,SCN_CLEAN_BASELINE,CLEAN_NORMAL,NONE,NONE,NORMAL,0,0,,,none,Normal ambient weather telemetry with diurnal solar cycles
AWS002,Guntur (AWS002),2026-08-07T00:00:00Z,29.47,72.4,1007.51,SYNTHETIC_SIMULATION,SCN_CLEAN_BASELINE,CLEAN_NORMAL,NONE,NONE,NORMAL,0,0,,,none,Normal ambient weather telemetry with diurnal solar cycles
AWS002,Guntur (AWS002),2026-08-07T01:00:00Z,28.55,73.0,1006.85,SYNTHETIC_SIMULATION,SCN_CLEAN_BASELINE,CLEAN_NORMAL,NONE,NONE,NORMAL,0,0,,,none,Normal ambient weather telemetry with diurnal solar cycles
AWS002,Guntur (AWS002),2026-08-07T02:00:00Z,27.83,74.3,1006.33,SYNTHETIC_SIMULATION,SCN_CLEAN_BASELINE,CLEAN_NORMAL,NONE,NONE,NORMAL,0,0,,,none,Normal ambient weather telemetry with diurnal solar cycles
AWS002,Guntur (AWS002),2026-08-07T03:00:00Z,28.53,73.7,1005.4,SYNTHETIC_SIMULATION,SCN_CLEAN_BASELINE,CLEAN_NORMAL,NONE,NONE,NORMAL,0,0,,,none,Normal ambient weather telemetry with diurnal solar cycles
AWS002,Guntur (AWS002),2026-08-07T04:00:00Z,28.51,72.7,1005.11,SYNTHETIC_SIMULATION,SCN_CLEAN_BASELINE,CLEAN_NORMAL,NONE,NONE,NORMAL,0,0,,,none,Normal ambient weather telemetry with diurnal solar cycles
AWS002,Guntur (AWS002),2026-08-07T05:00:00Z,29.54,71.4,1003.94,SYNTHETIC_SIMULATION,SCN_CLEAN_BASELINE,CLEAN_NORMAL,NONE,NONE,NORMAL,0,0,,,none,Normal ambient weather telemetry with diurnal solar cycles
AWS002,Guntur (AWS002),2026-08-07T06:00:00Z,30.06,68.1,1003.96,SYNTHETIC_SIMULATION,SCN_CLEAN_BASELINE,CLEAN_NORMAL,NONE,NONE,NORMAL,0,0,,,none,Normal ambient weather telemetry with diurnal solar cycles
AWS002,Guntur (AWS002),2026-08-07T07:00:00Z,31.11,62.8,1004.11,SYNTHETIC_SIMULATION,SCN_CLEAN_BASELINE,CLEAN_NORMAL,NONE,NONE,NORMAL,0,0,,,none,Normal ambient weather telemetry with diurnal solar cycles
AWS002,Guntur (AWS002),2026-08-07T08:00:00Z,33.66,62.7,1004.11,SYNTHETIC_SIMULATION,SCN_CLEAN_BASELINE,CLEAN_NORMAL,NONE,NONE,NORMAL,0,0,,,none,Normal ambient weather telemetry with diurnal solar cycles
AWS002,Guntur (AWS002),2026-08-07T09:00:00Z,34.65,56.8,1004.93,SYNTHETIC_SIMULATION,SCN_CLEAN_BASELINE,CLEAN_NORMAL,NONE,NONE,NORMAL,0,0,,,none,Normal ambient weather telemetry with diurnal solar cycles
AWS002,Guntur (AWS002),2026-08-07T10:00:00Z,36.28,55.4,1005.71,SYNTHETIC_SIMULATION,SCN_CLEAN_BASELINE,CLEAN_NORMAL,NONE,NONE,NORMAL,0,0,,,none,Normal ambient weather telemetry with diurnal solar cycles
AWS002,Guntur (AWS002),2026-08-07T11:00:00Z,36.45,48.5,1006.07,SYNTHETIC_SIMULATION,SCN_CLEAN_BASELINE,CLEAN_NORMAL,NONE,NONE,NORMAL,0,0,,,none,Normal ambient weather telemetry with diurnal solar cycles
AWS002,Guntur (AWS002),2026-08-07T12:00:00Z,38.04,47.0,1005.99,SYNTHETIC_SIMULATION,SCN_CLEAN_BASELINE,CLEAN_NORMAL,NONE,NONE,NORMAL,0,0,,,none,Normal ambient weather telemetry with diurnal solar cycles
AWS002,Guntur (AWS002),2026-08-07T13:00:00Z,39.5,45.8,1005.55,SYNTHETIC_SIMULATION,SCN_CLEAN_BASELINE,CLEAN_NORMAL,NONE,NONE,NORMAL,0,0,,,none,Normal ambient weather telemetry with diurnal solar cycles
AWS002,Guntur (AWS002),2026-08-07T14:00:00Z,39.72,43.5,1005.11,SYNTHETIC_SIMULATION,SCN_CLEAN_BASELINE,CLEAN_NORMAL,NONE,NONE,NORMAL,0,0,,,none,Normal ambient weather telemetry with diurnal solar cycles
AWS002,Guntur (AWS002),2026-08-07T15:00:00Z,39.17,44.5,1004.43,SYNTHETIC_SIMULATION,SCN_CLEAN_BASELINE,CLEAN_NORMAL,NONE,NONE,NORMAL,0,0,,,none,Normal ambient weather telemetry with diurnal solar cycles
AWS002,Guntur (AWS002),2026-08-07T16:00:00Z,38.51,44.2,1004.04,SYNTHETIC_SIMULATION,SCN_CLEAN_BASELINE,CLEAN_NORMAL,NONE,NONE,NORMAL,0,0,,,none,Normal ambient weather telemetry with diurnal solar cycles
AWS002,Guntur (AWS002),2026-08-07T17:00:00Z,38.13,48.0,1002.94,SYNTHETIC_SIMULATION,SCN_CLEAN_BASELINE,CLEAN_NORMAL,NONE,NONE,NORMAL,0,0,,,none,Normal ambient weather telemetry with diurnal solar cycles
AWS002,Guntur (AWS002),2026-08-07T18:00:00Z,37.3,50.3,1003.05,SYNTHETIC_SIMULATION,SCN_CLEAN_BASELINE,CLEAN_NORMAL,NONE,NONE,NORMAL,0,0,,,none,Normal ambient weather telemetry with diurnal solar cycles
AWS002,Guntur (AWS002),2026-08-07T19:00:00Z,36.35,53.4,1002.82,SYNTHETIC_SIMULATION,SCN_CLEAN_BASELINE,CLEAN_NORMAL,NONE,NONE,NORMAL,0,0,,,none,Normal ambient weather telemetry with diurnal solar cycles
AWS002,Guntur (AWS002),2026-08-07T20:00:00Z,35.07,56.1,1003.42,SYNTHETIC_SIMULATION,SCN_CLEAN_BASELINE,CLEAN_NORMAL,NONE,NONE,NORMAL,0,0,,,none,Normal ambient weather telemetry with diurnal solar cycles
AWS002,Guntur (AWS002),2026-08-07T21:00:00Z,33.6,58.5,1004.28,SYNTHETIC_SIMULATION,SCN_CLEAN_BASELINE,CLEAN_NORMAL,NONE,NONE,NORMAL,0,0,,,none,Normal ambient weather telemetry with diurnal solar cycles
AWS002,Guntur (AWS002),2026-08-07T22:00:00Z,32.06,62.6,1004.97,SYNTHETIC_SIMULATION,SCN_CLEAN_BASELINE,CLEAN_NORMAL,NONE,NONE,NORMAL,0,0,,,none,Normal ambient weather telemetry with diurnal solar cycles
AWS002,Guntur (AWS002),2026-08-07T23:00:00Z,31.14,65.4,1005.73,SYNTHETIC_SIMULATION,SCN_CLEAN_BASELINE,CLEAN_NORMAL,NONE,NONE,NORMAL,0,0,,,none,Normal ambient weather telemetry with diurnal solar cycles
AWS002,Guntur (AWS002),2026-08-08T00:00:00Z,30.32,67.3,1005.79,SYNTHETIC_SIMULATION,SCN_CLEAN_BASELINE,CLEAN_NORMAL,NONE,NONE,NORMAL,0,0,,,none,Normal ambient weather telemetry with diurnal solar cycles
AWS002,Guntur (AWS002),2026-08-08T01:00:00Z,28.94,72.1,1005.34,SYNTHETIC_SIMULATION,SCN_CLEAN_BASELINE,CLEAN_NORMAL,NONE,NONE,NORMAL,0,0,,,none,Normal ambient weather telemetry with diurnal solar cycles
AWS002,Guntur (AWS002),2026-08-08T02:00:00Z,29.43,72.5,1005.03,SYNTHETIC_SIMULATION,SCN_CLEAN_BASELINE,CLEAN_NORMAL,NONE,NONE,NORMAL,0,0,,,none,Normal ambient weather telemetry with diurnal solar cycles
AWS002,Guntur (AWS002),2026-08-08T03:00:00Z,29.12,73.2,1004.73,SYNTHETIC_SIMULATION,SCN_CLEAN_BASELINE,CLEAN_NORMAL,NONE,NONE,NORMAL,0,0,,,none,Normal ambient weather telemetry with diurnal solar cycles
AWS002,Guntur (AWS002),2026-08-08T04:00:00Z,28.84,71.3,1003.54,SYNTHETIC_SIMULATION,SCN_CLEAN_BASELINE,CLEAN_NORMAL,NONE,NONE,NORMAL,0,0,,,none,Normal ambient weather telemetry with diurnal solar cycles
AWS002,Guntur (AWS002),2026-08-08T05:00:00Z,29.46,70.6,1003.55,SYNTHETIC_SIMULATION,SCN_CLEAN_BASELINE,CLEAN_NORMAL,NONE,NONE,NORMAL,0,0,,,none,Normal ambient weather telemetry with diurnal solar cycles
AWS002,Guntur (AWS002),2026-08-08T06:00:00Z,30.82,67.8,1003.18,SYNTHETIC_SIMULATION,SCN_CLEAN_BASELINE,CLEAN_NORMAL,NONE,NONE,NORMAL,0,0,,,none,Normal ambient weather telemetry with diurnal solar cycles
AWS002,Guntur (AWS002),2026-08-08T07:00:00Z,32.06,65.5,1003.8,SYNTHETIC_SIMULATION,SCN_CLEAN_BASELINE,CLEAN_NORMAL,NONE,NONE,NORMAL,0,0,,,none,Normal ambient weather telemetry with diurnal solar cycles
AWS002,Guntur (AWS002),2026-08-08T08:00:00Z,33.87,60.4,1004.11,SYNTHETIC_SIMULATION,SCN_CLEAN_BASELINE,CLEAN_NORMAL,NONE,NONE,NORMAL,0,0,,,none,Normal ambient weather telemetry with diurnal solar cycles
AWS002,Guntur (AWS002),2026-08-08T09:00:00Z,35.17,57.9,1005.06,SYNTHETIC_SIMULATION,SCN_CLEAN_BASELINE,CLEAN_NORMAL,NONE,NONE,NORMAL,0,0,,,none,Normal ambient weather telemetry with diurnal solar cycles
AWS002,Guntur (AWS002),2026-08-08T10:00:00Z,36.46,56.4,1005.46,SYNTHETIC_SIMULATION,SCN_CLEAN_BASELINE,CLEAN_NORMAL,NONE,NONE,NORMAL,0,0,,,none,Normal ambient weather telemetry with diurnal solar cycles
AWS002,Guntur (AWS002),2026-08-08T11:00:00Z,36.5,51.8,1006.35,SYNTHETIC_SIMULATION,SCN_CLEAN_BASELINE,CLEAN_NORMAL,NONE,NONE,NORMAL,0,0,,,none,Normal ambient weather telemetry with diurnal solar cycles
AWS002,Guntur (AWS002),2026-08-08T12:00:00Z,37.74,48.4,1006.64,SYNTHETIC_SIMULATION,SCN_CLEAN_BASELINE,CLEAN_NORMAL,NONE,NONE,NORMAL,0,0,,,none,Normal ambient weather telemetry with diurnal solar cycles
AWS002,Guntur (AWS002),2026-08-08T13:00:00Z,37.92,47.0,1006.62,SYNTHETIC_SIMULATION,SCN_CLEAN_BASELINE,CLEAN_NORMAL,NONE,NONE,NORMAL,0,0,,,none,Normal ambient weather telemetry with diurnal solar cycles
AWS002,Guntur (AWS002),2026-08-08T14:00:00Z,39.07,45.2,1006.56,SYNTHETIC_SIMULATION,SCN_CLEAN_BASELINE,CLEAN_NORMAL,NONE,NONE,NORMAL,0,0,,,none,Normal ambient weather telemetry with diurnal solar cycles
AWS002,Guntur (AWS002),2026-08-08T15:00:00Z,38.64,46.5,1005.64,SYNTHETIC_SIMULATION,SCN_CLEAN_BASELINE,CLEAN_NORMAL,NONE,NONE,NORMAL,0,0,,,none,Normal ambient weather telemetry with diurnal solar cycles
AWS002,Guntur (AWS002),2026-08-08T16:00:00Z,38.23,47.9,1005.2,SYNTHETIC_SIMULATION,SCN_CLEAN_BASELINE,CLEAN_NORMAL,NONE,NONE,NORMAL,0,0,,,none,Normal ambient weather telemetry with diurnal solar cycles
AWS002,Guntur (AWS002),2026-08-08T17:00:00Z,37.18,47.9,1004.5,SYNTHETIC_SIMULATION,SCN_CLEAN_BASELINE,CLEAN_NORMAL,NONE,NONE,NORMAL,0,0,,,none,Normal ambient weather telemetry with diurnal solar cycles
AWS002,Guntur (AWS002),2026-08-08T18:00:00Z,36.25,52.1,1004.71,SYNTHETIC_SIMULATION,SCN_CLEAN_BASELINE,CLEAN_NORMAL,NONE,NONE,NORMAL,0,0,,,none,Normal ambient weather telemetry with diurnal solar cycles
AWS002,Guntur (AWS002),2026-08-08T19:00:00Z,35.04,55.2,1004.41,SYNTHETIC_SIMULATION,SCN_CLEAN_BASELINE,CLEAN_NORMAL,NONE,NONE,NORMAL,0,0,,,none,Normal ambient weather telemetry with diurnal solar cycles
AWS002,Guntur (AWS002),2026-08-08T20:00:00Z,33.92,56.8,1005.2,SYNTHETIC_SIMULATION,SCN_CLEAN_BASELINE,CLEAN_NORMAL,NONE,NONE,NORMAL,0,0,,,none,Normal ambient weather telemetry with diurnal solar cycles
AWS002,Guntur (AWS002),2026-08-08T21:00:00Z,32.06,61.9,1006.6,SYNTHETIC_SIMULATION,SCN_CLEAN_BASELINE,CLEAN_NORMAL,NONE,NONE,NORMAL,0,0,,,none,Normal ambient weather telemetry with diurnal solar cycles
AWS002,Guntur (AWS002),2026-08-08T22:00:00Z,31.14,65.3,1007.17,SYNTHETIC_SIMULATION,SCN_CLEAN_BASELINE,CLEAN_NORMAL,NONE,NONE,NORMAL,0,0,,,none,Normal ambient weather telemetry with diurnal solar cycles
AWS002,Guntur (AWS002),2026-08-08T23:00:00Z,30.0,69.6,1007.58,SYNTHETIC_SIMULATION,SCN_CLEAN_BASELINE,CLEAN_NORMAL,NONE,NONE,NORMAL,0,0,,,none,Normal ambient weather telemetry with diurnal solar cycles
AWS002,Guntur (AWS002),2026-08-09T00:00:00Z,28.54,73.8,1008.08,SYNTHETIC_SIMULATION,SCN_CLEAN_BASELINE,CLEAN_NORMAL,NONE,NONE,NORMAL,0,0,,,none,Normal ambient weather telemetry with diurnal solar cycles
AWS002,Guntur (AWS002),2026-08-09T01:00:00Z,27.99,74.1,1008.26,SYNTHETIC_SIMULATION,SCN_CLEAN_BASELINE,CLEAN_NORMAL,NONE,NONE,NORMAL,0,0,,,none,Normal ambient weather telemetry with diurnal solar cycles
AWS002,Guntur (AWS002),2026-08-09T02:00:00Z,27.14,75.8,1007.82,SYNTHETIC_SIMULATION,SCN_CLEAN_BASELINE,CLEAN_NORMAL,NONE,NONE,NORMAL,0,0,,,none,Normal ambient weather telemetry with diurnal solar cycles
AWS002,Guntur (AWS002),2026-08-09T03:00:00Z,27.02,75.5,1007.29,SYNTHETIC_SIMULATION,SCN_CLEAN_BASELINE,CLEAN_NORMAL,NONE,NONE,NORMAL,0,0,,,none,Normal ambient weather telemetry with diurnal solar cycles
AWS002,Guntur (AWS002),2026-08-09T04:00:00Z,26.93,74.8,1006.93,SYNTHETIC_SIMULATION,SCN_CLEAN_BASELINE,CLEAN_NORMAL,NONE,NONE,NORMAL,0,0,,,none,Normal ambient weather telemetry with diurnal solar cycles
AWS002,Guntur (AWS002),2026-08-09T05:00:00Z,27.97,75.1,1006.74,SYNTHETIC_SIMULATION,SCN_CLEAN_BASELINE,CLEAN_NORMAL,NONE,NONE,NORMAL,0,0,,,none,Normal ambient weather telemetry with diurnal solar cycles
AWS002,Guntur (AWS002),2026-08-09T06:00:00Z,28.86,74.0,1006.35,SYNTHETIC_SIMULATION,SCN_CLEAN_BASELINE,CLEAN_NORMAL,NONE,NONE,NORMAL,0,0,,,none,Normal ambient weather telemetry with diurnal solar cycles
AWS002,Guntur (AWS002),2026-08-09T07:00:00Z,29.97,66.8,1006.77,SYNTHETIC_SIMULATION,SCN_CLEAN_BASELINE,CLEAN_NORMAL,NONE,NONE,NORMAL,0,0,,,none,Normal ambient weather telemetry with diurnal solar cycles
AWS002,Guntur (AWS002),2026-08-09T08:00:00Z,31.51,67.7,1007.46,SYNTHETIC_SIMULATION,SCN_CLEAN_BASELINE,CLEAN_NORMAL,NONE,NONE,NORMAL,0,0,,,none,Normal ambient weather telemetry with diurnal solar cycles
AWS002,Guntur (AWS002),2026-08-09T09:00:00Z,32.37,61.9,1008.28,SYNTHETIC_SIMULATION,SCN_CLEAN_BASELINE,CLEAN_NORMAL,NONE,NONE,NORMAL,0,0,,,none,Normal ambient weather telemetry with diurnal solar cycles
AWS002,Guntur (AWS002),2026-08-09T10:00:00Z,33.66,60.3,1008.95,SYNTHETIC_SIMULATION,SCN_CLEAN_BASELINE,CLEAN_NORMAL,NONE,NONE,NORMAL,0,0,,,none,Normal ambient weather telemetry with diurnal solar cycles
AWS002,Guntur (AWS002),2026-08-09T11:00:00Z,33.98,56.9,1010.13,SYNTHETIC_SIMULATION,SCN_CLEAN_BASELINE,CLEAN_NORMAL,NONE,NONE,NORMAL,0,0,,,none,Normal ambient weather telemetry with diurnal solar cycles
AWS002,Guntur (AWS002),2026-08-09T12:00:00Z,36.05,53.9,1010.3,SYNTHETIC_SIMULATION,SCN_CLEAN_BASELINE,CLEAN_NORMAL,NONE,NONE,NORMAL,0,0,,,none,Normal ambient weather telemetry with diurnal solar cycles
AWS002,Guntur (AWS002),2026-08-09T13:00:00Z,36.52,51.8,1010.24,SYNTHETIC_SIMULATION,SCN_CLEAN_BASELINE,CLEAN_NORMAL,NONE,NONE,NORMAL,0,0,,,none,Normal ambient weather telemetry with diurnal solar cycles
AWS002,Guntur (AWS002),2026-08-09T14:00:00Z,36.54,53.0,1009.86,SYNTHETIC_SIMULATION,SCN_CLEAN_BASELINE,CLEAN_NORMAL,NONE,NONE,NORMAL,0,0,,,none,Normal ambient weather telemetry with diurnal solar cycles
AWS002,Guntur (AWS002),2026-08-09T15:00:00Z,35.96,52.1,1009.2,SYNTHETIC_SIMULATION,SCN_CLEAN_BASELINE,CLEAN_NORMAL,NONE,NONE,NORMAL,0,0,,,none,Normal ambient weather telemetry with diurnal solar cycles
AWS002,Guntur (AWS002),2026-08-09T16:00:00Z,35.73,53.8,1008.61,SYNTHETIC_SIMULATION,SCN_CLEAN_BASELINE,CLEAN_NORMAL,NONE,NONE,NORMAL,0,0,,,none,Normal ambient weather telemetry with diurnal solar cycles
AWS002,Guntur (AWS002),2026-08-09T17:00:00Z,34.5,,1008.4,SYNTHETIC_SIMULATION,SCN_CLEAN_BASELINE,CLEAN_NORMAL,NONE,NONE,NORMAL,0,0,,,none,Normal ambient weather telemetry with diurnal solar cycles
AWS002,Guntur (AWS002),2026-08-09T18:00:00Z,33.49,58.3,1008.26,SYNTHETIC_SIMULATION,SCN_CLEAN_BASELINE,CLEAN_NORMAL,NONE,NONE,NORMAL,0,0,,,none,Normal ambient weather telemetry with diurnal solar cycles
AWS002,Guntur (AWS002),2026-08-09T19:00:00Z,33.1,62.3,1008.52,SYNTHETIC_SIMULATION,SCN_CLEAN_BASELINE,CLEAN_NORMAL,NONE,NONE,NORMAL,0,0,,,none,Normal ambient weather telemetry with diurnal solar cycles
AWS002,Guntur (AWS002),2026-08-09T20:00:00Z,32.16,65.7,1009.21,SYNTHETIC_SIMULATION,SCN_CLEAN_BASELINE,CLEAN_NORMAL,NONE,NONE,NORMAL,0,0,,,none,Normal ambient weather telemetry with diurnal solar cycles
AWS002,Guntur (AWS002),2026-08-09T21:00:00Z,30.1,69.0,1010.43,SYNTHETIC_SIMULATION,SCN_CLEAN_BASELINE,CLEAN_NORMAL,NONE,NONE,NORMAL,0,0,,,none,Normal ambient weather telemetry with diurnal solar cycles
AWS002,Guntur (AWS002),2026-08-09T22:00:00Z,28.34,71.5,1011.24,SYNTHETIC_SIMULATION,SCN_CLEAN_BASELINE,CLEAN_NORMAL,NONE,NONE,NORMAL,0,0,,,none,Normal ambient weather telemetry with diurnal solar cycles
AWS002,Guntur (AWS002),2026-08-09T23:00:00Z,27.25,76.3,1011.55,SYNTHETIC_SIMULATION,SCN_CLEAN_BASELINE,CLEAN_NORMAL,NONE,NONE,NORMAL,0,0,,,none,Normal ambient weather telemetry with diurnal solar cycles
AWS002,Guntur (AWS002),2026-08-10T00:00:00Z,26.41,77.8,1011.74,SYNTHETIC_SIMULATION,SCN_CLEAN_BASELINE,CLEAN_NORMAL,NONE,NONE,NORMAL,0,0,,,none,Normal ambient weather telemetry with diurnal solar cycles
AWS002,Guntur (AWS002),2026-08-10T01:00:00Z,25.75,81.6,1012.21,SYNTHETIC_SIMULATION,SCN_CLEAN_BASELINE,CLEAN_NORMAL,NONE,NONE,NORMAL,0,0,,,none,Normal ambient weather telemetry with diurnal solar cycles
AWS002,Guntur (AWS002),2026-08-10T02:00:00Z,25.38,81.7,1011.51,SYNTHETIC_SIMULATION,SCN_CLEAN_BASELINE,CLEAN_NORMAL,NONE,NONE,NORMAL,0,0,,,none,Normal ambient weather telemetry with diurnal solar cycles
AWS002,Guntur (AWS002),2026-08-10T03:00:00Z,24.56,81.9,1010.37,SYNTHETIC_SIMULATION,SCN_CLEAN_BASELINE,CLEAN_NORMAL,NONE,NONE,NORMAL,0,0,,,none,Normal ambient weather telemetry with diurnal solar cycles
AWS002,Guntur (AWS002),2026-08-10T04:00:00Z,25.17,79.8,1010.01,SYNTHETIC_SIMULATION,SCN_CLEAN_BASELINE,CLEAN_NORMAL,NONE,NONE,NORMAL,0,0,,,none,Normal ambient weather telemetry with diurnal solar cycles
AWS002,Guntur (AWS002),2026-08-10T05:00:00Z,26.1,79.6,1010.34,SYNTHETIC_SIMULATION,SCN_CLEAN_BASELINE,CLEAN_NORMAL,NONE,NONE,NORMAL,0,0,,,none,Normal ambient weather telemetry with diurnal solar cycles
AWS002,Guntur (AWS002),2026-08-10T06:00:00Z,27.38,76.3,1010.09,SYNTHETIC_SIMULATION,SCN_CLEAN_BASELINE,CLEAN_NORMAL,NONE,NONE,NORMAL,0,0,,,none,Normal ambient weather telemetry with diurnal solar cycles
AWS002,Guntur (AWS002),2026-08-10T07:00:00Z,28.46,73.9,1009.84,SYNTHETIC_SIMULATION,SCN_CLEAN_BASELINE,CLEAN_NORMAL,NONE,NONE,NORMAL,0,0,,,none,Normal ambient weather telemetry with diurnal solar cycles
AWS002,Guntur (AWS002),2026-08-10T08:00:00Z,29.9,71.2,1010.48,SYNTHETIC_SIMULATION,SCN_CLEAN_BASELINE,CLEAN_NORMAL,NONE,NONE,NORMAL,0,0,,,none,Normal ambient weather telemetry with diurnal solar cycles
AWS002,Guntur (AWS002),2026-08-10T09:00:00Z,30.86,65.6,1010.96,SYNTHETIC_SIMULATION,SCN_CLEAN_BASELINE,CLEAN_NORMAL,NONE,NONE,NORMAL,0,0,,,none,Normal ambient weather telemetry with diurnal solar cycles
AWS002,Guntur (AWS002),2026-08-10T10:00:00Z,31.75,64.8,1011.55,SYNTHETIC_SIMULATION,SCN_CLEAN_BASELINE,CLEAN_NORMAL,NONE,NONE,NORMAL,0,0,,,none,Normal ambient weather telemetry with diurnal solar cycles
AWS002,Guntur (AWS002),2026-08-10T11:00:00Z,33.52,61.3,1012.28,SYNTHETIC_SIMULATION,SCN_CLEAN_BASELINE,CLEAN_NORMAL,NONE,NONE,NORMAL,0,0,,,none,Normal ambient weather telemetry with diurnal solar cycles
AWS002,Guntur (AWS002),2026-08-10T12:00:00Z,33.53,56.9,1012.26,SYNTHETIC_SIMULATION,SCN_CLEAN_BASELINE,CLEAN_NORMAL,NONE,NONE,NORMAL,0,0,,,none,Normal ambient weather telemetry with diurnal solar cycles
AWS002,Guntur (AWS002),2026-08-10T13:00:00Z,34.54,58.0,1012.9,SYNTHETIC_SIMULATION,SCN_CLEAN_BASELINE,CLEAN_NORMAL,NONE,NONE,NORMAL,0,0,,,none,Normal ambient weather telemetry with diurnal solar cycles
AWS002,Guntur (AWS002),2026-08-10T14:00:00Z,34.49,56.2,1011.85,SYNTHETIC_SIMULATION,SCN_CLEAN_BASELINE,CLEAN_NORMAL,NONE,NONE,NORMAL,0,0,,,none,Normal ambient weather telemetry with diurnal solar cycles
AWS002,Guntur (AWS002),2026-08-10T15:00:00Z,34.86,55.0,1011.63,SYNTHETIC_SIMULATION,SCN_CLEAN_BASELINE,CLEAN_NORMAL,NONE,NONE,NORMAL,0,0,,,none,Normal ambient weather telemetry with diurnal solar cycles
AWS002,Guntur (AWS002),2026-08-10T16:00:00Z,34.56,56.8,1010.53,SYNTHETIC_SIMULATION,SCN_CLEAN_BASELINE,CLEAN_NORMAL,NONE,NONE,NORMAL,0,0,,,none,Normal ambient weather telemetry with diurnal solar cycles
AWS002,Guntur (AWS002),2026-08-10T17:00:00Z,34.28,57.9,1009.81,SYNTHETIC_SIMULATION,SCN_CLEAN_BASELINE,CLEAN_NORMAL,NONE,NONE,NORMAL,0,0,,,none,Normal ambient weather telemetry with diurnal solar cycles
AWS002,Guntur (AWS002),2026-08-10T18:00:00Z,32.64,60.9,1009.87,SYNTHETIC_SIMULATION,SCN_CLEAN_BASELINE,CLEAN_NORMAL,NONE,NONE,NORMAL,0,0,,,none,Normal ambient weather telemetry with diurnal solar cycles
AWS002,Guntur (AWS002),2026-08-10T19:00:00Z,31.67,64.3,1010.09,SYNTHETIC_SIMULATION,SCN_CLEAN_BASELINE,CLEAN_NORMAL,NONE,NONE,NORMAL,0,0,,,none,Normal ambient weather telemetry with diurnal solar cycles
AWS002,Guntur (AWS002),2026-08-10T20:00:00Z,30.75,65.7,1010.33,SYNTHETIC_SIMULATION,SCN_CLEAN_BASELINE,CLEAN_NORMAL,NONE,NONE,NORMAL,0,0,,,none,Normal ambient weather telemetry with diurnal solar cycles
AWS002,Guntur (AWS002),2026-08-10T21:00:00Z,29.68,71.6,1010.85,SYNTHETIC_SIMULATION,SCN_CLEAN_BASELINE,CLEAN_NORMAL,NONE,NONE,NORMAL,0,0,,,none,Normal ambient weather telemetry with diurnal solar cycles
AWS002,Guntur (AWS002),2026-08-10T22:00:00Z,28.35,74.0,1011.56,SYNTHETIC_SIMULATION,SCN_CLEAN_BASELINE,CLEAN_NORMAL,NONE,NONE,NORMAL,0,0,,,none,Normal ambient weather telemetry with diurnal solar cycles
AWS002,Guntur (AWS002),2026-08-10T23:00:00Z,25.48,74.6,1012.36,SYNTHETIC_SIMULATION,SCN_CLEAN_BASELINE,CLEAN_NORMAL,NONE,NONE,NORMAL,0,0,,,none,Normal ambient weather telemetry with diurnal solar cycles
AWS002,Guntur (AWS002),2026-08-11T00:00:00Z,26.04,79.9,1012.07,SYNTHETIC_SIMULATION,SCN_CLEAN_BASELINE,CLEAN_NORMAL,NONE,NONE,NORMAL,0,0,,,none,Normal ambient weather telemetry with diurnal solar cycles
AWS002,Guntur (AWS002),2026-08-11T01:00:00Z,25.05,80.7,1011.78,SYNTHETIC_SIMULATION,SCN_CLEAN_BASELINE,CLEAN_NORMAL,NONE,NONE,NORMAL,0,0,,,none,Normal ambient weather telemetry with diurnal solar cycles
AWS002,Guntur (AWS002),2026-08-11T02:00:00Z,25.14,83.2,1011.31,SYNTHETIC_SIMULATION,SCN_CLEAN_BASELINE,CLEAN_NORMAL,NONE,NONE,NORMAL,0,0,,,none,Normal ambient weather telemetry with diurnal solar cycles
AWS002,Guntur (AWS002),2026-08-11T03:00:00Z,24.58,80.2,1010.74,SYNTHETIC_SIMULATION,SCN_CLEAN_BASELINE,CLEAN_NORMAL,NONE,NONE,NORMAL,0,0,,,none,Normal ambient weather telemetry with diurnal solar cycles
AWS002,Guntur (AWS002),2026-08-11T04:00:00Z,25.45,81.7,1009.73,SYNTHETIC_SIMULATION,SCN_CLEAN_BASELINE,CLEAN_NORMAL,NONE,NONE,NORMAL,0,0,,,none,Normal ambient weather telemetry with diurnal solar cycles
AWS002,Guntur (AWS002),2026-08-11T05:00:00Z,26.34,77.3,1009.32,SYNTHETIC_SIMULATION,SCN_CLEAN_BASELINE,CLEAN_NORMAL,NONE,NONE,NORMAL,0,0,,,none,Normal ambient weather telemetry with diurnal solar cycles
AWS002,Guntur (AWS002),2026-08-11T06:00:00Z,26.38,76.1,1009.29,SYNTHETIC_SIMULATION,SCN_CLEAN_BASELINE,CLEAN_NORMAL,NONE,NONE,NORMAL,0,0,,,none,Normal ambient weather telemetry with diurnal solar cycles
AWS002,Guntur (AWS002),2026-08-11T07:00:00Z,29.02,73.2,1009.56,SYNTHETIC_SIMULATION,SCN_CLEAN_BASELINE,CLEAN_NORMAL,NONE,NONE,NORMAL,0,0,,,none,Normal ambient weather telemetry with diurnal solar cycles
AWS002,Guntur (AWS002),2026-08-11T08:00:00Z,30.09,69.8,1009.84,SYNTHETIC_SIMULATION,SCN_CLEAN_BASELINE,CLEAN_NORMAL,NONE,NONE,NORMAL,0,0,,,none,Normal ambient weather telemetry with diurnal solar cycles
AWS002,Guntur (AWS002),2026-08-11T09:00:00Z,30.76,66.4,1010.35,SYNTHETIC_SIMULATION,SCN_CLEAN_BASELINE,CLEAN_NORMAL,NONE,NONE,NORMAL,0,0,,,none,Normal ambient weather telemetry with diurnal solar cycles
AWS002,Guntur (AWS002),2026-08-11T10:00:00Z,32.68,61.5,1010.38,SYNTHETIC_SIMULATION,SCN_CLEAN_BASELINE,CLEAN_NORMAL,NONE,NONE,NORMAL,0,0,,,none,Normal ambient weather telemetry with diurnal solar cycles
AWS002,Guntur (AWS002),2026-08-11T11:00:00Z,34.44,59.1,1011.17,SYNTHETIC_SIMULATION,SCN_CLEAN_BASELINE,CLEAN_NORMAL,NONE,NONE,NORMAL,0,0,,,none,Normal ambient weather telemetry with diurnal solar cycles
AWS002,Guntur (AWS002),2026-08-11T12:00:00Z,35.64,55.3,1011.11,SYNTHETIC_SIMULATION,SCN_CLEAN_BASELINE,CLEAN_NORMAL,NONE,NONE,NORMAL,0,0,,,none,Normal ambient weather telemetry with diurnal solar cycles
AWS002,Guntur (AWS002),2026-08-11T13:00:00Z,35.56,52.3,1010.52,SYNTHETIC_SIMULATION,SCN_CLEAN_BASELINE,CLEAN_NORMAL,NONE,NONE,NORMAL,0,0,,,none,Normal ambient weather telemetry with diurnal solar cycles
AWS002,Guntur (AWS002),2026-08-11T14:00:00Z,36.5,53.1,1010.12,SYNTHETIC_SIMULATION,SCN_CLEAN_BASELINE,CLEAN_NORMAL,NONE,NONE,NORMAL,0,0,,,none,Normal ambient weather telemetry with diurnal solar cycles
AWS002,Guntur (AWS002),2026-08-11T15:00:00Z,36.48,51.7,1009.06,SYNTHETIC_SIMULATION,SCN_CLEAN_BASELINE,CLEAN_NORMAL,NONE,NONE,NORMAL,0,0,,,none,Normal ambient weather telemetry with diurnal solar cycles
AWS002,Guntur (AWS002),2026-08-11T16:00:00Z,35.68,51.2,1008.29,SYNTHETIC_SIMULATION,SCN_CLEAN_BASELINE,CLEAN_NORMAL,NONE,NONE,NORMAL,0,0,,,none,Normal ambient weather telemetry with diurnal solar cycles
AWS002,Guntur (AWS002),2026-08-11T17:00:00Z,35.39,53.0,1007.5,SYNTHETIC_SIMULATION,SCN_CLEAN_BASELINE,CLEAN_NORMAL,NONE,NONE,NORMAL,0,0,,,none,Normal ambient weather telemetry with diurnal solar cycles
AWS002,Guntur (AWS002),2026-08-11T18:00:00Z,34.36,56.5,1007.62,SYNTHETIC_SIMULATION,SCN_CLEAN_BASELINE,CLEAN_NORMAL,NONE,NONE,NORMAL,0,0,,,none,Normal ambient weather telemetry with diurnal solar cycles
AWS002,Guntur (AWS002),2026-08-11T19:00:00Z,33.58,58.7,1007.27,SYNTHETIC_SIMULATION,SCN_CLEAN_BASELINE,CLEAN_NORMAL,NONE,NONE,NORMAL,0,0,,,none,Normal ambient weather telemetry with diurnal solar cycles
AWS002,Guntur (AWS002),2026-08-11T20:00:00Z,32.52,62.5,1007.97,SYNTHETIC_SIMULATION,SCN_CLEAN_BASELINE,CLEAN_NORMAL,NONE,NONE,NORMAL,0,0,,,none,Normal ambient weather telemetry with diurnal solar cycles
AWS002,Guntur (AWS002),2026-08-11T21:00:00Z,30.9,66.1,1008.45,SYNTHETIC_SIMULATION,SCN_CLEAN_BASELINE,CLEAN_NORMAL,NONE,NONE,NORMAL,0,0,,,none,Normal ambient weather telemetry with diurnal solar cycles
AWS002,Guntur (AWS002),2026-08-11T22:00:00Z,30.08,69.2,1008.86,SYNTHETIC_SIMULATION,SCN_CLEAN_BASELINE,CLEAN_NORMAL,NONE,NONE,NORMAL,0,0,,,none,Normal ambient weather telemetry with diurnal solar cycles
AWS002,Guntur (AWS002),2026-08-11T23:00:00Z,28.56,71.5,1009.04,SYNTHETIC_SIMULATION,SCN_CLEAN_BASELINE,CLEAN_NORMAL,NONE,NONE,NORMAL,0,0,,,none,Normal ambient weather telemetry with diurnal solar cycles
AWS002,Guntur (AWS002),2026-08-12T00:00:00Z,27.59,73.0,1009.16,SYNTHETIC_SIMULATION,SCN_CLEAN_BASELINE,CLEAN_NORMAL,NONE,NONE,NORMAL,0,0,,,none,Normal ambient weather telemetry with diurnal solar cycles
AWS002,Guntur (AWS002),2026-08-12T01:00:00Z,27.05,77.0,1008.93,SYNTHETIC_SIMULATION,SCN_CLEAN_BASELINE,CLEAN_NORMAL,NONE,NONE,NORMAL,0,0,,,none,Normal ambient weather telemetry with diurnal solar cycles
AWS002,Guntur (AWS002),2026-08-12T02:00:00Z,27.33,78.2,1007.99,SYNTHETIC_SIMULATION,SCN_CLEAN_BASELINE,CLEAN_NORMAL,NONE,NONE,NORMAL,0,0,,,none,Normal ambient weather telemetry with diurnal solar cycles
AWS002,Guntur (AWS002),2026-08-12T03:00:00Z,27.71,75.9,1007.45,SYNTHETIC_SIMULATION,SCN_CLEAN_BASELINE,CLEAN_NORMAL,NONE,NONE,NORMAL,0,0,,,none,Normal ambient weather telemetry with diurnal solar cycles
AWS002,Guntur (AWS002),2026-08-12T04:00:00Z,27.65,75.3,1006.46,SYNTHETIC_SIMULATION,SCN_CLEAN_BASELINE,CLEAN_NORMAL,NONE,NONE,NORMAL,0,0,,,none,Normal ambient weather telemetry with diurnal solar cycles
AWS002,Guntur (AWS002),2026-08-12T05:00:00Z,28.57,72.8,1005.53,SYNTHETIC_SIMULATION,SCN_CLEAN_BASELINE,CLEAN_NORMAL,NONE,NONE,NORMAL,0,0,,,none,Normal ambient weather telemetry with diurnal solar cycles
AWS002,Guntur (AWS002),2026-08-12T06:00:00Z,29.64,69.1,1005.42,SYNTHETIC_SIMULATION,SCN_CLEAN_BASELINE,CLEAN_NORMAL,NONE,NONE,NORMAL,0,0,,,none,Normal ambient weather telemetry with diurnal solar cycles
AWS002,Guntur (AWS002),2026-08-12T07:00:00Z,30.88,67.6,1005.16,SYNTHETIC_SIMULATION,SCN_CLEAN_BASELINE,CLEAN_NORMAL,NONE,NONE,NORMAL,0,0,,,none,Normal ambient weather telemetry with diurnal solar cycles
AWS002,Guntur (AWS002),2026-08-12T08:00:00Z,31.91,63.9,1005.68,SYNTHETIC_SIMULATION,SCN_CLEAN_BASELINE,CLEAN_NORMAL,NONE,NONE,NORMAL,0,0,,,none,Normal ambient weather telemetry with diurnal solar cycles
AWS002,Guntur (AWS002),2026-08-12T09:00:00Z,33.32,59.0,1006.58,SYNTHETIC_SIMULATION,SCN_CLEAN_BASELINE,CLEAN_NORMAL,NONE,NONE,NORMAL,0,0,,,none,Normal ambient weather telemetry with diurnal solar cycles
AWS002,Guntur (AWS002),2026-08-12T10:00:00Z,34.56,55.3,1006.55,SYNTHETIC_SIMULATION,SCN_CLEAN_BASELINE,CLEAN_NORMAL,NONE,NONE,NORMAL,0,0,,,none,Normal ambient weather telemetry with diurnal solar cycles
AWS002,Guntur (AWS002),2026-08-12T11:00:00Z,35.75,50.7,1007.19,SYNTHETIC_SIMULATION,SCN_CLEAN_BASELINE,CLEAN_NORMAL,NONE,NONE,NORMAL,0,0,,,none,Normal ambient weather telemetry with diurnal solar cycles
AWS002,Guntur (AWS002),2026-08-12T12:00:00Z,37.07,50.5,1007.52,SYNTHETIC_SIMULATION,SCN_CLEAN_BASELINE,CLEAN_NORMAL,NONE,NONE,NORMAL,0,0,,,none,Normal ambient weather telemetry with diurnal solar cycles
AWS002,Guntur (AWS002),2026-08-12T13:00:00Z,38.19,46.4,1006.71,SYNTHETIC_SIMULATION,SCN_CLEAN_BASELINE,CLEAN_NORMAL,NONE,NONE,NORMAL,0,0,,,none,Normal ambient weather telemetry with diurnal solar cycles
AWS002,Guntur (AWS002),2026-08-12T14:00:00Z,38.79,48.6,1005.99,SYNTHETIC_SIMULATION,SCN_CLEAN_BASELINE,CLEAN_NORMAL,NONE,NONE,NORMAL,0,0,,,none,Normal ambient weather telemetry with diurnal solar cycles
AWS002,Guntur (AWS002),2026-08-12T15:00:00Z,38.97,45.4,1005.2,SYNTHETIC_SIMULATION,SCN_CLEAN_BASELINE,CLEAN_NORMAL,NONE,NONE,NORMAL,0,0,,,none,Normal ambient weather telemetry with diurnal solar cycles
AWS002,Guntur (AWS002),2026-08-12T16:00:00Z,38.53,47.5,1004.62,SYNTHETIC_SIMULATION,SCN_CLEAN_BASELINE,CLEAN_NORMAL,NONE,NONE,NORMAL,0,0,,,none,Normal ambient weather telemetry with diurnal solar cycles
AWS002,Guntur (AWS002),2026-08-12T17:00:00Z,37.13,48.1,1004.15,SYNTHETIC_SIMULATION,SCN_CLEAN_BASELINE,CLEAN_NORMAL,NONE,NONE,NORMAL,0,0,,,none,Normal ambient weather telemetry with diurnal solar cycles
AWS002,Guntur (AWS002),2026-08-12T18:00:00Z,37.32,51.3,1003.9,SYNTHETIC_SIMULATION,SCN_CLEAN_BASELINE,CLEAN_NORMAL,NONE,NONE,NORMAL,0,0,,,none,Normal ambient weather telemetry with diurnal solar cycles
AWS002,Guntur (AWS002),2026-08-12T19:00:00Z,35.69,52.7,1003.98,SYNTHETIC_SIMULATION,SCN_CLEAN_BASELINE,CLEAN_NORMAL,NONE,NONE,NORMAL,0,0,,,none,Normal ambient weather telemetry with diurnal solar cycles
AWS002,Guntur (AWS002),2026-08-12T20:00:00Z,34.08,57.2,1004.06,SYNTHETIC_SIMULATION,SCN_CLEAN_BASELINE,CLEAN_NORMAL,NONE,NONE,NORMAL,0,0,,,none,Normal ambient weather telemetry with diurnal solar cycles
AWS002,Guntur (AWS002),2026-08-12T21:00:00Z,33.27,60.6,1004.54,SYNTHETIC_SIMULATION,SCN_CLEAN_BASELINE,CLEAN_NORMAL,NONE,NONE,NORMAL,0,0,,,none,Normal ambient weather telemetry with diurnal solar cycles
AWS002,Guntur (AWS002),2026-08-12T22:00:00Z,31.41,62.7,1005.0,SYNTHETIC_SIMULATION,SCN_CLEAN_BASELINE,CLEAN_NORMAL,NONE,NONE,NORMAL,0,0,,,none,Normal ambient weather telemetry with diurnal solar cycles
AWS002,Guntur (AWS002),2026-08-12T23:00:00Z,31.2,67.8,1005.74,SYNTHETIC_SIMULATION,SCN_CLEAN_BASELINE,CLEAN_NORMAL,NONE,NONE,NORMAL,0,0,,,none,Normal ambient weather telemetry with diurnal solar cycles
AWS002,Guntur (AWS002),2026-08-13T00:00:00Z,30.26,70.4,1005.61,SYNTHETIC_SIMULATION,SCN_CLEAN_BASELINE,CLEAN_NORMAL,NONE,NONE,NORMAL,0,0,,,none,Normal ambient weather telemetry with diurnal solar cycles
AWS002,Guntur (AWS002),2026-08-13T01:00:00Z,29.02,72.2,1006.06,SYNTHETIC_SIMULATION,SCN_CLEAN_BASELINE,CLEAN_NORMAL,NONE,NONE,NORMAL,0,0,,,none,Normal ambient weather telemetry with diurnal solar cycles
AWS002,Guntur (AWS002),2026-08-13T02:00:00Z,28.84,71.3,1005.17,SYNTHETIC_SIMULATION,SCN_CLEAN_BASELINE,CLEAN_NORMAL,NONE,NONE,NORMAL,0,0,,,none,Normal ambient weather telemetry with diurnal solar cycles
AWS002,Guntur (AWS002),2026-08-13T03:00:00Z,29.63,72.7,1004.19,SYNTHETIC_SIMULATION,SCN_CLEAN_BASELINE,CLEAN_NORMAL,NONE,NONE,NORMAL,0,0,,,none,Normal ambient weather telemetry with diurnal solar cycles
AWS002,Guntur (AWS002),2026-08-13T04:00:00Z,30.22,70.7,1004.1,SYNTHETIC_SIMULATION,SCN_CLEAN_BASELINE,CLEAN_NORMAL,NONE,NONE,NORMAL,0,0,,,none,Normal ambient weather telemetry with diurnal solar cycles
AWS002,Guntur (AWS002),2026-08-13T05:00:00Z,30.48,68.7,1003.39,SYNTHETIC_SIMULATION,SCN_CLEAN_BASELINE,CLEAN_NORMAL,NONE,NONE,NORMAL,0,0,,,none,Normal ambient weather telemetry with diurnal solar cycles
AWS002,Guntur (AWS002),2026-08-13T06:00:00Z,30.98,66.2,1002.77,SYNTHETIC_SIMULATION,SCN_CLEAN_BASELINE,CLEAN_NORMAL,NONE,NONE,NORMAL,0,0,,,none,Normal ambient weather telemetry with diurnal solar cycles
AWS002,Guntur (AWS002),2026-08-13T07:00:00Z,32.1,62.8,1002.94,SYNTHETIC_SIMULATION,SCN_CLEAN_BASELINE,CLEAN_NORMAL,NONE,NONE,NORMAL,0,0,,,none,Normal ambient weather telemetry with diurnal solar cycles
AWS002,Guntur (AWS002),2026-08-13T08:00:00Z,33.41,59.9,1003.38,SYNTHETIC_SIMULATION,SCN_CLEAN_BASELINE,CLEAN_NORMAL,NONE,NONE,NORMAL,0,0,,,none,Normal ambient weather telemetry with diurnal solar cycles
AWS002,Guntur (AWS002),2026-08-13T09:00:00Z,34.89,57.3,1004.4,SYNTHETIC_SIMULATION,SCN_CLEAN_BASELINE,CLEAN_NORMAL,NONE,NONE,NORMAL,0,0,,,none,Normal ambient weather telemetry with diurnal solar cycles
AWS002,Guntur (AWS002),2026-08-13T10:00:00Z,36.44,52.9,1005.01,SYNTHETIC_SIMULATION,SCN_CLEAN_BASELINE,CLEAN_NORMAL,NONE,NONE,NORMAL,0,0,,,none,Normal ambient weather telemetry with diurnal solar cycles
AWS002,Guntur (AWS002),2026-08-13T11:00:00Z,37.62,48.0,1005.56,SYNTHETIC_SIMULATION,SCN_CLEAN_BASELINE,CLEAN_NORMAL,NONE,NONE,NORMAL,0,0,,,none,Normal ambient weather telemetry with diurnal solar cycles
AWS002,Guntur (AWS002),2026-08-13T12:00:00Z,38.08,46.8,1005.74,SYNTHETIC_SIMULATION,SCN_CLEAN_BASELINE,CLEAN_NORMAL,NONE,NONE,NORMAL,0,0,,,none,Normal ambient weather telemetry with diurnal solar cycles
AWS002,Guntur (AWS002),2026-08-13T13:00:00Z,39.15,45.5,1005.7,SYNTHETIC_SIMULATION,SCN_CLEAN_BASELINE,CLEAN_NORMAL,NONE,NONE,NORMAL,0,0,,,none,Normal ambient weather telemetry with diurnal solar cycles
AWS002,Guntur (AWS002),2026-08-13T14:00:00Z,39.2,42.7,1005.23,SYNTHETIC_SIMULATION,SCN_CLEAN_BASELINE,CLEAN_NORMAL,NONE,NONE,NORMAL,0,0,,,none,Normal ambient weather telemetry with diurnal solar cycles
AWS002,Guntur (AWS002),2026-08-13T15:00:00Z,39.79,42.6,1004.47,SYNTHETIC_SIMULATION,SCN_CLEAN_BASELINE,CLEAN_NORMAL,NONE,NONE,NORMAL,0,0,,,none,Normal ambient weather telemetry with diurnal solar cycles
AWS002,Guntur (AWS002),2026-08-13T16:00:00Z,38.92,44.8,1003.98,SYNTHETIC_SIMULATION,SCN_CLEAN_BASELINE,CLEAN_NORMAL,NONE,NONE,NORMAL,0,0,,,none,Normal ambient weather telemetry with diurnal solar cycles
AWS002,Guntur (AWS002),2026-08-13T17:00:00Z,38.17,45.5,1003.39,SYNTHETIC_SIMULATION,SCN_CLEAN_BASELINE,CLEAN_NORMAL,NONE,NONE,NORMAL,0,0,,,none,Normal ambient weather telemetry with diurnal solar cycles
AWS002,Guntur (AWS002),2026-08-13T18:00:00Z,37.36,47.8,1003.31,SYNTHETIC_SIMULATION,SCN_CLEAN_BASELINE,CLEAN_NORMAL,NONE,NONE,NORMAL,0,0,,,none,Normal ambient weather telemetry with diurnal solar cycles
AWS002,Guntur (AWS002),2026-08-13T19:00:00Z,35.98,51.8,1003.41,SYNTHETIC_SIMULATION,SCN_CLEAN_BASELINE,CLEAN_NORMAL,NONE,NONE,NORMAL,0,0,,,none,Normal ambient weather telemetry with diurnal solar cycles
AWS002,Guntur (AWS002),2026-08-13T20:00:00Z,34.81,58.0,1004.3,SYNTHETIC_SIMULATION,SCN_CLEAN_BASELINE,CLEAN_NORMAL,NONE,NONE,NORMAL,0,0,,,none,Normal ambient weather telemetry with diurnal solar cycles
AWS002,Guntur (AWS002),2026-08-13T21:00:00Z,33.77,62.8,1004.68,SYNTHETIC_SIMULATION,SCN_CLEAN_BASELINE,CLEAN_NORMAL,NONE,NONE,NORMAL,0,0,,,none,Normal ambient weather telemetry with diurnal solar cycles
AWS002,Guntur (AWS002),2026-08-13T22:00:00Z,31.97,64.1,1005.66,SYNTHETIC_SIMULATION,SCN_CLEAN_BASELINE,CLEAN_NORMAL,NONE,NONE,NORMAL,0,0,,,none,Normal ambient weather telemetry with diurnal solar cycles
AWS002,Guntur (AWS002),2026-08-13T23:00:00Z,30.76,67.2,1006.26,SYNTHETIC_SIMULATION,SCN_CLEAN_BASELINE,CLEAN_NORMAL,NONE,NONE,NORMAL,0,0,,,none,Normal ambient weather telemetry with diurnal solar cycles
AWS002,Guntur (AWS002),2026-08-14T00:00:00Z,29.89,70.8,1006.23,SYNTHETIC_SIMULATION,SCN_CLEAN_BASELINE,CLEAN_NORMAL,NONE,NONE,NORMAL,0,0,,,none,Normal ambient weather telemetry with diurnal solar cycles
AWS002,Guntur (AWS002),2026-08-14T01:00:00Z,29.66,71.9,1006.65,SYNTHETIC_SIMULATION,SCN_CLEAN_BASELINE,CLEAN_NORMAL,NONE,NONE,NORMAL,0,0,,,none,Normal ambient weather telemetry with diurnal solar cycles
AWS002,Guntur (AWS002),2026-08-14T02:00:00Z,28.15,74.8,1005.78,SYNTHETIC_SIMULATION,SCN_CLEAN_BASELINE,CLEAN_NORMAL,NONE,NONE,NORMAL,0,0,,,none,Normal ambient weather telemetry with diurnal solar cycles
AWS002,Guntur (AWS002),2026-08-14T03:00:00Z,28.24,71.7,1005.84,SYNTHETIC_SIMULATION,SCN_CLEAN_BASELINE,CLEAN_NORMAL,NONE,NONE,NORMAL,0,0,,,none,Normal ambient weather telemetry with diurnal solar cycles
AWS002,Guntur (AWS002),2026-08-14T04:00:00Z,28.64,73.0,1004.78,SYNTHETIC_SIMULATION,SCN_CLEAN_BASELINE,CLEAN_NORMAL,NONE,NONE,NORMAL,0,0,,,none,Normal ambient weather telemetry with diurnal solar cycles
AWS002,Guntur (AWS002),2026-08-14T05:00:00Z,29.38,71.1,1004.37,SYNTHETIC_SIMULATION,SCN_CLEAN_BASELINE,CLEAN_NORMAL,NONE,NONE,NORMAL,0,0,,,none,Normal ambient weather telemetry with diurnal solar cycles
AWS002,Guntur (AWS002),2026-08-14T06:00:00Z,30.25,70.9,1004.21,SYNTHETIC_SIMULATION,SCN_CLEAN_BASELINE,CLEAN_NORMAL,NONE,NONE,NORMAL,0,0,,,none,Normal ambient weather telemetry with diurnal solar cycles
AWS002,Guntur (AWS002),2026-08-14T07:00:00Z,31.5,64.7,1005.2,SYNTHETIC_SIMULATION,SCN_CLEAN_BASELINE,CLEAN_NORMAL,NONE,NONE,NORMAL,0,0,,,none,Normal ambient weather telemetry with diurnal solar cycles
AWS002,Guntur (AWS002),2026-08-14T08:00:00Z,32.41,62.1,1005.39,SYNTHETIC_SIMULATION,SCN_CLEAN_BASELINE,CLEAN_NORMAL,NONE,NONE,NORMAL,0,0,,,none,Normal ambient weather telemetry with diurnal solar cycles
AWS002,Guntur (AWS002),2026-08-14T09:00:00Z,33.49,56.8,1006.48,SYNTHETIC_SIMULATION,SCN_CLEAN_BASELINE,CLEAN_NORMAL,NONE,NONE,NORMAL,0,0,,,none,Normal ambient weather telemetry with diurnal solar cycles
AWS002,Guntur (AWS002),2026-08-14T10:00:00Z,34.58,56.6,1006.91,SYNTHETIC_SIMULATION,SCN_CLEAN_BASELINE,CLEAN_NORMAL,NONE,NONE,NORMAL,0,0,,,none,Normal ambient weather telemetry with diurnal solar cycles
AWS002,Guntur (AWS002),2026-08-14T11:00:00Z,35.9,55.3,1007.57,SYNTHETIC_SIMULATION,SCN_CLEAN_BASELINE,CLEAN_NORMAL,NONE,NONE,NORMAL,0,0,,,none,Normal ambient weather telemetry with diurnal solar cycles
AWS002,Guntur (AWS002),2026-08-14T12:00:00Z,36.5,51.4,1008.34,SYNTHETIC_SIMULATION,SCN_CLEAN_BASELINE,CLEAN_NORMAL,NONE,NONE,NORMAL,0,0,,,none,Normal ambient weather telemetry with diurnal solar cycles
AWS002,Guntur (AWS002),2026-08-14T13:00:00Z,38.18,49.6,1008.75,SYNTHETIC_SIMULATION,SCN_CLEAN_BASELINE,CLEAN_NORMAL,NONE,NONE,NORMAL,0,0,,,none,Normal ambient weather telemetry with diurnal solar cycles
AWS002,Guntur (AWS002),2026-08-14T14:00:00Z,38.01,48.5,1007.91,SYNTHETIC_SIMULATION,SCN_CLEAN_BASELINE,CLEAN_NORMAL,NONE,NONE,NORMAL,0,0,,,none,Normal ambient weather telemetry with diurnal solar cycles
AWS002,Guntur (AWS002),2026-08-14T15:00:00Z,37.41,48.6,1007.03,SYNTHETIC_SIMULATION,SCN_CLEAN_BASELINE,CLEAN_NORMAL,NONE,NONE,NORMAL,0,0,,,none,Normal ambient weather telemetry with diurnal solar cycles
AWS002,Guntur (AWS002),2026-08-14T16:00:00Z,36.83,49.6,1006.83,SYNTHETIC_SIMULATION,SCN_CLEAN_BASELINE,CLEAN_NORMAL,NONE,NONE,NORMAL,0,0,,,none,Normal ambient weather telemetry with diurnal solar cycles
AWS002,Guntur (AWS002),2026-08-14T17:00:00Z,36.69,49.9,1006.6,SYNTHETIC_SIMULATION,SCN_CLEAN_BASELINE,CLEAN_NORMAL,NONE,NONE,NORMAL,0,0,,,none,Normal ambient weather telemetry with diurnal solar cycles
AWS002,Guntur (AWS002),2026-08-14T18:00:00Z,35.49,56.4,1006.21,SYNTHETIC_SIMULATION,SCN_CLEAN_BASELINE,CLEAN_NORMAL,NONE,NONE,NORMAL,0,0,,,none,Normal ambient weather telemetry with diurnal solar cycles
AWS002,Guntur (AWS002),2026-08-14T19:00:00Z,33.52,59.6,1006.81,SYNTHETIC_SIMULATION,SCN_CLEAN_BASELINE,CLEAN_NORMAL,NONE,NONE,NORMAL,0,0,,,none,Normal ambient weather telemetry with diurnal solar cycles
AWS002,Guntur (AWS002),2026-08-14T20:00:00Z,32.36,61.2,1007.5,SYNTHETIC_SIMULATION,SCN_CLEAN_BASELINE,CLEAN_NORMAL,NONE,NONE,NORMAL,0,0,,,none,Normal ambient weather telemetry with diurnal solar cycles
AWS002,Guntur (AWS002),2026-08-14T21:00:00Z,31.12,67.5,1008.23,SYNTHETIC_SIMULATION,SCN_CLEAN_BASELINE,CLEAN_NORMAL,NONE,NONE,NORMAL,0,0,,,none,Normal ambient weather telemetry with diurnal solar cycles
AWS002,Guntur (AWS002),2026-08-14T22:00:00Z,29.85,68.7,1009.21,SYNTHETIC_SIMULATION,SCN_CLEAN_BASELINE,CLEAN_NORMAL,NONE,NONE,NORMAL,0,0,,,none,Normal ambient weather telemetry with diurnal solar cycles
AWS002,Guntur (AWS002),2026-08-14T23:00:00Z,28.22,72.0,1009.72,SYNTHETIC_SIMULATION,SCN_CLEAN_BASELINE,CLEAN_NORMAL,NONE,NONE,NORMAL,0,0,,,none,Normal ambient weather telemetry with diurnal solar cycles
AWS002,Guntur (AWS002),2026-08-15T00:00:00Z,27.15,77.0,1009.74,SYNTHETIC_SIMULATION,SCN_CLEAN_BASELINE,CLEAN_NORMAL,NONE,NONE,NORMAL,0,0,,,none,Normal ambient weather telemetry with diurnal solar cycles
AWS002,Guntur (AWS002),2026-08-15T01:00:00Z,26.44,77.9,1010.2,SYNTHETIC_SIMULATION,SCN_CLEAN_BASELINE,CLEAN_NORMAL,NONE,NONE,NORMAL,0,0,,,none,Normal ambient weather telemetry with diurnal solar cycles
AWS002,Guntur (AWS002),2026-08-15T02:00:00Z,25.6,79.6,1009.84,SYNTHETIC_SIMULATION,SCN_CLEAN_BASELINE,CLEAN_NORMAL,NONE,NONE,NORMAL,0,0,,,none,Normal ambient weather telemetry with diurnal solar cycles
AWS002,Guntur (AWS002),2026-08-15T03:00:00Z,25.98,79.0,1009.04,SYNTHETIC_SIMULATION,SCN_CLEAN_BASELINE,CLEAN_NORMAL,NONE,NONE,NORMAL,0,0,,,none,Normal ambient weather telemetry with diurnal solar cycles
AWS002,Guntur (AWS002),2026-08-15T04:00:00Z,26.91,81.1,1008.77,SYNTHETIC_SIMULATION,SCN_CLEAN_BASELINE,CLEAN_NORMAL,NONE,NONE,NORMAL,0,0,,,none,Normal ambient weather telemetry with diurnal solar cycles
AWS002,Guntur (AWS002),2026-08-15T05:00:00Z,26.48,76.1,1008.72,SYNTHETIC_SIMULATION,SCN_CLEAN_BASELINE,CLEAN_NORMAL,NONE,NONE,NORMAL,0,0,,,none,Normal ambient weather telemetry with diurnal solar cycles
AWS002,Guntur (AWS002),2026-08-15T06:00:00Z,27.71,74.5,1008.36,SYNTHETIC_SIMULATION,SCN_CLEAN_BASELINE,CLEAN_NORMAL,NONE,NONE,NORMAL,0,0,,,none,Normal ambient weather telemetry with diurnal solar cycles
AWS002,Guntur (AWS002),2026-08-15T07:00:00Z,28.69,71.5,1008.59,SYNTHETIC_SIMULATION,SCN_CLEAN_BASELINE,CLEAN_NORMAL,NONE,NONE,NORMAL,0,0,,,none,Normal ambient weather telemetry with diurnal solar cycles
AWS002,Guntur (AWS002),2026-08-15T08:00:00Z,30.01,69.0,1009.44,SYNTHETIC_SIMULATION,SCN_CLEAN_BASELINE,CLEAN_NORMAL,NONE,NONE,NORMAL,0,0,,,none,Normal ambient weather telemetry with diurnal solar cycles
AWS002,Guntur (AWS002),2026-08-15T09:00:00Z,31.24,66.3,1010.12,SYNTHETIC_SIMULATION,SCN_CLEAN_BASELINE,CLEAN_NORMAL,NONE,NONE,NORMAL,0,0,,,none,Normal ambient weather telemetry with diurnal solar cycles
AWS002,Guntur (AWS002),2026-08-15T10:00:00Z,32.6,61.8,1011.02,SYNTHETIC_SIMULATION,SCN_CLEAN_BASELINE,CLEAN_NORMAL,NONE,NONE,NORMAL,0,0,,,none,Normal ambient weather telemetry with diurnal solar cycles
AWS002,Guntur (AWS002),2026-08-15T11:00:00Z,33.82,60.2,1011.38,SYNTHETIC_SIMULATION,SCN_CLEAN_BASELINE,CLEAN_NORMAL,NONE,NONE,NORMAL,0,0,,,none,Normal ambient weather telemetry with diurnal solar cycles
AWS002,Guntur (AWS002),2026-08-15T12:00:00Z,34.77,58.6,1011.8,SYNTHETIC_SIMULATION,SCN_CLEAN_BASELINE,CLEAN_NORMAL,NONE,NONE,NORMAL,0,0,,,none,Normal ambient weather telemetry with diurnal solar cycles
AWS002,Guntur (AWS002),2026-08-15T13:00:00Z,35.47,56.6,1011.79,SYNTHETIC_SIMULATION,SCN_CLEAN_BASELINE,CLEAN_NORMAL,NONE,NONE,NORMAL,0,0,,,none,Normal ambient weather telemetry with diurnal solar cycles
AWS002,Guntur (AWS002),2026-08-15T14:00:00Z,34.99,53.5,1011.5,SYNTHETIC_SIMULATION,SCN_CLEAN_BASELINE,CLEAN_NORMAL,NONE,NONE,NORMAL,0,0,,,none,Normal ambient weather telemetry with diurnal solar cycles
AWS002,Guntur (AWS002),2026-08-15T15:00:00Z,35.04,55.0,1010.72,SYNTHETIC_SIMULATION,SCN_CLEAN_BASELINE,CLEAN_NORMAL,NONE,NONE,NORMAL,0,0,,,none,Normal ambient weather telemetry with diurnal solar cycles
AWS002,Guntur (AWS002),2026-08-15T16:00:00Z,35.21,54.8,1010.43,SYNTHETIC_SIMULATION,SCN_CLEAN_BASELINE,CLEAN_NORMAL,NONE,NONE,NORMAL,0,0,,,none,Normal ambient weather telemetry with diurnal solar cycles
AWS002,Guntur (AWS002),2026-08-15T17:00:00Z,34.13,56.4,1009.72,SYNTHETIC_SIMULATION,SCN_CLEAN_BASELINE,CLEAN_NORMAL,NONE,NONE,NORMAL,0,0,,,none,Normal ambient weather telemetry with diurnal solar cycles
AWS002,Guntur (AWS002),2026-08-15T18:00:00Z,33.53,61.2,1009.39,SYNTHETIC_SIMULATION,SCN_CLEAN_BASELINE,CLEAN_NORMAL,NONE,NONE,NORMAL,0,0,,,none,Normal ambient weather telemetry with diurnal solar cycles
AWS002,Guntur (AWS002),2026-08-15T19:00:00Z,31.78,62.1,1010.1,SYNTHETIC_SIMULATION,SCN_CLEAN_BASELINE,CLEAN_NORMAL,NONE,NONE,NORMAL,0,0,,,none,Normal ambient weather telemetry with diurnal solar cycles
AWS002,Guntur (AWS002),2026-08-15T20:00:00Z,30.85,66.1,1010.57,SYNTHETIC_SIMULATION,SCN_CLEAN_BASELINE,CLEAN_NORMAL,NONE,NONE,NORMAL,0,0,,,none,Normal ambient weather telemetry with diurnal solar cycles
AWS002,Guntur (AWS002),2026-08-15T21:00:00Z,28.76,69.3,1010.99,SYNTHETIC_SIMULATION,SCN_CLEAN_BASELINE,CLEAN_NORMAL,NONE,NONE,NORMAL,0,0,,,none,Normal ambient weather telemetry with diurnal solar cycles
AWS002,Guntur (AWS002),2026-08-15T22:00:00Z,28.21,73.9,1011.56,SYNTHETIC_SIMULATION,SCN_CLEAN_BASELINE,CLEAN_NORMAL,NONE,NONE,NORMAL,0,0,,,none,Normal ambient weather telemetry with diurnal solar cycles
AWS002,Guntur (AWS002),2026-08-15T23:00:00Z,26.59,75.5,1012.42,SYNTHETIC_SIMULATION,SCN_CLEAN_BASELINE,CLEAN_NORMAL,NONE,NONE,NORMAL,0,0,,,none,Normal ambient weather telemetry with diurnal solar cycles
AWS002,Guntur (AWS002),2026-08-16T00:00:00Z,26.38,78.9,1012.53,SYNTHETIC_SIMULATION,SCN_CLEAN_BASELINE,CLEAN_NORMAL,NONE,NONE,NORMAL,0,0,,,none,Normal ambient weather telemetry with diurnal solar cycles
AWS002,Guntur (AWS002),2026-08-16T01:00:00Z,25.1,80.8,1012.55,SYNTHETIC_SIMULATION,SCN_CLEAN_BASELINE,CLEAN_NORMAL,NONE,NONE,NORMAL,0,0,,,none,Normal ambient weather telemetry with diurnal solar cycles
AWS002,Guntur (AWS002),2026-08-16T02:00:00Z,24.94,83.1,1011.77,SYNTHETIC_SIMULATION,SCN_CLEAN_BASELINE,CLEAN_NORMAL,NONE,NONE,NORMAL,0,0,,,none,Normal ambient weather telemetry with diurnal solar cycles
AWS002,Guntur (AWS002),2026-08-16T03:00:00Z,24.75,82.7,1011.22,SYNTHETIC_SIMULATION,SCN_CLEAN_BASELINE,CLEAN_NORMAL,NONE,NONE,NORMAL,0,0,,,none,Normal ambient weather telemetry with diurnal solar cycles
AWS002,Guntur (AWS002),2026-08-16T04:00:00Z,25.1,83.1,1010.7,SYNTHETIC_SIMULATION,SCN_CLEAN_BASELINE,CLEAN_NORMAL,NONE,NONE,NORMAL,0,0,,,none,Normal ambient weather telemetry with diurnal solar cycles
AWS002,Guntur (AWS002),2026-08-16T05:00:00Z,25.77,77.7,1010.32,SYNTHETIC_SIMULATION,SCN_CLEAN_BASELINE,CLEAN_NORMAL,NONE,NONE,NORMAL,0,0,,,none,Normal ambient weather telemetry with diurnal solar cycles
AWS002,Guntur (AWS002),2026-08-16T06:00:00Z,27.21,78.3,1009.83,SYNTHETIC_SIMULATION,SCN_CLEAN_BASELINE,CLEAN_NORMAL,NONE,NONE,NORMAL,0,0,,,none,Normal ambient weather telemetry with diurnal solar cycles
AWS002,Guntur (AWS002),2026-08-16T07:00:00Z,27.84,74.6,1010.05,SYNTHETIC_SIMULATION,SCN_CLEAN_BASELINE,CLEAN_NORMAL,NONE,NONE,NORMAL,0,0,,,none,Normal ambient weather telemetry with diurnal solar cycles
AWS002,Guntur (AWS002),2026-08-16T08:00:00Z,30.04,69.7,1010.48,SYNTHETIC_SIMULATION,SCN_CLEAN_BASELINE,CLEAN_NORMAL,NONE,NONE,NORMAL,0,0,,,none,Normal ambient weather telemetry with diurnal solar cycles
AWS002,Guntur (AWS002),2026-08-16T09:00:00Z,30.33,66.6,1010.75,SYNTHETIC_SIMULATION,SCN_CLEAN_BASELINE,CLEAN_NORMAL,NONE,NONE,NORMAL,0,0,,,none,Normal ambient weather telemetry with diurnal solar cycles
AWS002,Guntur (AWS002),2026-08-16T10:00:00Z,31.42,63.1,1011.6,SYNTHETIC_SIMULATION,SCN_CLEAN_BASELINE,CLEAN_NORMAL,NONE,NONE,NORMAL,0,0,,,none,Normal ambient weather telemetry with diurnal solar cycles
AWS002,Guntur (AWS002),2026-08-16T11:00:00Z,33.26,58.3,1012.62,SYNTHETIC_SIMULATION,SCN_CLEAN_BASELINE,CLEAN_NORMAL,NONE,NONE,NORMAL,0,0,,,none,Normal ambient weather telemetry with diurnal solar cycles
AWS002,Guntur (AWS002),2026-08-16T12:00:00Z,34.7,57.5,1012.35,SYNTHETIC_SIMULATION,SCN_CLEAN_BASELINE,CLEAN_NORMAL,NONE,NONE,NORMAL,0,0,,,none,Normal ambient weather telemetry with diurnal solar cycles
AWS002,Guntur (AWS002),2026-08-16T13:00:00Z,35.37,54.6,1012.15,SYNTHETIC_SIMULATION,SCN_CLEAN_BASELINE,CLEAN_NORMAL,NONE,NONE,NORMAL,0,0,,,none,Normal ambient weather telemetry with diurnal solar cycles
AWS002,Guntur (AWS002),2026-08-16T14:00:00Z,35.01,54.3,1011.34,SYNTHETIC_SIMULATION,SCN_CLEAN_BASELINE,CLEAN_NORMAL,NONE,NONE,NORMAL,0,0,,,none,Normal ambient weather telemetry with diurnal solar cycles
AWS002,Guntur (AWS002),2026-08-16T15:00:00Z,35.31,52.9,1010.98,SYNTHETIC_SIMULATION,SCN_CLEAN_BASELINE,CLEAN_NORMAL,NONE,NONE,NORMAL,0,0,,,none,Normal ambient weather telemetry with diurnal solar cycles
AWS002,Guntur (AWS002),2026-08-16T16:00:00Z,34.7,55.7,1010.08,SYNTHETIC_SIMULATION,SCN_CLEAN_BASELINE,CLEAN_NORMAL,NONE,NONE,NORMAL,0,0,,,none,Normal ambient weather telemetry with diurnal solar cycles
AWS002,Guntur (AWS002),2026-08-16T17:00:00Z,34.4,58.0,1008.74,SYNTHETIC_SIMULATION,SCN_CLEAN_BASELINE,CLEAN_NORMAL,NONE,NONE,NORMAL,0,0,,,none,Normal ambient weather telemetry with diurnal solar cycles
AWS002,Guntur (AWS002),2026-08-16T18:00:00Z,33.69,58.9,1009.01,SYNTHETIC_SIMULATION,SCN_CLEAN_BASELINE,CLEAN_NORMAL,NONE,NONE,NORMAL,0,0,,,none,Normal ambient weather telemetry with diurnal solar cycles
AWS002,Guntur (AWS002),2026-08-16T19:00:00Z,32.6,62.0,1009.23,SYNTHETIC_SIMULATION,SCN_CLEAN_BASELINE,CLEAN_NORMAL,NONE,NONE,NORMAL,0,0,,,none,Normal ambient weather telemetry with diurnal solar cycles
AWS002,Guntur (AWS002),2026-08-16T20:00:00Z,30.9,65.0,1009.6,SYNTHETIC_SIMULATION,SCN_CLEAN_BASELINE,CLEAN_NORMAL,NONE,NONE,NORMAL,0,0,,,none,Normal ambient weather telemetry with diurnal solar cycles
AWS002,Guntur (AWS002),2026-08-16T21:00:00Z,29.29,69.0,1009.84,SYNTHETIC_SIMULATION,SCN_CLEAN_BASELINE,CLEAN_NORMAL,NONE,NONE,NORMAL,0,0,,,none,Normal ambient weather telemetry with diurnal solar cycles
AWS002,Guntur (AWS002),2026-08-16T22:00:00Z,28.5,72.9,1010.55,SYNTHETIC_SIMULATION,SCN_CLEAN_BASELINE,CLEAN_NORMAL,NONE,NONE,NORMAL,0,0,,,none,Normal ambient weather telemetry with diurnal solar cycles
AWS002,Guntur (AWS002),2026-08-16T23:00:00Z,28.13,75.3,1011.78,SYNTHETIC_SIMULATION,SCN_CLEAN_BASELINE,CLEAN_NORMAL,NONE,NONE,NORMAL,0,0,,,none,Normal ambient weather telemetry with diurnal solar cycles
AWS002,Guntur (AWS002),2026-08-17T00:00:00Z,26.29,76.5,1010.8,SYNTHETIC_SIMULATION,SCN_CLEAN_BASELINE,CLEAN_NORMAL,NONE,NONE,NORMAL,0,0,,,none,Normal ambient weather telemetry with diurnal solar cycles
AWS002,Guntur (AWS002),2026-08-17T01:00:00Z,25.99,79.3,1010.59,SYNTHETIC_SIMULATION,SCN_CLEAN_BASELINE,CLEAN_NORMAL,NONE,NONE,NORMAL,0,0,,,none,Normal ambient weather telemetry with diurnal solar cycles
AWS002,Guntur (AWS002),2026-08-17T02:00:00Z,26.17,79.6,1010.59,SYNTHETIC_SIMULATION,SCN_CLEAN_BASELINE,CLEAN_NORMAL,NONE,NONE,NORMAL,0,0,,,none,Normal ambient weather telemetry with diurnal solar cycles
AWS002,Guntur (AWS002),2026-08-17T03:00:00Z,25.85,81.8,1009.33,SYNTHETIC_SIMULATION,SCN_CLEAN_BASELINE,CLEAN_NORMAL,NONE,NONE,NORMAL,0,0,,,none,Normal ambient weather telemetry with diurnal solar cycles
AWS002,Guntur (AWS002),2026-08-17T04:00:00Z,27.15,78.7,1008.5,SYNTHETIC_SIMULATION,SCN_CLEAN_BASELINE,CLEAN_NORMAL,NONE,NONE,NORMAL,0,0,,,none,Normal ambient weather telemetry with diurnal solar cycles
AWS002,Guntur (AWS002),2026-08-17T05:00:00Z,27.37,75.0,1007.57,SYNTHETIC_SIMULATION,SCN_CLEAN_BASELINE,CLEAN_NORMAL,NONE,NONE,NORMAL,0,0,,,none,Normal ambient weather telemetry with diurnal solar cycles
AWS002,Guntur (AWS002),2026-08-17T06:00:00Z,27.91,74.9,1007.32,SYNTHETIC_SIMULATION,SCN_CLEAN_BASELINE,CLEAN_NORMAL,NONE,NONE,NORMAL,0,0,,,none,Normal ambient weather telemetry with diurnal solar cycles
AWS002,Guntur (AWS002),2026-08-17T07:00:00Z,30.08,69.7,1007.4,SYNTHETIC_SIMULATION,SCN_CLEAN_BASELINE,CLEAN_NORMAL,NONE,NONE,NORMAL,0,0,,,none,Normal ambient weather telemetry with diurnal solar cycles
AWS002,Guntur (AWS002),2026-08-17T08:00:00Z,31.3,68.6,1008.1,SYNTHETIC_SIMULATION,SCN_CLEAN_BASELINE,CLEAN_NORMAL,NONE,NONE,NORMAL,0,0,,,none,Normal ambient weather telemetry with diurnal solar cycles
AWS002,Guntur (AWS002),2026-08-17T09:00:00Z,32.92,62.6,1008.02,SYNTHETIC_SIMULATION,SCN_CLEAN_BASELINE,CLEAN_NORMAL,NONE,NONE,NORMAL,0,0,,,none,Normal ambient weather telemetry with diurnal solar cycles
AWS002,Guntur (AWS002),2026-08-17T10:00:00Z,33.27,58.8,1008.93,SYNTHETIC_SIMULATION,SCN_CLEAN_BASELINE,CLEAN_NORMAL,NONE,NONE,NORMAL,0,0,,,none,Normal ambient weather telemetry with diurnal solar cycles
AWS002,Guntur (AWS002),2026-08-17T11:00:00Z,35.34,53.8,1009.28,SYNTHETIC_SIMULATION,SCN_CLEAN_BASELINE,CLEAN_NORMAL,NONE,NONE,NORMAL,0,0,,,none,Normal ambient weather telemetry with diurnal solar cycles
AWS002,Guntur (AWS002),2026-08-17T12:00:00Z,35.61,51.1,1009.27,SYNTHETIC_SIMULATION,SCN_CLEAN_BASELINE,CLEAN_NORMAL,NONE,NONE,NORMAL,0,0,,,none,Normal ambient weather telemetry with diurnal solar cycles
AWS002,Guntur (AWS002),2026-08-17T13:00:00Z,37.14,51.8,1008.45,SYNTHETIC_SIMULATION,SCN_CLEAN_BASELINE,CLEAN_NORMAL,NONE,NONE,NORMAL,0,0,,,none,Normal ambient weather telemetry with diurnal solar cycles
AWS002,Guntur (AWS002),2026-08-17T14:00:00Z,37.95,47.4,1008.42,SYNTHETIC_SIMULATION,SCN_CLEAN_BASELINE,CLEAN_NORMAL,NONE,NONE,NORMAL,0,0,,,none,Normal ambient weather telemetry with diurnal solar cycles
AWS002,Guntur (AWS002),2026-08-17T15:00:00Z,37.84,,1007.12,SYNTHETIC_SIMULATION,SCN_CLEAN_BASELINE,CLEAN_NORMAL,NONE,NONE,NORMAL,0,0,,,none,Normal ambient weather telemetry with diurnal solar cycles
AWS002,Guntur (AWS002),2026-08-17T16:00:00Z,37.25,50.2,1006.31,SYNTHETIC_SIMULATION,SCN_CLEAN_BASELINE,CLEAN_NORMAL,NONE,NONE,NORMAL,0,0,,,none,Normal ambient weather telemetry with diurnal solar cycles
AWS002,Guntur (AWS002),2026-08-17T17:00:00Z,37.19,50.2,1005.84,SYNTHETIC_SIMULATION,SCN_CLEAN_BASELINE,CLEAN_NORMAL,NONE,NONE,NORMAL,0,0,,,none,Normal ambient weather telemetry with diurnal solar cycles
AWS002,Guntur (AWS002),2026-08-17T18:00:00Z,35.92,53.0,1005.48,SYNTHETIC_SIMULATION,SCN_CLEAN_BASELINE,CLEAN_NORMAL,NONE,NONE,NORMAL,0,0,,,none,Normal ambient weather telemetry with diurnal solar cycles
AWS002,Guntur (AWS002),2026-08-17T19:00:00Z,35.26,56.1,1005.61,SYNTHETIC_SIMULATION,SCN_CLEAN_BASELINE,CLEAN_NORMAL,NONE,NONE,NORMAL,0,0,,,none,Normal ambient weather telemetry with diurnal solar cycles
AWS002,Guntur (AWS002),2026-08-17T20:00:00Z,33.09,58.0,1005.96,SYNTHETIC_SIMULATION,SCN_CLEAN_BASELINE,CLEAN_NORMAL,NONE,NONE,NORMAL,0,0,,,none,Normal ambient weather telemetry with diurnal solar cycles
AWS002,Guntur (AWS002),2026-08-17T21:00:00Z,32.26,64.7,1006.38,SYNTHETIC_SIMULATION,SCN_CLEAN_BASELINE,CLEAN_NORMAL,NONE,NONE,NORMAL,0,0,,,none,Normal ambient weather telemetry with diurnal solar cycles
AWS002,Guntur (AWS002),2026-08-17T22:00:00Z,31.39,67.7,1006.73,SYNTHETIC_SIMULATION,SCN_CLEAN_BASELINE,CLEAN_NORMAL,NONE,NONE,NORMAL,0,0,,,none,Normal ambient weather telemetry with diurnal solar cycles
AWS002,Guntur (AWS002),2026-08-17T23:00:00Z,30.45,71.0,1007.58,SYNTHETIC_SIMULATION,SCN_CLEAN_BASELINE,CLEAN_NORMAL,NONE,NONE,NORMAL,0,0,,,none,Normal ambient weather telemetry with diurnal solar cycles
AWS002,Guntur (AWS002),2026-08-18T00:00:00Z,29.08,72.4,1007.03,SYNTHETIC_SIMULATION,SCN_CLEAN_BASELINE,CLEAN_NORMAL,NONE,NONE,NORMAL,0,0,,,none,Normal ambient weather telemetry with diurnal solar cycles
AWS002,Guntur (AWS002),2026-08-18T01:00:00Z,28.26,72.8,1006.63,SYNTHETIC_SIMULATION,SCN_CLEAN_BASELINE,CLEAN_NORMAL,NONE,NONE,NORMAL,0,0,,,none,Normal ambient weather telemetry with diurnal solar cycles
AWS002,Guntur (AWS002),2026-08-18T02:00:00Z,28.74,73.8,1006.1,SYNTHETIC_SIMULATION,SCN_CLEAN_BASELINE,CLEAN_NORMAL,NONE,NONE,NORMAL,0,0,,,none,Normal ambient weather telemetry with diurnal solar cycles
AWS002,Guntur (AWS002),2026-08-18T03:00:00Z,28.37,74.3,1005.24,SYNTHETIC_SIMULATION,SCN_CLEAN_BASELINE,CLEAN_NORMAL,NONE,NONE,NORMAL,0,0,,,none,Normal ambient weather telemetry with diurnal solar cycles
AWS002,Guntur (AWS002),2026-08-18T04:00:00Z,28.46,74.4,1004.59,SYNTHETIC_SIMULATION,SCN_CLEAN_BASELINE,CLEAN_NORMAL,NONE,NONE,NORMAL,0,0,,,none,Normal ambient weather telemetry with diurnal solar cycles
AWS002,Guntur (AWS002),2026-08-18T05:00:00Z,29.05,72.5,1003.88,SYNTHETIC_SIMULATION,SCN_CLEAN_BASELINE,CLEAN_NORMAL,NONE,NONE,NORMAL,0,0,,,none,Normal ambient weather telemetry with diurnal solar cycles
AWS002,Guntur (AWS002),2026-08-18T06:00:00Z,30.3,67.9,1003.55,SYNTHETIC_SIMULATION,SCN_CLEAN_BASELINE,CLEAN_NORMAL,NONE,NONE,NORMAL,0,0,,,none,Normal ambient weather telemetry with diurnal solar cycles
AWS002,Guntur (AWS002),2026-08-18T07:00:00Z,31.92,64.7,1003.81,SYNTHETIC_SIMULATION,SCN_CLEAN_BASELINE,CLEAN_NORMAL,NONE,NONE,NORMAL,0,0,,,none,Normal ambient weather telemetry with diurnal solar cycles
AWS002,Guntur (AWS002),2026-08-18T08:00:00Z,33.16,58.7,1004.15,SYNTHETIC_SIMULATION,SCN_CLEAN_BASELINE,CLEAN_NORMAL,NONE,NONE,NORMAL,0,0,,,none,Normal ambient weather telemetry with diurnal solar cycles
AWS002,Guntur (AWS002),2026-08-18T09:00:00Z,34.83,56.0,1005.1,SYNTHETIC_SIMULATION,SCN_CLEAN_BASELINE,CLEAN_NORMAL,NONE,NONE,NORMAL,0,0,,,none,Normal ambient weather telemetry with diurnal solar cycles
AWS002,Guntur (AWS002),2026-08-18T10:00:00Z,35.86,52.7,1005.63,SYNTHETIC_SIMULATION,SCN_CLEAN_BASELINE,CLEAN_NORMAL,NONE,NONE,NORMAL,0,0,,,none,Normal ambient weather telemetry with diurnal solar cycles
AWS002,Guntur (AWS002),2026-08-18T11:00:00Z,37.2,51.3,1005.67,SYNTHETIC_SIMULATION,SCN_CLEAN_BASELINE,CLEAN_NORMAL,NONE,NONE,NORMAL,0,0,,,none,Normal ambient weather telemetry with diurnal solar cycles
AWS002,Guntur (AWS002),2026-08-18T12:00:00Z,38.31,46.6,1005.89,SYNTHETIC_SIMULATION,SCN_CLEAN_BASELINE,CLEAN_NORMAL,NONE,NONE,NORMAL,0,0,,,none,Normal ambient weather telemetry with diurnal solar cycles
AWS002,Guntur (AWS002),2026-08-18T13:00:00Z,39.31,46.4,1005.45,SYNTHETIC_SIMULATION,SCN_CLEAN_BASELINE,CLEAN_NORMAL,NONE,NONE,NORMAL,0,0,,,none,Normal ambient weather telemetry with diurnal solar cycles
AWS002,Guntur (AWS002),2026-08-18T14:00:00Z,39.72,45.4,1005.28,SYNTHETIC_SIMULATION,SCN_CLEAN_BASELINE,CLEAN_NORMAL,NONE,NONE,NORMAL,0,0,,,none,Normal ambient weather telemetry with diurnal solar cycles
AWS002,Guntur (AWS002),2026-08-18T15:00:00Z,39.88,44.1,1004.24,SYNTHETIC_SIMULATION,SCN_CLEAN_BASELINE,CLEAN_NORMAL,NONE,NONE,NORMAL,0,0,,,none,Normal ambient weather telemetry with diurnal solar cycles
AWS002,Guntur (AWS002),2026-08-18T16:00:00Z,39.3,44.9,1003.59,SYNTHETIC_SIMULATION,SCN_CLEAN_BASELINE,CLEAN_NORMAL,NONE,NONE,NORMAL,0,0,,,none,Normal ambient weather telemetry with diurnal solar cycles
AWS002,Guntur (AWS002),2026-08-18T17:00:00Z,37.9,46.1,1003.04,SYNTHETIC_SIMULATION,SCN_CLEAN_BASELINE,CLEAN_NORMAL,NONE,NONE,NORMAL,0,0,,,none,Normal ambient weather telemetry with diurnal solar cycles
AWS002,Guntur (AWS002),2026-08-18T18:00:00Z,37.55,48.9,1002.89,SYNTHETIC_SIMULATION,SCN_CLEAN_BASELINE,CLEAN_NORMAL,NONE,NONE,NORMAL,0,0,,,none,Normal ambient weather telemetry with diurnal solar cycles
AWS002,Guntur (AWS002),2026-08-18T19:00:00Z,36.5,52.5,1002.98,SYNTHETIC_SIMULATION,SCN_CLEAN_BASELINE,CLEAN_NORMAL,NONE,NONE,NORMAL,0,0,,,none,Normal ambient weather telemetry with diurnal solar cycles
AWS002,Guntur (AWS002),2026-08-18T20:00:00Z,35.13,56.7,1003.5,SYNTHETIC_SIMULATION,SCN_CLEAN_BASELINE,CLEAN_NORMAL,NONE,NONE,NORMAL,0,0,,,none,Normal ambient weather telemetry with diurnal solar cycles
AWS002,Guntur (AWS002),2026-08-18T21:00:00Z,33.81,60.0,1004.6,SYNTHETIC_SIMULATION,SCN_CLEAN_BASELINE,CLEAN_NORMAL,NONE,NONE,NORMAL,0,0,,,none,Normal ambient weather telemetry with diurnal solar cycles
AWS002,Guntur (AWS002),2026-08-18T22:00:00Z,32.7,64.7,1005.13,SYNTHETIC_SIMULATION,SCN_CLEAN_BASELINE,CLEAN_NORMAL,NONE,NONE,NORMAL,0,0,,,none,Normal ambient weather telemetry with diurnal solar cycles
AWS002,Guntur (AWS002),2026-08-18T23:00:00Z,31.59,66.6,1005.58,SYNTHETIC_SIMULATION,SCN_CLEAN_BASELINE,CLEAN_NORMAL,NONE,NONE,NORMAL,0,0,,,none,Normal ambient weather telemetry with diurnal solar cycles
AWS002,Guntur (AWS002),2026-08-19T00:00:00Z,30.52,68.5,1005.74,SYNTHETIC_SIMULATION,SCN_CLEAN_BASELINE,CLEAN_NORMAL,NONE,NONE,NORMAL,0,0,,,none,Normal ambient weather telemetry with diurnal solar cycles
AWS002,Guntur (AWS002),2026-08-19T01:00:00Z,29.61,71.4,1005.65,SYNTHETIC_SIMULATION,SCN_CLEAN_BASELINE,CLEAN_NORMAL,NONE,NONE,NORMAL,0,0,,,none,Normal ambient weather telemetry with diurnal solar cycles
AWS002,Guntur (AWS002),2026-08-19T02:00:00Z,29.23,73.0,1004.62,SYNTHETIC_SIMULATION,SCN_CLEAN_BASELINE,CLEAN_NORMAL,NONE,NONE,NORMAL,0,0,,,none,Normal ambient weather telemetry with diurnal solar cycles
AWS002,Guntur (AWS002),2026-08-19T03:00:00Z,29.52,71.2,1004.77,SYNTHETIC_SIMULATION,SCN_CLEAN_BASELINE,CLEAN_NORMAL,NONE,NONE,NORMAL,0,0,,,none,Normal ambient weather telemetry with diurnal solar cycles
AWS002,Guntur (AWS002),2026-08-19T04:00:00Z,29.31,70.6,1003.89,SYNTHETIC_SIMULATION,SCN_CLEAN_BASELINE,CLEAN_NORMAL,NONE,NONE,NORMAL,0,0,,,none,Normal ambient weather telemetry with diurnal solar cycles
AWS002,Guntur (AWS002),2026-08-19T05:00:00Z,30.06,69.6,1003.45,SYNTHETIC_SIMULATION,SCN_CLEAN_BASELINE,CLEAN_NORMAL,NONE,NONE,NORMAL,0,0,,,none,Normal ambient weather telemetry with diurnal solar cycles
AWS002,Guntur (AWS002),2026-08-19T06:00:00Z,31.42,66.6,1003.08,SYNTHETIC_SIMULATION,SCN_CLEAN_BASELINE,CLEAN_NORMAL,NONE,NONE,NORMAL,0,0,,,none,Normal ambient weather telemetry with diurnal solar cycles
AWS002,Guntur (AWS002),2026-08-19T07:00:00Z,32.31,63.1,,SYNTHETIC_SIMULATION,SCN_CLEAN_BASELINE,CLEAN_NORMAL,NONE,NONE,NORMAL,0,0,,,none,Normal ambient weather telemetry with diurnal solar cycles
AWS002,Guntur (AWS002),2026-08-19T08:00:00Z,32.98,59.8,1003.84,SYNTHETIC_SIMULATION,SCN_CLEAN_BASELINE,CLEAN_NORMAL,NONE,NONE,NORMAL,0,0,,,none,Normal ambient weather telemetry with diurnal solar cycles
AWS002,Guntur (AWS002),2026-08-19T09:00:00Z,34.95,59.7,1004.54,SYNTHETIC_SIMULATION,SCN_CLEAN_BASELINE,CLEAN_NORMAL,NONE,NONE,NORMAL,0,0,,,none,Normal ambient weather telemetry with diurnal solar cycles
AWS002,Guntur (AWS002),2026-08-19T10:00:00Z,36.27,52.8,1005.74,SYNTHETIC_SIMULATION,SCN_CLEAN_BASELINE,CLEAN_NORMAL,NONE,NONE,NORMAL,0,0,,,none,Normal ambient weather telemetry with diurnal solar cycles
AWS002,Guntur (AWS002),2026-08-19T11:00:00Z,37.61,48.6,1006.58,SYNTHETIC_SIMULATION,SCN_CLEAN_BASELINE,CLEAN_NORMAL,NONE,NONE,NORMAL,0,0,,,none,Normal ambient weather telemetry with diurnal solar cycles
AWS002,Guntur (AWS002),2026-08-19T12:00:00Z,38.17,48.7,1006.73,SYNTHETIC_SIMULATION,SCN_CLEAN_BASELINE,CLEAN_NORMAL,NONE,NONE,NORMAL,0,0,,,none,Normal ambient weather telemetry with diurnal solar cycles
AWS002,Guntur (AWS002),2026-08-19T13:00:00Z,39.05,47.2,1005.91,SYNTHETIC_SIMULATION,SCN_CLEAN_BASELINE,CLEAN_NORMAL,NONE,NONE,NORMAL,0,0,,,none,Normal ambient weather telemetry with diurnal solar cycles
AWS002,Guntur (AWS002),2026-08-19T14:00:00Z,38.75,43.5,1006.06,SYNTHETIC_SIMULATION,SCN_CLEAN_BASELINE,CLEAN_NORMAL,NONE,NONE,NORMAL,0,0,,,none,Normal ambient weather telemetry with diurnal solar cycles
AWS002,Guntur (AWS002),2026-08-19T15:00:00Z,38.77,48.1,1006.06,SYNTHETIC_SIMULATION,SCN_CLEAN_BASELINE,CLEAN_NORMAL,NONE,NONE,NORMAL,0,0,,,none,Normal ambient weather telemetry with diurnal solar cycles
AWS002,Guntur (AWS002),2026-08-19T16:00:00Z,37.95,47.2,1004.7,SYNTHETIC_SIMULATION,SCN_CLEAN_BASELINE,CLEAN_NORMAL,NONE,NONE,NORMAL,0,0,,,none,Normal ambient weather telemetry with diurnal solar cycles
AWS002,Guntur (AWS002),2026-08-19T17:00:00Z,38.01,49.3,1004.69,SYNTHETIC_SIMULATION,SCN_CLEAN_BASELINE,CLEAN_NORMAL,NONE,NONE,NORMAL,0,0,,,none,Normal ambient weather telemetry with diurnal solar cycles
AWS002,Guntur (AWS002),2026-08-19T18:00:00Z,36.57,52.5,1004.79,SYNTHETIC_SIMULATION,SCN_CLEAN_BASELINE,CLEAN_NORMAL,NONE,NONE,NORMAL,0,0,,,none,Normal ambient weather telemetry with diurnal solar cycles
AWS002,Guntur (AWS002),2026-08-19T19:00:00Z,35.39,54.8,1004.98,SYNTHETIC_SIMULATION,SCN_CLEAN_BASELINE,CLEAN_NORMAL,NONE,NONE,NORMAL,0,0,,,none,Normal ambient weather telemetry with diurnal solar cycles
AWS002,Guntur (AWS002),2026-08-19T20:00:00Z,33.8,57.3,1005.57,SYNTHETIC_SIMULATION,SCN_CLEAN_BASELINE,CLEAN_NORMAL,NONE,NONE,NORMAL,0,0,,,none,Normal ambient weather telemetry with diurnal solar cycles
AWS002,Guntur (AWS002),2026-08-19T21:00:00Z,32.55,61.3,1006.63,SYNTHETIC_SIMULATION,SCN_CLEAN_BASELINE,CLEAN_NORMAL,NONE,NONE,NORMAL,0,0,,,none,Normal ambient weather telemetry with diurnal solar cycles
AWS002,Guntur (AWS002),2026-08-19T22:00:00Z,30.16,66.8,1007.38,SYNTHETIC_SIMULATION,SCN_CLEAN_BASELINE,CLEAN_NORMAL,NONE,NONE,NORMAL,0,0,,,none,Normal ambient weather telemetry with diurnal solar cycles
AWS002,Guntur (AWS002),2026-08-19T23:00:00Z,29.48,70.7,1007.95,SYNTHETIC_SIMULATION,SCN_CLEAN_BASELINE,CLEAN_NORMAL,NONE,NONE,NORMAL,0,0,,,none,Normal ambient weather telemetry with diurnal solar cycles
AWS002,Guntur (AWS002),2026-08-20T00:00:00Z,29.06,72.5,1008.17,SYNTHETIC_SIMULATION,SCN_CLEAN_BASELINE,CLEAN_NORMAL,NONE,NONE,NORMAL,0,0,,,none,Normal ambient weather telemetry with diurnal solar cycles
AWS002,Guntur (AWS002),2026-08-20T01:00:00Z,27.82,76.9,1008.13,SYNTHETIC_SIMULATION,SCN_CLEAN_BASELINE,CLEAN_NORMAL,NONE,NONE,NORMAL,0,0,,,none,Normal ambient weather telemetry with diurnal solar cycles
AWS002,Guntur (AWS002),2026-08-20T02:00:00Z,26.85,77.8,1007.37,SYNTHETIC_SIMULATION,SCN_CLEAN_BASELINE,CLEAN_NORMAL,NONE,NONE,NORMAL,0,0,,,none,Normal ambient weather telemetry with diurnal solar cycles
AWS002,Guntur (AWS002),2026-08-20T03:00:00Z,27.16,76.0,1007.67,SYNTHETIC_SIMULATION,SCN_CLEAN_BASELINE,CLEAN_NORMAL,NONE,NONE,NORMAL,0,0,,,none,Normal ambient weather telemetry with diurnal solar cycles
AWS002,Guntur (AWS002),2026-08-20T04:00:00Z,27.94,76.6,1006.89,SYNTHETIC_SIMULATION,SCN_CLEAN_BASELINE,CLEAN_NORMAL,NONE,NONE,NORMAL,0,0,,,none,Normal ambient weather telemetry with diurnal solar cycles
AWS002,Guntur (AWS002),2026-08-20T05:00:00Z,28.34,73.9,1006.23,SYNTHETIC_SIMULATION,SCN_CLEAN_BASELINE,CLEAN_NORMAL,NONE,NONE,NORMAL,0,0,,,none,Normal ambient weather telemetry with diurnal solar cycles
AWS002,Guntur (AWS002),2026-08-20T06:00:00Z,29.04,,1006.4,SYNTHETIC_SIMULATION,SCN_CLEAN_BASELINE,CLEAN_NORMAL,NONE,NONE,NORMAL,0,0,,,none,Normal ambient weather telemetry with diurnal solar cycles
AWS002,Guntur (AWS002),2026-08-20T07:00:00Z,29.28,70.3,1006.77,SYNTHETIC_SIMULATION,SCN_CLEAN_BASELINE,CLEAN_NORMAL,NONE,NONE,NORMAL,0,0,,,none,Normal ambient weather telemetry with diurnal solar cycles
AWS002,Guntur (AWS002),2026-08-20T08:00:00Z,31.43,65.4,1007.31,SYNTHETIC_SIMULATION,SCN_CLEAN_BASELINE,CLEAN_NORMAL,NONE,NONE,NORMAL,0,0,,,none,Normal ambient weather telemetry with diurnal solar cycles
AWS002,Guntur (AWS002),2026-08-20T09:00:00Z,32.73,62.6,1008.26,SYNTHETIC_SIMULATION,SCN_CLEAN_BASELINE,CLEAN_NORMAL,NONE,NONE,NORMAL,0,0,,,none,Normal ambient weather telemetry with diurnal solar cycles
AWS002,Guntur (AWS002),2026-08-20T10:00:00Z,34.15,59.5,1008.94,SYNTHETIC_SIMULATION,SCN_CLEAN_BASELINE,CLEAN_NORMAL,NONE,NONE,NORMAL,0,0,,,none,Normal ambient weather telemetry with diurnal solar cycles
AWS002,Guntur (AWS002),2026-08-20T11:00:00Z,34.26,57.1,1010.04,SYNTHETIC_SIMULATION,SCN_CLEAN_BASELINE,CLEAN_NORMAL,NONE,NONE,NORMAL,0,0,,,none,Normal ambient weather telemetry with diurnal solar cycles
AWS002,Guntur (AWS002),2026-08-20T12:00:00Z,35.45,55.1,1010.13,SYNTHETIC_SIMULATION,SCN_CLEAN_BASELINE,CLEAN_NORMAL,NONE,NONE,NORMAL,0,0,,,none,Normal ambient weather telemetry with diurnal solar cycles
AWS002,Guntur (AWS002),2026-08-20T13:00:00Z,36.4,50.8,1010.48,SYNTHETIC_SIMULATION,SCN_CLEAN_BASELINE,CLEAN_NORMAL,NONE,NONE,NORMAL,0,0,,,none,Normal ambient weather telemetry with diurnal solar cycles
AWS002,Guntur (AWS002),2026-08-20T14:00:00Z,36.56,52.6,1009.81,SYNTHETIC_SIMULATION,SCN_CLEAN_BASELINE,CLEAN_NORMAL,NONE,NONE,NORMAL,0,0,,,none,Normal ambient weather telemetry with diurnal solar cycles
AWS002,Guntur (AWS002),2026-08-20T15:00:00Z,36.27,52.2,1009.46,SYNTHETIC_SIMULATION,SCN_CLEAN_BASELINE,CLEAN_NORMAL,NONE,NONE,NORMAL,0,0,,,none,Normal ambient weather telemetry with diurnal solar cycles
AWS002,Guntur (AWS002),2026-08-20T16:00:00Z,35.9,51.2,1008.87,SYNTHETIC_SIMULATION,SCN_CLEAN_BASELINE,CLEAN_NORMAL,NONE,NONE,NORMAL,0,0,,,none,Normal ambient weather telemetry with diurnal solar cycles
AWS002,Guntur (AWS002),2026-08-20T17:00:00Z,35.91,54.9,1008.58,SYNTHETIC_SIMULATION,SCN_CLEAN_BASELINE,CLEAN_NORMAL,NONE,NONE,NORMAL,0,0,,,none,Normal ambient weather telemetry with diurnal solar cycles
AWS002,Guntur (AWS002),2026-08-20T18:00:00Z,34.39,58.1,1007.93,SYNTHETIC_SIMULATION,SCN_CLEAN_BASELINE,CLEAN_NORMAL,NONE,NONE,NORMAL,0,0,,,none,Normal ambient weather telemetry with diurnal solar cycles
AWS002,Guntur (AWS002),2026-08-20T19:00:00Z,32.96,60.7,1008.67,SYNTHETIC_SIMULATION,SCN_CLEAN_BASELINE,CLEAN_NORMAL,NONE,NONE,NORMAL,0,0,,,none,Normal ambient weather telemetry with diurnal solar cycles
AWS002,Guntur (AWS002),2026-08-20T20:00:00Z,31.19,64.3,1009.32,SYNTHETIC_SIMULATION,SCN_CLEAN_BASELINE,CLEAN_NORMAL,NONE,NONE,NORMAL,0,0,,,none,Normal ambient weather telemetry with diurnal solar cycles
AWS002,Guntur (AWS002),2026-08-20T21:00:00Z,29.8,67.7,1010.05,SYNTHETIC_SIMULATION,SCN_CLEAN_BASELINE,CLEAN_NORMAL,NONE,NONE,NORMAL,0,0,,,none,Normal ambient weather telemetry with diurnal solar cycles
AWS002,Guntur (AWS002),2026-08-20T22:00:00Z,28.18,73.1,1010.81,SYNTHETIC_SIMULATION,SCN_CLEAN_BASELINE,CLEAN_NORMAL,NONE,NONE,NORMAL,0,0,,,none,Normal ambient weather telemetry with diurnal solar cycles
AWS002,Guntur (AWS002),2026-08-20T23:00:00Z,,76.7,1011.55,SYNTHETIC_SIMULATION,SCN_CLEAN_BASELINE,CLEAN_NORMAL,NONE,NONE,NORMAL,0,0,,,none,Normal ambient weather telemetry with diurnal solar cycles
AWS002,Guntur (AWS002),2026-08-21T00:00:00Z,26.61,79.2,1011.76,SYNTHETIC_SIMULATION,SCN_CLEAN_BASELINE,CLEAN_NORMAL,NONE,NONE,NORMAL,0,0,,,none,Normal ambient weather telemetry with diurnal solar cycles
AWS002,Guntur (AWS002),2026-08-21T01:00:00Z,25.56,80.3,1011.93,SYNTHETIC_SIMULATION,SCN_CLEAN_BASELINE,CLEAN_NORMAL,NONE,NONE,NORMAL,0,0,,,none,Normal ambient weather telemetry with diurnal solar cycles
AWS002,Guntur (AWS002),2026-08-21T02:00:00Z,24.83,81.5,1011.4,SYNTHETIC_SIMULATION,SCN_CLEAN_BASELINE,CLEAN_NORMAL,NONE,NONE,NORMAL,0,0,,,none,Normal ambient weather telemetry with diurnal solar cycles
AWS002,Guntur (AWS002),2026-08-21T03:00:00Z,25.01,82.3,1010.73,SYNTHETIC_SIMULATION,SCN_CLEAN_BASELINE,CLEAN_NORMAL,NONE,NONE,NORMAL,0,0,,,none,Normal ambient weather telemetry with diurnal solar cycles
AWS002,Guntur (AWS002),2026-08-21T04:00:00Z,25.26,80.5,1010.0,SYNTHETIC_SIMULATION,SCN_CLEAN_BASELINE,CLEAN_NORMAL,NONE,NONE,NORMAL,0,0,,,none,Normal ambient weather telemetry with diurnal solar cycles
AWS002,Guntur (AWS002),2026-08-21T05:00:00Z,25.82,79.3,1010.0,SYNTHETIC_SIMULATION,SCN_CLEAN_BASELINE,CLEAN_NORMAL,NONE,NONE,NORMAL,0,0,,,none,Normal ambient weather telemetry with diurnal solar cycles
AWS002,Guntur (AWS002),2026-08-21T06:00:00Z,26.27,75.1,1009.32,SYNTHETIC_SIMULATION,SCN_CLEAN_BASELINE,CLEAN_NORMAL,NONE,NONE,NORMAL,0,0,,,none,Normal ambient weather telemetry with diurnal solar cycles
AWS002,Guntur (AWS002),2026-08-21T07:00:00Z,28.32,74.5,1009.94,SYNTHETIC_SIMULATION,SCN_CLEAN_BASELINE,CLEAN_NORMAL,NONE,NONE,NORMAL,0,0,,,none,Normal ambient weather telemetry with diurnal solar cycles
AWS002,Guntur (AWS002),2026-08-21T08:00:00Z,29.7,69.5,1010.26,SYNTHETIC_SIMULATION,SCN_CLEAN_BASELINE,CLEAN_NORMAL,NONE,NONE,NORMAL,0,0,,,none,Normal ambient weather telemetry with diurnal solar cycles
AWS002,Guntur (AWS002),2026-08-21T09:00:00Z,30.98,67.0,1010.93,SYNTHETIC_SIMULATION,SCN_CLEAN_BASELINE,CLEAN_NORMAL,NONE,NONE,NORMAL,0,0,,,none,Normal ambient weather telemetry with diurnal solar cycles
AWS002,Guntur (AWS002),2026-08-21T10:00:00Z,31.71,64.1,1011.64,SYNTHETIC_SIMULATION,SCN_CLEAN_BASELINE,CLEAN_NORMAL,NONE,NONE,NORMAL,0,0,,,none,Normal ambient weather telemetry with diurnal solar cycles
AWS002,Guntur (AWS002),2026-08-21T11:00:00Z,33.2,59.6,1012.03,SYNTHETIC_SIMULATION,SCN_CLEAN_BASELINE,CLEAN_NORMAL,NONE,NONE,NORMAL,0,0,,,none,Normal ambient weather telemetry with diurnal solar cycles
AWS002,Guntur (AWS002),2026-08-21T12:00:00Z,33.98,57.8,1012.64,SYNTHETIC_SIMULATION,SCN_CLEAN_BASELINE,CLEAN_NORMAL,NONE,NONE,NORMAL,0,0,,,none,Normal ambient weather telemetry with diurnal solar cycles
AWS002,Guntur (AWS002),2026-08-21T13:00:00Z,34.59,55.5,1012.59,SYNTHETIC_SIMULATION,SCN_CLEAN_BASELINE,CLEAN_NORMAL,NONE,NONE,NORMAL,0,0,,,none,Normal ambient weather telemetry with diurnal solar cycles
AWS002,Guntur (AWS002),2026-08-21T14:00:00Z,35.25,55.9,1012.0,SYNTHETIC_SIMULATION,SCN_CLEAN_BASELINE,CLEAN_NORMAL,NONE,NONE,NORMAL,0,0,,,none,Normal ambient weather telemetry with diurnal solar cycles
AWS002,Guntur (AWS002),2026-08-21T15:00:00Z,35.34,52.9,1011.22,SYNTHETIC_SIMULATION,SCN_CLEAN_BASELINE,CLEAN_NORMAL,NONE,NONE,NORMAL,0,0,,,none,Normal ambient weather telemetry with diurnal solar cycles
AWS002,Guntur (AWS002),2026-08-21T16:00:00Z,34.41,54.0,1010.45,SYNTHETIC_SIMULATION,SCN_CLEAN_BASELINE,CLEAN_NORMAL,NONE,NONE,NORMAL,0,0,,,none,Normal ambient weather telemetry with diurnal solar cycles
AWS002,Guntur (AWS002),2026-08-21T17:00:00Z,34.17,57.5,1009.83,SYNTHETIC_SIMULATION,SCN_CLEAN_BASELINE,CLEAN_NORMAL,NONE,NONE,NORMAL,0,0,,,none,Normal ambient weather telemetry with diurnal solar cycles
AWS002,Guntur (AWS002),2026-08-21T18:00:00Z,33.21,59.3,1009.9,SYNTHETIC_SIMULATION,SCN_CLEAN_BASELINE,CLEAN_NORMAL,NONE,NONE,NORMAL,0,0,,,none,Normal ambient weather telemetry with diurnal solar cycles
AWS002,Guntur (AWS002),2026-08-21T19:00:00Z,31.49,63.0,1010.43,SYNTHETIC_SIMULATION,SCN_CLEAN_BASELINE,CLEAN_NORMAL,NONE,NONE,NORMAL,0,0,,,none,Normal ambient weather telemetry with diurnal solar cycles
AWS002,Guntur (AWS002),2026-08-21T20:00:00Z,30.7,67.7,1010.3,SYNTHETIC_SIMULATION,SCN_CLEAN_BASELINE,CLEAN_NORMAL,NONE,NONE,NORMAL,0,0,,,none,Normal ambient weather telemetry with diurnal solar cycles
AWS002,Guntur (AWS002),2026-08-21T21:00:00Z,29.51,71.6,1011.1,SYNTHETIC_SIMULATION,SCN_CLEAN_BASELINE,CLEAN_NORMAL,NONE,NONE,NORMAL,0,0,,,none,Normal ambient weather telemetry with diurnal solar cycles
AWS002,Guntur (AWS002),2026-08-21T22:00:00Z,28.14,72.6,1011.62,SYNTHETIC_SIMULATION,SCN_CLEAN_BASELINE,CLEAN_NORMAL,NONE,NONE,NORMAL,0,0,,,none,Normal ambient weather telemetry with diurnal solar cycles
AWS002,Guntur (AWS002),2026-08-21T23:00:00Z,26.82,78.8,1012.59,SYNTHETIC_SIMULATION,SCN_CLEAN_BASELINE,CLEAN_NORMAL,NONE,NONE,NORMAL,0,0,,,none,Normal ambient weather telemetry with diurnal solar cycles
AWS002,Guntur (AWS002),2026-08-22T00:00:00Z,26.18,77.1,1012.33,SYNTHETIC_SIMULATION,SCN_CLEAN_BASELINE,CLEAN_NORMAL,NONE,NONE,NORMAL,0,0,,,none,Normal ambient weather telemetry with diurnal solar cycles
AWS002,Guntur (AWS002),2026-08-22T01:00:00Z,25.33,83.2,1012.39,SYNTHETIC_SIMULATION,SCN_CLEAN_BASELINE,CLEAN_NORMAL,NONE,NONE,NORMAL,0,0,,,none,Normal ambient weather telemetry with diurnal solar cycles
AWS002,Guntur (AWS002),2026-08-22T02:00:00Z,25.0,82.9,1011.62,SYNTHETIC_SIMULATION,SCN_CLEAN_BASELINE,CLEAN_NORMAL,NONE,NONE,NORMAL,0,0,,,none,Normal ambient weather telemetry with diurnal solar cycles
AWS002,Guntur (AWS002),2026-08-22T03:00:00Z,24.84,83.0,1010.4,SYNTHETIC_SIMULATION,SCN_CLEAN_BASELINE,CLEAN_NORMAL,NONE,NONE,NORMAL,0,0,,,none,Normal ambient weather telemetry with diurnal solar cycles
AWS002,Guntur (AWS002),2026-08-22T04:00:00Z,25.08,80.7,1009.86,SYNTHETIC_SIMULATION,SCN_CLEAN_BASELINE,CLEAN_NORMAL,NONE,NONE,NORMAL,0,0,,,none,Normal ambient weather telemetry with diurnal solar cycles
AWS002,Guntur (AWS002),2026-08-22T05:00:00Z,26.27,78.5,1009.36,SYNTHETIC_SIMULATION,SCN_CLEAN_BASELINE,CLEAN_NORMAL,NONE,NONE,NORMAL,0,0,,,none,Normal ambient weather telemetry with diurnal solar cycles
AWS002,Guntur (AWS002),2026-08-22T06:00:00Z,26.99,74.8,1008.94,SYNTHETIC_SIMULATION,SCN_CLEAN_BASELINE,CLEAN_NORMAL,NONE,NONE,NORMAL,0,0,,,none,Normal ambient weather telemetry with diurnal solar cycles
AWS002,Guntur (AWS002),2026-08-22T07:00:00Z,28.35,74.3,1009.01,SYNTHETIC_SIMULATION,SCN_CLEAN_BASELINE,CLEAN_NORMAL,NONE,NONE,NORMAL,0,0,,,none,Normal ambient weather telemetry with diurnal solar cycles
AWS002,Guntur (AWS002),2026-08-22T08:00:00Z,29.74,68.9,1009.45,SYNTHETIC_SIMULATION,SCN_CLEAN_BASELINE,CLEAN_NORMAL,NONE,NONE,NORMAL,0,0,,,none,Normal ambient weather telemetry with diurnal solar cycles
AWS002,Guntur (AWS002),2026-08-22T09:00:00Z,31.81,63.3,1010.25,SYNTHETIC_SIMULATION,SCN_CLEAN_BASELINE,CLEAN_NORMAL,NONE,NONE,NORMAL,0,0,,,none,Normal ambient weather telemetry with diurnal solar cycles
AWS002,Guntur (AWS002),2026-08-22T10:00:00Z,32.01,61.1,1010.69,SYNTHETIC_SIMULATION,SCN_CLEAN_BASELINE,CLEAN_NORMAL,NONE,NONE,NORMAL,0,0,,,none,Normal ambient weather telemetry with diurnal solar cycles
AWS002,Guntur (AWS002),2026-08-22T11:00:00Z,33.52,58.2,1010.73,SYNTHETIC_SIMULATION,SCN_CLEAN_BASELINE,CLEAN_NORMAL,NONE,NONE,NORMAL,0,0,,,none,Normal ambient weather telemetry with diurnal solar cycles
AWS002,Guntur (AWS002),2026-08-22T12:00:00Z,34.69,54.4,1011.14,SYNTHETIC_SIMULATION,SCN_CLEAN_BASELINE,CLEAN_NORMAL,NONE,NONE,NORMAL,0,0,,,none,Normal ambient weather telemetry with diurnal solar cycles
AWS002,Guntur (AWS002),2026-08-22T13:00:00Z,35.6,54.7,1010.96,SYNTHETIC_SIMULATION,SCN_CLEAN_BASELINE,CLEAN_NORMAL,NONE,NONE,NORMAL,0,0,,,none,Normal ambient weather telemetry with diurnal solar cycles
AWS002,Guntur (AWS002),2026-08-22T14:00:00Z,36.48,55.2,1010.21,SYNTHETIC_SIMULATION,SCN_CLEAN_BASELINE,CLEAN_NORMAL,NONE,NONE,NORMAL,0,0,,,none,Normal ambient weather telemetry with diurnal solar cycles
AWS002,Guntur (AWS002),2026-08-22T15:00:00Z,37.16,50.7,1009.12,SYNTHETIC_SIMULATION,SCN_CLEAN_BASELINE,CLEAN_NORMAL,NONE,NONE,NORMAL,0,0,,,none,Normal ambient weather telemetry with diurnal solar cycles
AWS002,Guntur (AWS002),2026-08-22T16:00:00Z,35.65,52.0,1008.4,SYNTHETIC_SIMULATION,SCN_CLEAN_BASELINE,CLEAN_NORMAL,NONE,NONE,NORMAL,0,0,,,none,Normal ambient weather telemetry with diurnal solar cycles
AWS002,Guntur (AWS002),2026-08-22T17:00:00Z,35.7,54.2,1007.7,SYNTHETIC_SIMULATION,SCN_CLEAN_BASELINE,CLEAN_NORMAL,NONE,NONE,NORMAL,0,0,,,none,Normal ambient weather telemetry with diurnal solar cycles
AWS002,Guntur (AWS002),2026-08-22T18:00:00Z,34.65,55.6,1007.19,SYNTHETIC_SIMULATION,SCN_CLEAN_BASELINE,CLEAN_NORMAL,NONE,NONE,NORMAL,0,0,,,none,Normal ambient weather telemetry with diurnal solar cycles
AWS002,Guntur (AWS002),2026-08-22T19:00:00Z,33.74,58.3,1007.26,SYNTHETIC_SIMULATION,SCN_CLEAN_BASELINE,CLEAN_NORMAL,NONE,NONE,NORMAL,0,0,,,none,Normal ambient weather telemetry with diurnal solar cycles
AWS002,Guntur (AWS002),2026-08-22T20:00:00Z,32.41,62.1,1007.88,SYNTHETIC_SIMULATION,SCN_CLEAN_BASELINE,CLEAN_NORMAL,NONE,NONE,NORMAL,0,0,,,none,Normal ambient weather telemetry with diurnal solar cycles
AWS002,Guntur (AWS002),2026-08-22T21:00:00Z,31.08,65.0,1008.39,SYNTHETIC_SIMULATION,SCN_CLEAN_BASELINE,CLEAN_NORMAL,NONE,NONE,NORMAL,0,0,,,none,Normal ambient weather telemetry with diurnal solar cycles
AWS002,Guntur (AWS002),2026-08-22T22:00:00Z,29.89,69.2,1008.71,SYNTHETIC_SIMULATION,SCN_CLEAN_BASELINE,CLEAN_NORMAL,NONE,NONE,NORMAL,0,0,,,none,Normal ambient weather telemetry with diurnal solar cycles
AWS002,Guntur (AWS002),2026-08-22T23:00:00Z,28.44,72.2,1009.11,SYNTHETIC_SIMULATION,SCN_CLEAN_BASELINE,CLEAN_NORMAL,NONE,NONE,NORMAL,0,0,,,none,Normal ambient weather telemetry with diurnal solar cycles
AWS002,Guntur (AWS002),2026-08-23T00:00:00Z,27.98,73.6,1009.29,SYNTHETIC_SIMULATION,SCN_CLEAN_BASELINE,CLEAN_NORMAL,NONE,NONE,NORMAL,0,0,,,none,Normal ambient weather telemetry with diurnal solar cycles
AWS002,Guntur (AWS002),2026-08-23T01:00:00Z,27.28,75.0,1009.15,SYNTHETIC_SIMULATION,SCN_CLEAN_BASELINE,CLEAN_NORMAL,NONE,NONE,NORMAL,0,0,,,none,Normal ambient weather telemetry with diurnal solar cycles
AWS002,Guntur (AWS002),2026-08-23T02:00:00Z,27.4,76.4,1008.49,SYNTHETIC_SIMULATION,SCN_CLEAN_BASELINE,CLEAN_NORMAL,NONE,NONE,NORMAL,0,0,,,none,Normal ambient weather telemetry with diurnal solar cycles
AWS002,Guntur (AWS002),2026-08-23T03:00:00Z,27.1,76.5,1007.14,SYNTHETIC_SIMULATION,SCN_CLEAN_BASELINE,CLEAN_NORMAL,NONE,NONE,NORMAL,0,0,,,none,Normal ambient weather telemetry with diurnal solar cycles
AWS002,Guntur (AWS002),2026-08-23T04:00:00Z,27.34,75.7,1006.51,SYNTHETIC_SIMULATION,SCN_CLEAN_BASELINE,CLEAN_NORMAL,NONE,NONE,NORMAL,0,0,,,none,Normal ambient weather telemetry with diurnal solar cycles
AWS002,Guntur (AWS002),2026-08-23T05:00:00Z,28.06,72.4,1005.89,SYNTHETIC_SIMULATION,SCN_CLEAN_BASELINE,CLEAN_NORMAL,NONE,NONE,NORMAL,0,0,,,none,Normal ambient weather telemetry with diurnal solar cycles
AWS002,Guntur (AWS002),2026-08-23T06:00:00Z,29.48,70.9,1005.94,SYNTHETIC_SIMULATION,SCN_CLEAN_BASELINE,CLEAN_NORMAL,NONE,NONE,NORMAL,0,0,,,none,Normal ambient weather telemetry with diurnal solar cycles
AWS002,Guntur (AWS002),2026-08-23T07:00:00Z,30.64,67.0,1005.78,SYNTHETIC_SIMULATION,SCN_CLEAN_BASELINE,CLEAN_NORMAL,NONE,NONE,NORMAL,0,0,,,none,Normal ambient weather telemetry with diurnal solar cycles
AWS002,Guntur (AWS002),2026-08-23T08:00:00Z,32.58,62.8,1005.75,SYNTHETIC_SIMULATION,SCN_CLEAN_BASELINE,CLEAN_NORMAL,NONE,NONE,NORMAL,0,0,,,none,Normal ambient weather telemetry with diurnal solar cycles
AWS002,Guntur (AWS002),2026-08-23T09:00:00Z,34.28,59.0,1005.82,SYNTHETIC_SIMULATION,SCN_CLEAN_BASELINE,CLEAN_NORMAL,NONE,NONE,NORMAL,0,0,,,none,Normal ambient weather telemetry with diurnal solar cycles
AWS002,Guntur (AWS002),2026-08-23T10:00:00Z,34.84,56.9,1006.62,SYNTHETIC_SIMULATION,SCN_CLEAN_BASELINE,CLEAN_NORMAL,NONE,NONE,NORMAL,0,0,,,none,Normal ambient weather telemetry with diurnal solar cycles
AWS002,Guntur (AWS002),2026-08-23T11:00:00Z,36.15,53.5,1007.41,SYNTHETIC_SIMULATION,SCN_CLEAN_BASELINE,CLEAN_NORMAL,NONE,NONE,NORMAL,0,0,,,none,Normal ambient weather telemetry with diurnal solar cycles
AWS002,Guntur (AWS002),2026-08-23T12:00:00Z,37.1,50.3,1007.3,SYNTHETIC_SIMULATION,SCN_CLEAN_BASELINE,CLEAN_NORMAL,NONE,NONE,NORMAL,0,0,,,none,Normal ambient weather telemetry with diurnal solar cycles
AWS002,Guntur (AWS002),2026-08-23T13:00:00Z,38.24,47.7,1007.34,SYNTHETIC_SIMULATION,SCN_CLEAN_BASELINE,CLEAN_NORMAL,NONE,NONE,NORMAL,0,0,,,none,Normal ambient weather telemetry with diurnal solar cycles
AWS002,Guntur (AWS002),2026-08-23T14:00:00Z,39.11,45.1,1006.56,SYNTHETIC_SIMULATION,SCN_CLEAN_BASELINE,CLEAN_NORMAL,NONE,NONE,NORMAL,0,0,,,none,Normal ambient weather telemetry with diurnal solar cycles
AWS002,Guntur (AWS002),2026-08-23T15:00:00Z,38.68,44.6,1005.71,SYNTHETIC_SIMULATION,SCN_CLEAN_BASELINE,CLEAN_NORMAL,NONE,NONE,NORMAL,0,0,,,none,Normal ambient weather telemetry with diurnal solar cycles
AWS002,Guntur (AWS002),2026-08-23T16:00:00Z,38.05,46.7,1004.41,SYNTHETIC_SIMULATION,SCN_CLEAN_BASELINE,CLEAN_NORMAL,NONE,NONE,NORMAL,0,0,,,none,Normal ambient weather telemetry with diurnal solar cycles
AWS002,Guntur (AWS002),2026-08-23T17:00:00Z,38.22,46.7,1004.3,SYNTHETIC_SIMULATION,SCN_CLEAN_BASELINE,CLEAN_NORMAL,NONE,NONE,NORMAL,0,0,,,none,Normal ambient weather telemetry with diurnal solar cycles
AWS002,Guntur (AWS002),2026-08-23T18:00:00Z,36.69,52.0,1003.23,SYNTHETIC_SIMULATION,SCN_CLEAN_BASELINE,CLEAN_NORMAL,NONE,NONE,NORMAL,0,0,,,none,Normal ambient weather telemetry with diurnal solar cycles
AWS002,Guntur (AWS002),2026-08-23T19:00:00Z,35.96,53.1,1003.82,SYNTHETIC_SIMULATION,SCN_CLEAN_BASELINE,CLEAN_NORMAL,NONE,NONE,NORMAL,0,0,,,none,Normal ambient weather telemetry with diurnal solar cycles
AWS002,Guntur (AWS002),2026-08-23T20:00:00Z,34.23,55.8,1004.27,SYNTHETIC_SIMULATION,SCN_CLEAN_BASELINE,CLEAN_NORMAL,NONE,NONE,NORMAL,0,0,,,none,Normal ambient weather telemetry with diurnal solar cycles
AWS002,Guntur (AWS002),2026-08-23T21:00:00Z,32.58,59.0,1004.8,SYNTHETIC_SIMULATION,SCN_CLEAN_BASELINE,CLEAN_NORMAL,NONE,NONE,NORMAL,0,0,,,none,Normal ambient weather telemetry with diurnal solar cycles
AWS002,Guntur (AWS002),2026-08-23T22:00:00Z,32.32,63.9,1005.73,SYNTHETIC_SIMULATION,SCN_CLEAN_BASELINE,CLEAN_NORMAL,NONE,NONE,NORMAL,0,0,,,none,Normal ambient weather telemetry with diurnal solar cycles
AWS002,Guntur (AWS002),2026-08-23T23:00:00Z,31.35,68.2,1006.38,SYNTHETIC_SIMULATION,SCN_CLEAN_BASELINE,CLEAN_NORMAL,NONE,NONE,NORMAL,0,0,,,none,Normal ambient weather telemetry with diurnal solar cycles
AWS002,Guntur (AWS002),2026-08-24T00:00:00Z,30.38,68.6,1006.03,SYNTHETIC_SIMULATION,SCN_CLEAN_BASELINE,CLEAN_NORMAL,NONE,NONE,NORMAL,0,0,,,none,Normal ambient weather telemetry with diurnal solar cycles
AWS002,Guntur (AWS002),2026-08-24T01:00:00Z,29.79,71.7,1005.79,SYNTHETIC_SIMULATION,SCN_CLEAN_BASELINE,CLEAN_NORMAL,NONE,NONE,NORMAL,0,0,,,none,Normal ambient weather telemetry with diurnal solar cycles
AWS002,Guntur (AWS002),2026-08-24T02:00:00Z,29.39,71.9,1005.16,SYNTHETIC_SIMULATION,SCN_CLEAN_BASELINE,CLEAN_NORMAL,NONE,NONE,NORMAL,0,0,,,none,Normal ambient weather telemetry with diurnal solar cycles
AWS002,Guntur (AWS002),2026-08-24T03:00:00Z,29.71,72.6,1004.34,SYNTHETIC_SIMULATION,SCN_CLEAN_BASELINE,CLEAN_NORMAL,NONE,NONE,NORMAL,0,0,,,none,Normal ambient weather telemetry with diurnal solar cycles
AWS002,Guntur (AWS002),2026-08-24T04:00:00Z,29.78,73.2,1004.31,SYNTHETIC_SIMULATION,SCN_CLEAN_BASELINE,CLEAN_NORMAL,NONE,NONE,NORMAL,0,0,,,none,Normal ambient weather telemetry with diurnal solar cycles
AWS002,Guntur (AWS002),2026-08-24T05:00:00Z,29.79,71.4,1003.37,SYNTHETIC_SIMULATION,SCN_CLEAN_BASELINE,CLEAN_NORMAL,NONE,NONE,NORMAL,0,0,,,none,Normal ambient weather telemetry with diurnal solar cycles
AWS002,Guntur (AWS002),2026-08-24T06:00:00Z,31.22,68.0,1003.12,SYNTHETIC_SIMULATION,SCN_CLEAN_BASELINE,CLEAN_NORMAL,NONE,NONE,NORMAL,0,0,,,none,Normal ambient weather telemetry with diurnal solar cycles
AWS002,Guntur (AWS002),2026-08-24T07:00:00Z,32.35,62.2,1003.08,SYNTHETIC_SIMULATION,SCN_CLEAN_BASELINE,CLEAN_NORMAL,NONE,NONE,NORMAL,0,0,,,none,Normal ambient weather telemetry with diurnal solar cycles
AWS002,Guntur (AWS002),2026-08-24T08:00:00Z,33.66,58.8,1003.55,SYNTHETIC_SIMULATION,SCN_CLEAN_BASELINE,CLEAN_NORMAL,NONE,NONE,NORMAL,0,0,,,none,Normal ambient weather telemetry with diurnal solar cycles
AWS002,Guntur (AWS002),2026-08-24T09:00:00Z,34.4,56.6,1004.03,SYNTHETIC_SIMULATION,SCN_CLEAN_BASELINE,CLEAN_NORMAL,NONE,NONE,NORMAL,0,0,,,none,Normal ambient weather telemetry with diurnal solar cycles
AWS002,Guntur (AWS002),2026-08-24T10:00:00Z,36.38,50.5,1004.97,SYNTHETIC_SIMULATION,SCN_CLEAN_BASELINE,CLEAN_NORMAL,NONE,NONE,NORMAL,0,0,,,none,Normal ambient weather telemetry with diurnal solar cycles
AWS002,Guntur (AWS002),2026-08-24T11:00:00Z,37.39,50.5,1005.19,SYNTHETIC_SIMULATION,SCN_CLEAN_BASELINE,CLEAN_NORMAL,NONE,NONE,NORMAL,0,0,,,none,Normal ambient weather telemetry with diurnal solar cycles
AWS002,Guntur (AWS002),2026-08-24T12:00:00Z,38.42,46.8,1005.63,SYNTHETIC_SIMULATION,SCN_CLEAN_BASELINE,CLEAN_NORMAL,NONE,NONE,NORMAL,0,0,,,none,Normal ambient weather telemetry with diurnal solar cycles
AWS002,Guntur (AWS002),2026-08-24T13:00:00Z,38.88,44.1,1004.51,SYNTHETIC_SIMULATION,SCN_CLEAN_BASELINE,CLEAN_NORMAL,NONE,NONE,NORMAL,0,0,,,none,Normal ambient weather telemetry with diurnal solar cycles
AWS002,Guntur (AWS002),2026-08-24T14:00:00Z,39.28,45.4,1004.77,SYNTHETIC_SIMULATION,SCN_CLEAN_BASELINE,CLEAN_NORMAL,NONE,NONE,NORMAL,0,0,,,none,Normal ambient weather telemetry with diurnal solar cycles
AWS002,Guntur (AWS002),2026-08-24T15:00:00Z,40.17,44.5,1004.46,SYNTHETIC_SIMULATION,SCN_CLEAN_BASELINE,CLEAN_NORMAL,NONE,NONE,NORMAL,0,0,,,none,Normal ambient weather telemetry with diurnal solar cycles
AWS002,Guntur (AWS002),2026-08-24T16:00:00Z,38.8,45.6,1004.04,SYNTHETIC_SIMULATION,SCN_CLEAN_BASELINE,CLEAN_NORMAL,NONE,NONE,NORMAL,0,0,,,none,Normal ambient weather telemetry with diurnal solar cycles
AWS002,Guntur (AWS002),2026-08-24T17:00:00Z,38.44,48.9,1003.36,SYNTHETIC_SIMULATION,SCN_CLEAN_BASELINE,CLEAN_NORMAL,NONE,NONE,NORMAL,0,0,,,none,Normal ambient weather telemetry with diurnal solar cycles
AWS002,Guntur (AWS002),2026-08-24T18:00:00Z,37.06,50.0,1003.7,SYNTHETIC_SIMULATION,SCN_CLEAN_BASELINE,CLEAN_NORMAL,NONE,NONE,NORMAL,0,0,,,none,Normal ambient weather telemetry with diurnal solar cycles
AWS002,Guntur (AWS002),2026-08-24T19:00:00Z,36.24,53.4,1003.57,SYNTHETIC_SIMULATION,SCN_CLEAN_BASELINE,CLEAN_NORMAL,NONE,NONE,NORMAL,0,0,,,none,Normal ambient weather telemetry with diurnal solar cycles
AWS002,Guntur (AWS002),2026-08-24T20:00:00Z,34.52,57.0,1003.9,SYNTHETIC_SIMULATION,SCN_CLEAN_BASELINE,CLEAN_NORMAL,NONE,NONE,NORMAL,0,0,,,none,Normal ambient weather telemetry with diurnal solar cycles
AWS002,Guntur (AWS002),2026-08-24T21:00:00Z,33.41,58.8,1004.73,SYNTHETIC_SIMULATION,SCN_CLEAN_BASELINE,CLEAN_NORMAL,NONE,NONE,NORMAL,0,0,,,none,Normal ambient weather telemetry with diurnal solar cycles
AWS002,Guntur (AWS002),2026-08-24T22:00:00Z,32.21,65.3,1005.29,SYNTHETIC_SIMULATION,SCN_CLEAN_BASELINE,CLEAN_NORMAL,NONE,NONE,NORMAL,0,0,,,none,Normal ambient weather telemetry with diurnal solar cycles
AWS002,Guntur (AWS002),2026-08-24T23:00:00Z,30.66,67.2,1006.6,SYNTHETIC_SIMULATION,SCN_CLEAN_BASELINE,CLEAN_NORMAL,NONE,NONE,NORMAL,0,0,,,none,Normal ambient weather telemetry with diurnal solar cycles
AWS002,Guntur (AWS002),2026-08-25T00:00:00Z,30.04,71.0,1006.87,SYNTHETIC_SIMULATION,SCN_CLEAN_BASELINE,CLEAN_NORMAL,NONE,NONE,NORMAL,0,0,,,none,Normal ambient weather telemetry with diurnal solar cycles
AWS002,Guntur (AWS002),2026-08-25T01:00:00Z,28.73,72.5,1006.5,SYNTHETIC_SIMULATION,SCN_CLEAN_BASELINE,CLEAN_NORMAL,NONE,NONE,NORMAL,0,0,,,none,Normal ambient weather telemetry with diurnal solar cycles
AWS002,Guntur (AWS002),2026-08-25T02:00:00Z,28.91,72.4,1005.98,SYNTHETIC_SIMULATION,SCN_CLEAN_BASELINE,CLEAN_NORMAL,NONE,NONE,NORMAL,0,0,,,none,Normal ambient weather telemetry with diurnal solar cycles
AWS002,Guntur (AWS002),2026-08-25T03:00:00Z,28.41,73.4,1005.47,SYNTHETIC_SIMULATION,SCN_CLEAN_BASELINE,CLEAN_NORMAL,NONE,NONE,NORMAL,0,0,,,none,Normal ambient weather telemetry with diurnal solar cycles
AWS002,Guntur (AWS002),2026-08-25T04:00:00Z,29.05,73.0,1005.08,SYNTHETIC_SIMULATION,SCN_CLEAN_BASELINE,CLEAN_NORMAL,NONE,NONE,NORMAL,0,0,,,none,Normal ambient weather telemetry with diurnal solar cycles
AWS002,Guntur (AWS002),2026-08-25T05:00:00Z,28.87,71.8,1004.59,SYNTHETIC_SIMULATION,SCN_CLEAN_BASELINE,CLEAN_NORMAL,NONE,NONE,NORMAL,0,0,,,none,Normal ambient weather telemetry with diurnal solar cycles
AWS002,Guntur (AWS002),2026-08-25T06:00:00Z,29.54,70.2,1004.8,SYNTHETIC_SIMULATION,SCN_CLEAN_BASELINE,CLEAN_NORMAL,NONE,NONE,NORMAL,0,0,,,none,Normal ambient weather telemetry with diurnal solar cycles
AWS002,Guntur (AWS002),2026-08-25T07:00:00Z,31.5,64.2,1004.73,SYNTHETIC_SIMULATION,SCN_CLEAN_BASELINE,CLEAN_NORMAL,NONE,NONE,NORMAL,0,0,,,none,Normal ambient weather telemetry with diurnal solar cycles
AWS002,Guntur (AWS002),2026-08-25T08:00:00Z,32.54,63.8,1005.75,SYNTHETIC_SIMULATION,SCN_CLEAN_BASELINE,CLEAN_NORMAL,NONE,NONE,NORMAL,0,0,,,none,Normal ambient weather telemetry with diurnal solar cycles
AWS002,Guntur (AWS002),2026-08-25T09:00:00Z,33.68,59.5,1006.23,SYNTHETIC_SIMULATION,SCN_CLEAN_BASELINE,CLEAN_NORMAL,NONE,NONE,NORMAL,0,0,,,none,Normal ambient weather telemetry with diurnal solar cycles
AWS002,Guntur (AWS002),2026-08-25T10:00:00Z,34.32,56.4,1007.28,SYNTHETIC_SIMULATION,SCN_CLEAN_BASELINE,CLEAN_NORMAL,NONE,NONE,NORMAL,0,0,,,none,Normal ambient weather telemetry with diurnal solar cycles
AWS002,Guntur (AWS002),2026-08-25T11:00:00Z,36.2,50.7,1007.93,SYNTHETIC_SIMULATION,SCN_CLEAN_BASELINE,CLEAN_NORMAL,NONE,NONE,NORMAL,0,0,,,none,Normal ambient weather telemetry with diurnal solar cycles
AWS002,Guntur (AWS002),2026-08-25T12:00:00Z,37.04,52.1,1008.35,SYNTHETIC_SIMULATION,SCN_CLEAN_BASELINE,CLEAN_NORMAL,NONE,NONE,NORMAL,0,0,,,none,Normal ambient weather telemetry with diurnal solar cycles
AWS002,Guntur (AWS002),2026-08-25T13:00:00Z,37.31,49.6,1008.02,SYNTHETIC_SIMULATION,SCN_CLEAN_BASELINE,CLEAN_NORMAL,NONE,NONE,NORMAL,0,0,,,none,Normal ambient weather telemetry with diurnal solar cycles
AWS002,Guntur (AWS002),2026-08-25T14:00:00Z,37.9,49.4,1007.83,SYNTHETIC_SIMULATION,SCN_CLEAN_BASELINE,CLEAN_NORMAL,NONE,NONE,NORMAL,0,0,,,none,Normal ambient weather telemetry with diurnal solar cycles
AWS002,Guntur (AWS002),2026-08-25T15:00:00Z,36.89,47.1,1007.28,SYNTHETIC_SIMULATION,SCN_CLEAN_BASELINE,CLEAN_NORMAL,NONE,NONE,NORMAL,0,0,,,none,Normal ambient weather telemetry with diurnal solar cycles
AWS002,Guntur (AWS002),2026-08-25T16:00:00Z,37.24,52.2,1007.05,SYNTHETIC_SIMULATION,SCN_CLEAN_BASELINE,CLEAN_NORMAL,NONE,NONE,NORMAL,0,0,,,none,Normal ambient weather telemetry with diurnal solar cycles
AWS002,Guntur (AWS002),2026-08-25T17:00:00Z,36.27,52.6,1006.85,SYNTHETIC_SIMULATION,SCN_CLEAN_BASELINE,CLEAN_NORMAL,NONE,NONE,NORMAL,0,0,,,none,Normal ambient weather telemetry with diurnal solar cycles
AWS002,Guntur (AWS002),2026-08-25T18:00:00Z,35.85,54.1,1006.39,SYNTHETIC_SIMULATION,SCN_CLEAN_BASELINE,CLEAN_NORMAL,NONE,NONE,NORMAL,0,0,,,none,Normal ambient weather telemetry with diurnal solar cycles
AWS002,Guntur (AWS002),2026-08-25T19:00:00Z,34.19,58.3,1006.79,SYNTHETIC_SIMULATION,SCN_CLEAN_BASELINE,CLEAN_NORMAL,NONE,NONE,NORMAL,0,0,,,none,Normal ambient weather telemetry with diurnal solar cycles
AWS002,Guntur (AWS002),2026-08-25T20:00:00Z,32.56,63.5,1007.34,SYNTHETIC_SIMULATION,SCN_CLEAN_BASELINE,CLEAN_NORMAL,NONE,NONE,NORMAL,0,0,,,none,Normal ambient weather telemetry with diurnal solar cycles
AWS002,Guntur (AWS002),2026-08-25T21:00:00Z,31.14,65.7,1008.4,SYNTHETIC_SIMULATION,SCN_CLEAN_BASELINE,CLEAN_NORMAL,NONE,NONE,NORMAL,0,0,,,none,Normal ambient weather telemetry with diurnal solar cycles
AWS002,Guntur (AWS002),2026-08-25T22:00:00Z,29.42,70.9,1008.92,SYNTHETIC_SIMULATION,SCN_CLEAN_BASELINE,CLEAN_NORMAL,NONE,NONE,NORMAL,0,0,,,none,Normal ambient weather telemetry with diurnal solar cycles
AWS002,Guntur (AWS002),2026-08-25T23:00:00Z,28.01,74.1,1009.85,SYNTHETIC_SIMULATION,SCN_CLEAN_BASELINE,CLEAN_NORMAL,NONE,NONE,NORMAL,0,0,,,none,Normal ambient weather telemetry with diurnal solar cycles
AWS002,Guntur (AWS002),2026-08-26T00:00:00Z,26.82,76.6,1009.99,SYNTHETIC_SIMULATION,SCN_CLEAN_BASELINE,CLEAN_NORMAL,NONE,NONE,NORMAL,0,0,,,none,Normal ambient weather telemetry with diurnal solar cycles
AWS002,Guntur (AWS002),2026-08-26T01:00:00Z,25.86,79.3,1010.18,SYNTHETIC_SIMULATION,SCN_CLEAN_BASELINE,CLEAN_NORMAL,NONE,NONE,NORMAL,0,0,,,none,Normal ambient weather telemetry with diurnal solar cycles
AWS002,Guntur (AWS002),2026-08-26T02:00:00Z,25.99,79.9,1009.9,SYNTHETIC_SIMULATION,SCN_CLEAN_BASELINE,CLEAN_NORMAL,NONE,NONE,NORMAL,0,0,,,none,Normal ambient weather telemetry with diurnal solar cycles
AWS002,Guntur (AWS002),2026-08-26T03:00:00Z,26.33,81.2,1009.63,SYNTHETIC_SIMULATION,SCN_CLEAN_BASELINE,CLEAN_NORMAL,NONE,NONE,NORMAL,0,0,,,none,Normal ambient weather telemetry with diurnal solar cycles
AWS002,Guntur (AWS002),2026-08-26T04:00:00Z,26.96,80.0,1008.87,SYNTHETIC_SIMULATION,SCN_CLEAN_BASELINE,CLEAN_NORMAL,NONE,NONE,NORMAL,0,0,,,none,Normal ambient weather telemetry with diurnal solar cycles
AWS002,Guntur (AWS002),2026-08-26T05:00:00Z,26.81,77.8,1008.37,SYNTHETIC_SIMULATION,SCN_CLEAN_BASELINE,CLEAN_NORMAL,NONE,NONE,NORMAL,0,0,,,none,Normal ambient weather telemetry with diurnal solar cycles
AWS002,Guntur (AWS002),2026-08-26T06:00:00Z,28.02,76.2,1008.52,SYNTHETIC_SIMULATION,SCN_CLEAN_BASELINE,CLEAN_NORMAL,NONE,NONE,NORMAL,0,0,,,none,Normal ambient weather telemetry with diurnal solar cycles
AWS002,Guntur (AWS002),2026-08-26T07:00:00Z,29.6,70.8,1009.44,SYNTHETIC_SIMULATION,SCN_CLEAN_BASELINE,CLEAN_NORMAL,NONE,NONE,NORMAL,0,0,,,none,Normal ambient weather telemetry with diurnal solar cycles
AWS002,Guntur (AWS002),2026-08-26T08:00:00Z,30.13,69.4,1009.28,SYNTHETIC_SIMULATION,SCN_CLEAN_BASELINE,CLEAN_NORMAL,NONE,NONE,NORMAL,0,0,,,none,Normal ambient weather telemetry with diurnal solar cycles
AWS002,Guntur (AWS002),2026-08-26T09:00:00Z,31.33,64.5,1010.08,SYNTHETIC_SIMULATION,SCN_CLEAN_BASELINE,CLEAN_NORMAL,NONE,NONE,NORMAL,0,0,,,none,Normal ambient weather telemetry with diurnal solar cycles
AWS002,Guntur (AWS002),2026-08-26T10:00:00Z,32.96,62.0,1011.16,SYNTHETIC_SIMULATION,SCN_CLEAN_BASELINE,CLEAN_NORMAL,NONE,NONE,NORMAL,0,0,,,none,Normal ambient weather telemetry with diurnal solar cycles
AWS002,Guntur (AWS002),2026-08-26T11:00:00Z,33.69,58.4,1011.49,SYNTHETIC_SIMULATION,SCN_CLEAN_BASELINE,CLEAN_NORMAL,NONE,NONE,NORMAL,0,0,,,none,Normal ambient weather telemetry with diurnal solar cycles
AWS002,Guntur (AWS002),2026-08-26T12:00:00Z,34.55,57.3,1011.84,SYNTHETIC_SIMULATION,SCN_CLEAN_BASELINE,CLEAN_NORMAL,NONE,NONE,NORMAL,0,0,,,none,Normal ambient weather telemetry with diurnal solar cycles
AWS002,Guntur (AWS002),2026-08-26T13:00:00Z,35.42,54.6,1011.89,SYNTHETIC_SIMULATION,SCN_CLEAN_BASELINE,CLEAN_NORMAL,NONE,NONE,NORMAL,0,0,,,none,Normal ambient weather telemetry with diurnal solar cycles
AWS002,Guntur (AWS002),2026-08-26T14:00:00Z,34.99,55.1,1011.32,SYNTHETIC_SIMULATION,SCN_CLEAN_BASELINE,CLEAN_NORMAL,NONE,NONE,NORMAL,0,0,,,none,Normal ambient weather telemetry with diurnal solar cycles
AWS002,Guntur (AWS002),2026-08-26T15:00:00Z,36.0,54.6,1010.95,SYNTHETIC_SIMULATION,SCN_CLEAN_BASELINE,CLEAN_NORMAL,NONE,NONE,NORMAL,0,0,,,none,Normal ambient weather telemetry with diurnal solar cycles
AWS002,Guntur (AWS002),2026-08-26T16:00:00Z,35.1,55.8,1010.21,SYNTHETIC_SIMULATION,SCN_CLEAN_BASELINE,CLEAN_NORMAL,NONE,NONE,NORMAL,0,0,,,none,Normal ambient weather telemetry with diurnal solar cycles
AWS002,Guntur (AWS002),2026-08-26T17:00:00Z,34.38,56.2,1009.95,SYNTHETIC_SIMULATION,SCN_CLEAN_BASELINE,CLEAN_NORMAL,NONE,NONE,NORMAL,0,0,,,none,Normal ambient weather telemetry with diurnal solar cycles
AWS002,Guntur (AWS002),2026-08-26T18:00:00Z,32.73,59.0,1009.68,SYNTHETIC_SIMULATION,SCN_CLEAN_BASELINE,CLEAN_NORMAL,NONE,NONE,NORMAL,0,0,,,none,Normal ambient weather telemetry with diurnal solar cycles
AWS002,Guntur (AWS002),2026-08-26T19:00:00Z,32.34,61.4,1009.33,SYNTHETIC_SIMULATION,SCN_CLEAN_BASELINE,CLEAN_NORMAL,NONE,NONE,NORMAL,0,0,,,none,Normal ambient weather telemetry with diurnal solar cycles
AWS002,Guntur (AWS002),2026-08-26T20:00:00Z,30.53,66.4,1010.27,SYNTHETIC_SIMULATION,SCN_CLEAN_BASELINE,CLEAN_NORMAL,NONE,NONE,NORMAL,0,0,,,none,Normal ambient weather telemetry with diurnal solar cycles
AWS002,Guntur (AWS002),2026-08-26T21:00:00Z,29.01,71.2,1011.51,SYNTHETIC_SIMULATION,SCN_CLEAN_BASELINE,CLEAN_NORMAL,NONE,NONE,NORMAL,0,0,,,none,Normal ambient weather telemetry with diurnal solar cycles
AWS002,Guntur (AWS002),2026-08-26T22:00:00Z,27.8,72.4,1011.58,SYNTHETIC_SIMULATION,SCN_CLEAN_BASELINE,CLEAN_NORMAL,NONE,NONE,NORMAL,0,0,,,none,Normal ambient weather telemetry with diurnal solar cycles
AWS002,Guntur (AWS002),2026-08-26T23:00:00Z,26.87,77.2,1012.25,SYNTHETIC_SIMULATION,SCN_CLEAN_BASELINE,CLEAN_NORMAL,NONE,NONE,NORMAL,0,0,,,none,Normal ambient weather telemetry with diurnal solar cycles
AWS002,Guntur (AWS002),2026-08-27T00:00:00Z,25.57,79.5,1012.58,SYNTHETIC_SIMULATION,SCN_CLEAN_BASELINE,CLEAN_NORMAL,NONE,NONE,NORMAL,0,0,,,none,Normal ambient weather telemetry with diurnal solar cycles
AWS002,Guntur (AWS002),2026-08-27T01:00:00Z,24.82,79.1,1012.68,SYNTHETIC_SIMULATION,SCN_CLEAN_BASELINE,CLEAN_NORMAL,NONE,NONE,NORMAL,0,0,,,none,Normal ambient weather telemetry with diurnal solar cycles
AWS002,Guntur (AWS002),2026-08-27T02:00:00Z,24.88,83.6,1011.75,SYNTHETIC_SIMULATION,SCN_CLEAN_BASELINE,CLEAN_NORMAL,NONE,NONE,NORMAL,0,0,,,none,Normal ambient weather telemetry with diurnal solar cycles
AWS002,Guntur (AWS002),2026-08-27T03:00:00Z,25.51,81.3,1011.13,SYNTHETIC_SIMULATION,SCN_CLEAN_BASELINE,CLEAN_NORMAL,NONE,NONE,NORMAL,0,0,,,none,Normal ambient weather telemetry with diurnal solar cycles
AWS002,Guntur (AWS002),2026-08-27T04:00:00Z,25.12,83.2,1010.62,SYNTHETIC_SIMULATION,SCN_CLEAN_BASELINE,CLEAN_NORMAL,NONE,NONE,NORMAL,0,0,,,none,Normal ambient weather telemetry with diurnal solar cycles
AWS002,Guntur (AWS002),2026-08-27T05:00:00Z,25.83,80.7,1010.66,SYNTHETIC_SIMULATION,SCN_CLEAN_BASELINE,CLEAN_NORMAL,NONE,NONE,NORMAL,0,0,,,none,Normal ambient weather telemetry with diurnal solar cycles
AWS002,Guntur (AWS002),2026-08-27T06:00:00Z,26.35,78.4,1010.11,SYNTHETIC_SIMULATION,SCN_CLEAN_BASELINE,CLEAN_NORMAL,NONE,NONE,NORMAL,0,0,,,none,Normal ambient weather telemetry with diurnal solar cycles
AWS002,Guntur (AWS002),2026-08-27T07:00:00Z,27.72,74.2,1009.95,SYNTHETIC_SIMULATION,SCN_CLEAN_BASELINE,CLEAN_NORMAL,NONE,NONE,NORMAL,0,0,,,none,Normal ambient weather telemetry with diurnal solar cycles
AWS002,Guntur (AWS002),2026-08-27T08:00:00Z,29.36,69.9,1010.39,SYNTHETIC_SIMULATION,SCN_CLEAN_BASELINE,CLEAN_NORMAL,NONE,NONE,NORMAL,0,0,,,none,Normal ambient weather telemetry with diurnal solar cycles
AWS002,Guntur (AWS002),2026-08-27T09:00:00Z,30.22,66.6,1011.36,SYNTHETIC_SIMULATION,SCN_CLEAN_BASELINE,CLEAN_NORMAL,NONE,NONE,NORMAL,0,0,,,none,Normal ambient weather telemetry with diurnal solar cycles
AWS002,Guntur (AWS002),2026-08-27T10:00:00Z,31.96,63.8,1012.27,SYNTHETIC_SIMULATION,SCN_CLEAN_BASELINE,CLEAN_NORMAL,NONE,NONE,NORMAL,0,0,,,none,Normal ambient weather telemetry with diurnal solar cycles
AWS002,Guntur (AWS002),2026-08-27T11:00:00Z,33.8,61.7,1012.48,SYNTHETIC_SIMULATION,SCN_CLEAN_BASELINE,CLEAN_NORMAL,NONE,NONE,NORMAL,0,0,,,none,Normal ambient weather telemetry with diurnal solar cycles
AWS002,Guntur (AWS002),2026-08-27T12:00:00Z,34.37,56.1,1012.63,SYNTHETIC_SIMULATION,SCN_CLEAN_BASELINE,CLEAN_NORMAL,NONE,NONE,NORMAL,0,0,,,none,Normal ambient weather telemetry with diurnal solar cycles
AWS002,Guntur (AWS002),2026-08-27T13:00:00Z,34.6,57.6,1012.15,SYNTHETIC_SIMULATION,SCN_CLEAN_BASELINE,CLEAN_NORMAL,NONE,NONE,NORMAL,0,0,,,none,Normal ambient weather telemetry with diurnal solar cycles
AWS002,Guntur (AWS002),2026-08-27T14:00:00Z,35.55,52.5,1011.69,SYNTHETIC_SIMULATION,SCN_CLEAN_BASELINE,CLEAN_NORMAL,NONE,NONE,NORMAL,0,0,,,none,Normal ambient weather telemetry with diurnal solar cycles
AWS002,Guntur (AWS002),2026-08-27T15:00:00Z,35.5,53.6,1010.56,SYNTHETIC_SIMULATION,SCN_CLEAN_BASELINE,CLEAN_NORMAL,NONE,NONE,NORMAL,0,0,,,none,Normal ambient weather telemetry with diurnal solar cycles
AWS002,Guntur (AWS002),2026-08-27T16:00:00Z,35.08,55.1,1010.08,SYNTHETIC_SIMULATION,SCN_CLEAN_BASELINE,CLEAN_NORMAL,NONE,NONE,NORMAL,0,0,,,none,Normal ambient weather telemetry with diurnal solar cycles
AWS002,Guntur (AWS002),2026-08-27T17:00:00Z,34.21,55.1,1009.57,SYNTHETIC_SIMULATION,SCN_CLEAN_BASELINE,CLEAN_NORMAL,NONE,NONE,NORMAL,0,0,,,none,Normal ambient weather telemetry with diurnal solar cycles
AWS002,Guntur (AWS002),2026-08-27T18:00:00Z,33.67,58.9,1008.95,SYNTHETIC_SIMULATION,SCN_CLEAN_BASELINE,CLEAN_NORMAL,NONE,NONE,NORMAL,0,0,,,none,Normal ambient weather telemetry with diurnal solar cycles
AWS002,Guntur (AWS002),2026-08-27T19:00:00Z,32.44,60.8,1009.43,SYNTHETIC_SIMULATION,SCN_CLEAN_BASELINE,CLEAN_NORMAL,NONE,NONE,NORMAL,0,0,,,none,Normal ambient weather telemetry with diurnal solar cycles
AWS002,Guntur (AWS002),2026-08-27T20:00:00Z,31.37,65.5,1009.41,SYNTHETIC_SIMULATION,SCN_CLEAN_BASELINE,CLEAN_NORMAL,NONE,NONE,NORMAL,0,0,,,none,Normal ambient weather telemetry with diurnal solar cycles
AWS002,Guntur (AWS002),2026-08-27T21:00:00Z,29.66,69.6,1010.04,SYNTHETIC_SIMULATION,SCN_CLEAN_BASELINE,CLEAN_NORMAL,NONE,NONE,NORMAL,0,0,,,none,Normal ambient weather telemetry with diurnal solar cycles
AWS002,Guntur (AWS002),2026-08-27T22:00:00Z,28.8,72.4,1010.49,SYNTHETIC_SIMULATION,SCN_CLEAN_BASELINE,CLEAN_NORMAL,NONE,NONE,NORMAL,0,0,,,none,Normal ambient weather telemetry with diurnal solar cycles
AWS002,Guntur (AWS002),2026-08-27T23:00:00Z,27.59,77.3,1011.21,SYNTHETIC_SIMULATION,SCN_CLEAN_BASELINE,CLEAN_NORMAL,NONE,NONE,NORMAL,0,0,,,none,Normal ambient weather telemetry with diurnal solar cycles
AWS004,Machilipatnam (AWS004),2026-08-01T00:00:00Z,25.82,85.4,1011.96,SYNTHETIC_SIMULATION,SCN_CLEAN_BASELINE,CLEAN_NORMAL,NONE,NONE,NORMAL,0,0,,,none,Normal ambient weather telemetry with diurnal solar cycles
AWS004,Machilipatnam (AWS004),2026-08-01T01:00:00Z,25.44,87.1,1011.67,SYNTHETIC_SIMULATION,SCN_CLEAN_BASELINE,CLEAN_NORMAL,NONE,NONE,NORMAL,0,0,,,none,Normal ambient weather telemetry with diurnal solar cycles
AWS004,Machilipatnam (AWS004),2026-08-01T02:00:00Z,25.87,87.1,1010.74,SYNTHETIC_SIMULATION,SCN_CLEAN_BASELINE,CLEAN_NORMAL,NONE,NONE,NORMAL,0,0,,,none,Normal ambient weather telemetry with diurnal solar cycles
AWS004,Machilipatnam (AWS004),2026-08-01T03:00:00Z,25.57,88.8,1009.58,SYNTHETIC_SIMULATION,SCN_CLEAN_BASELINE,CLEAN_NORMAL,NONE,NONE,NORMAL,0,0,,,none,Normal ambient weather telemetry with diurnal solar cycles
AWS004,Machilipatnam (AWS004),2026-08-01T04:00:00Z,26.76,87.9,1009.12,SYNTHETIC_SIMULATION,SCN_CLEAN_BASELINE,CLEAN_NORMAL,NONE,NONE,NORMAL,0,0,,,none,Normal ambient weather telemetry with diurnal solar cycles
AWS004,Machilipatnam (AWS004),2026-08-01T05:00:00Z,26.75,87.2,1008.39,SYNTHETIC_SIMULATION,SCN_CLEAN_BASELINE,CLEAN_NORMAL,NONE,NONE,NORMAL,0,0,,,none,Normal ambient weather telemetry with diurnal solar cycles
AWS004,Machilipatnam (AWS004),2026-08-01T06:00:00Z,28.2,82.5,1008.35,SYNTHETIC_SIMULATION,SCN_CLEAN_BASELINE,CLEAN_NORMAL,NONE,NONE,NORMAL,0,0,,,none,Normal ambient weather telemetry with diurnal solar cycles
AWS004,Machilipatnam (AWS004),2026-08-01T07:00:00Z,30.16,76.8,1008.11,SYNTHETIC_SIMULATION,SCN_CLEAN_BASELINE,CLEAN_NORMAL,NONE,NONE,NORMAL,0,0,,,none,Normal ambient weather telemetry with diurnal solar cycles
AWS004,Machilipatnam (AWS004),2026-08-01T08:00:00Z,30.88,73.4,1008.6,SYNTHETIC_SIMULATION,SCN_CLEAN_BASELINE,CLEAN_NORMAL,NONE,NONE,NORMAL,0,0,,,none,Normal ambient weather telemetry with diurnal solar cycles
AWS004,Machilipatnam (AWS004),2026-08-01T09:00:00Z,32.27,71.9,,SYNTHETIC_SIMULATION,SCN_CLEAN_BASELINE,CLEAN_NORMAL,NONE,NONE,NORMAL,0,0,,,none,Normal ambient weather telemetry with diurnal solar cycles
AWS004,Machilipatnam (AWS004),2026-08-01T10:00:00Z,33.94,69.3,1009.42,SYNTHETIC_SIMULATION,SCN_CLEAN_BASELINE,CLEAN_NORMAL,NONE,NONE,NORMAL,0,0,,,none,Normal ambient weather telemetry with diurnal solar cycles
AWS004,Machilipatnam (AWS004),2026-08-01T11:00:00Z,34.42,63.8,1010.12,SYNTHETIC_SIMULATION,SCN_CLEAN_BASELINE,CLEAN_NORMAL,NONE,NONE,NORMAL,0,0,,,none,Normal ambient weather telemetry with diurnal solar cycles
AWS004,Machilipatnam (AWS004),2026-08-01T12:00:00Z,35.6,61.8,1009.82,SYNTHETIC_SIMULATION,SCN_CLEAN_BASELINE,CLEAN_NORMAL,NONE,NONE,NORMAL,0,0,,,none,Normal ambient weather telemetry with diurnal solar cycles
AWS004,Machilipatnam (AWS004),2026-08-01T13:00:00Z,36.41,58.1,1009.86,SYNTHETIC_SIMULATION,SCN_CLEAN_BASELINE,CLEAN_NORMAL,NONE,NONE,NORMAL,0,0,,,none,Normal ambient weather telemetry with diurnal solar cycles
AWS004,Machilipatnam (AWS004),2026-08-01T14:00:00Z,37.18,59.6,1008.85,SYNTHETIC_SIMULATION,SCN_CLEAN_BASELINE,CLEAN_NORMAL,NONE,NONE,NORMAL,0,0,,,none,Normal ambient weather telemetry with diurnal solar cycles
AWS004,Machilipatnam (AWS004),2026-08-01T15:00:00Z,37.39,57.3,1008.41,SYNTHETIC_SIMULATION,SCN_CLEAN_BASELINE,CLEAN_NORMAL,NONE,NONE,NORMAL,0,0,,,none,Normal ambient weather telemetry with diurnal solar cycles
AWS004,Machilipatnam (AWS004),2026-08-01T16:00:00Z,36.94,56.6,1006.96,SYNTHETIC_SIMULATION,SCN_CLEAN_BASELINE,CLEAN_NORMAL,NONE,NONE,NORMAL,0,0,,,none,Normal ambient weather telemetry with diurnal solar cycles
AWS004,Machilipatnam (AWS004),2026-08-01T17:00:00Z,36.01,59.5,1007.18,SYNTHETIC_SIMULATION,SCN_CLEAN_BASELINE,CLEAN_NORMAL,NONE,NONE,NORMAL,0,0,,,none,Normal ambient weather telemetry with diurnal solar cycles
AWS004,Machilipatnam (AWS004),2026-08-01T18:00:00Z,34.84,62.5,1006.71,SYNTHETIC_SIMULATION,SCN_CLEAN_BASELINE,CLEAN_NORMAL,NONE,NONE,NORMAL,0,0,,,none,Normal ambient weather telemetry with diurnal solar cycles
AWS004,Machilipatnam (AWS004),2026-08-01T19:00:00Z,34.31,64.5,1006.57,SYNTHETIC_SIMULATION,SCN_CLEAN_BASELINE,CLEAN_NORMAL,NONE,NONE,NORMAL,0,0,,,none,Normal ambient weather telemetry with diurnal solar cycles
AWS004,Machilipatnam (AWS004),2026-08-01T20:00:00Z,32.29,68.1,1006.98,SYNTHETIC_SIMULATION,SCN_CLEAN_BASELINE,CLEAN_NORMAL,NONE,NONE,NORMAL,0,0,,,none,Normal ambient weather telemetry with diurnal solar cycles
AWS004,Machilipatnam (AWS004),2026-08-01T21:00:00Z,31.9,69.8,1007.34,SYNTHETIC_SIMULATION,SCN_CLEAN_BASELINE,CLEAN_NORMAL,NONE,NONE,NORMAL,0,0,,,none,Normal ambient weather telemetry with diurnal solar cycles
AWS004,Machilipatnam (AWS004),2026-08-01T22:00:00Z,30.24,76.8,1008.14,SYNTHETIC_SIMULATION,SCN_CLEAN_BASELINE,CLEAN_NORMAL,NONE,NONE,NORMAL,0,0,,,none,Normal ambient weather telemetry with diurnal solar cycles
AWS004,Machilipatnam (AWS004),2026-08-01T23:00:00Z,29.59,77.7,1008.47,SYNTHETIC_SIMULATION,SCN_CLEAN_BASELINE,CLEAN_NORMAL,NONE,NONE,NORMAL,0,0,,,none,Normal ambient weather telemetry with diurnal solar cycles
AWS004,Machilipatnam (AWS004),2026-08-02T00:00:00Z,28.14,80.9,1008.61,SYNTHETIC_SIMULATION,SCN_CLEAN_BASELINE,CLEAN_NORMAL,NONE,NONE,NORMAL,0,0,,,none,Normal ambient weather telemetry with diurnal solar cycles
AWS004,Machilipatnam (AWS004),2026-08-02T01:00:00Z,27.79,83.0,1008.11,SYNTHETIC_SIMULATION,SCN_CLEAN_BASELINE,CLEAN_NORMAL,NONE,NONE,NORMAL,0,0,,,none,Normal ambient weather telemetry with diurnal solar cycles
AWS004,Machilipatnam (AWS004),2026-08-02T02:00:00Z,27.21,84.4,1007.63,SYNTHETIC_SIMULATION,SCN_CLEAN_BASELINE,CLEAN_NORMAL,NONE,NONE,NORMAL,0,0,,,none,Normal ambient weather telemetry with diurnal solar cycles
AWS004,Machilipatnam (AWS004),2026-08-02T03:00:00Z,27.3,82.3,1007.26,SYNTHETIC_SIMULATION,SCN_CLEAN_BASELINE,CLEAN_NORMAL,NONE,NONE,NORMAL,0,0,,,none,Normal ambient weather telemetry with diurnal solar cycles
AWS004,Machilipatnam (AWS004),2026-08-02T04:00:00Z,28.02,85.3,1006.2,SYNTHETIC_SIMULATION,SCN_CLEAN_BASELINE,CLEAN_NORMAL,NONE,NONE,NORMAL,0,0,,,none,Normal ambient weather telemetry with diurnal solar cycles
AWS004,Machilipatnam (AWS004),2026-08-02T05:00:00Z,28.6,80.9,1005.95,SYNTHETIC_SIMULATION,SCN_CLEAN_BASELINE,CLEAN_NORMAL,NONE,NONE,NORMAL,0,0,,,none,Normal ambient weather telemetry with diurnal solar cycles
AWS004,Machilipatnam (AWS004),2026-08-02T06:00:00Z,29.88,78.8,1005.59,SYNTHETIC_SIMULATION,SCN_CLEAN_BASELINE,CLEAN_NORMAL,NONE,NONE,NORMAL,0,0,,,none,Normal ambient weather telemetry with diurnal solar cycles
AWS004,Machilipatnam (AWS004),2026-08-02T07:00:00Z,30.57,75.7,1005.65,SYNTHETIC_SIMULATION,SCN_CLEAN_BASELINE,CLEAN_NORMAL,NONE,NONE,NORMAL,0,0,,,none,Normal ambient weather telemetry with diurnal solar cycles
AWS004,Machilipatnam (AWS004),2026-08-02T08:00:00Z,31.98,71.0,1006.17,SYNTHETIC_SIMULATION,SCN_CLEAN_BASELINE,CLEAN_NORMAL,NONE,NONE,NORMAL,0,0,,,none,Normal ambient weather telemetry with diurnal solar cycles
AWS004,Machilipatnam (AWS004),2026-08-02T09:00:00Z,33.48,68.2,1007.37,SYNTHETIC_SIMULATION,SCN_CLEAN_BASELINE,CLEAN_NORMAL,NONE,NONE,NORMAL,0,0,,,none,Normal ambient weather telemetry with diurnal solar cycles
AWS004,Machilipatnam (AWS004),2026-08-02T10:00:00Z,34.43,64.8,1007.58,SYNTHETIC_SIMULATION,SCN_CLEAN_BASELINE,CLEAN_NORMAL,NONE,NONE,NORMAL,0,0,,,none,Normal ambient weather telemetry with diurnal solar cycles
AWS004,Machilipatnam (AWS004),2026-08-02T11:00:00Z,36.11,62.0,1008.12,SYNTHETIC_SIMULATION,SCN_CLEAN_BASELINE,CLEAN_NORMAL,NONE,NONE,NORMAL,0,0,,,none,Normal ambient weather telemetry with diurnal solar cycles
AWS004,Machilipatnam (AWS004),2026-08-02T12:00:00Z,36.79,59.6,1008.21,SYNTHETIC_SIMULATION,SCN_CLEAN_BASELINE,CLEAN_NORMAL,NONE,NONE,NORMAL,0,0,,,none,Normal ambient weather telemetry with diurnal solar cycles
AWS004,Machilipatnam (AWS004),2026-08-02T13:00:00Z,37.29,56.7,1008.28,SYNTHETIC_SIMULATION,SCN_CLEAN_BASELINE,CLEAN_NORMAL,NONE,NONE,NORMAL,0,0,,,none,Normal ambient weather telemetry with diurnal solar cycles
AWS004,Machilipatnam (AWS004),2026-08-02T14:00:00Z,37.84,55.2,1008.05,SYNTHETIC_SIMULATION,SCN_CLEAN_BASELINE,CLEAN_NORMAL,NONE,NONE,NORMAL,0,0,,,none,Normal ambient weather telemetry with diurnal solar cycles
AWS004,Machilipatnam (AWS004),2026-08-02T15:00:00Z,37.96,57.5,1007.22,SYNTHETIC_SIMULATION,SCN_CLEAN_BASELINE,CLEAN_NORMAL,NONE,NONE,NORMAL,0,0,,,none,Normal ambient weather telemetry with diurnal solar cycles
AWS004,Machilipatnam (AWS004),2026-08-02T16:00:00Z,37.72,56.6,1006.48,SYNTHETIC_SIMULATION,SCN_CLEAN_BASELINE,CLEAN_NORMAL,NONE,NONE,NORMAL,0,0,,,none,Normal ambient weather telemetry with diurnal solar cycles
AWS004,Machilipatnam (AWS004),2026-08-02T17:00:00Z,37.52,60.0,1006.16,SYNTHETIC_SIMULATION,SCN_CLEAN_BASELINE,CLEAN_NORMAL,NONE,NONE,NORMAL,0,0,,,none,Normal ambient weather telemetry with diurnal solar cycles
AWS004,Machilipatnam (AWS004),2026-08-02T18:00:00Z,35.7,61.7,1006.03,SYNTHETIC_SIMULATION,SCN_CLEAN_BASELINE,CLEAN_NORMAL,NONE,NONE,NORMAL,0,0,,,none,Normal ambient weather telemetry with diurnal solar cycles
AWS004,Machilipatnam (AWS004),2026-08-02T19:00:00Z,34.78,63.1,1005.84,SYNTHETIC_SIMULATION,SCN_CLEAN_BASELINE,CLEAN_NORMAL,NONE,NONE,NORMAL,0,0,,,none,Normal ambient weather telemetry with diurnal solar cycles
AWS004,Machilipatnam (AWS004),2026-08-02T20:00:00Z,32.22,70.0,1007.07,SYNTHETIC_SIMULATION,SCN_CLEAN_BASELINE,CLEAN_NORMAL,NONE,NONE,NORMAL,0,0,,,none,Normal ambient weather telemetry with diurnal solar cycles
AWS004,Machilipatnam (AWS004),2026-08-02T21:00:00Z,31.5,74.0,1007.83,SYNTHETIC_SIMULATION,SCN_CLEAN_BASELINE,CLEAN_NORMAL,NONE,NONE,NORMAL,0,0,,,none,Normal ambient weather telemetry with diurnal solar cycles
AWS004,Machilipatnam (AWS004),2026-08-02T22:00:00Z,30.54,74.1,1008.32,SYNTHETIC_SIMULATION,SCN_CLEAN_BASELINE,CLEAN_NORMAL,NONE,NONE,NORMAL,0,0,,,none,Normal ambient weather telemetry with diurnal solar cycles
AWS004,Machilipatnam (AWS004),2026-08-02T23:00:00Z,29.2,81.4,1008.9,SYNTHETIC_SIMULATION,SCN_CLEAN_BASELINE,CLEAN_NORMAL,NONE,NONE,NORMAL,0,0,,,none,Normal ambient weather telemetry with diurnal solar cycles
AWS004,Machilipatnam (AWS004),2026-08-03T00:00:00Z,27.8,81.2,1009.36,SYNTHETIC_SIMULATION,SCN_CLEAN_BASELINE,CLEAN_NORMAL,NONE,NONE,NORMAL,0,0,,,none,Normal ambient weather telemetry with diurnal solar cycles
AWS004,Machilipatnam (AWS004),2026-08-03T01:00:00Z,27.63,83.5,1008.91,SYNTHETIC_SIMULATION,SCN_CLEAN_BASELINE,CLEAN_NORMAL,NONE,NONE,NORMAL,0,0,,,none,Normal ambient weather telemetry with diurnal solar cycles
AWS004,Machilipatnam (AWS004),2026-08-03T02:00:00Z,26.84,84.4,1008.74,SYNTHETIC_SIMULATION,SCN_CLEAN_BASELINE,CLEAN_NORMAL,NONE,NONE,NORMAL,0,0,,,none,Normal ambient weather telemetry with diurnal solar cycles
AWS004,Machilipatnam (AWS004),2026-08-03T03:00:00Z,27.3,86.3,1007.88,SYNTHETIC_SIMULATION,SCN_CLEAN_BASELINE,CLEAN_NORMAL,NONE,NONE,NORMAL,0,0,,,none,Normal ambient weather telemetry with diurnal solar cycles
AWS004,Machilipatnam (AWS004),2026-08-03T04:00:00Z,27.03,84.7,1007.81,SYNTHETIC_SIMULATION,SCN_CLEAN_BASELINE,CLEAN_NORMAL,NONE,NONE,NORMAL,0,0,,,none,Normal ambient weather telemetry with diurnal solar cycles
AWS004,Machilipatnam (AWS004),2026-08-03T05:00:00Z,27.52,83.4,1007.12,SYNTHETIC_SIMULATION,SCN_CLEAN_BASELINE,CLEAN_NORMAL,NONE,NONE,NORMAL,0,0,,,none,Normal ambient weather telemetry with diurnal solar cycles
AWS004,Machilipatnam (AWS004),2026-08-03T06:00:00Z,28.82,80.1,1007.61,SYNTHETIC_SIMULATION,SCN_CLEAN_BASELINE,CLEAN_NORMAL,NONE,NONE,NORMAL,0,0,,,none,Normal ambient weather telemetry with diurnal solar cycles
AWS004,Machilipatnam (AWS004),2026-08-03T07:00:00Z,29.34,76.6,1007.73,SYNTHETIC_SIMULATION,SCN_CLEAN_BASELINE,CLEAN_NORMAL,NONE,NONE,NORMAL,0,0,,,none,Normal ambient weather telemetry with diurnal solar cycles
AWS004,Machilipatnam (AWS004),2026-08-03T08:00:00Z,30.28,74.0,1008.0,SYNTHETIC_SIMULATION,SCN_CLEAN_BASELINE,CLEAN_NORMAL,NONE,NONE,NORMAL,0,0,,,none,Normal ambient weather telemetry with diurnal solar cycles
AWS004,Machilipatnam (AWS004),2026-08-03T09:00:00Z,31.73,71.9,1009.25,SYNTHETIC_SIMULATION,SCN_CLEAN_BASELINE,CLEAN_NORMAL,NONE,NONE,NORMAL,0,0,,,none,Normal ambient weather telemetry with diurnal solar cycles
AWS004,Machilipatnam (AWS004),2026-08-03T10:00:00Z,34.3,67.9,1010.0,SYNTHETIC_SIMULATION,SCN_CLEAN_BASELINE,CLEAN_NORMAL,NONE,NONE,NORMAL,0,0,,,none,Normal ambient weather telemetry with diurnal solar cycles
AWS004,Machilipatnam (AWS004),2026-08-03T11:00:00Z,34.27,64.4,1010.13,SYNTHETIC_SIMULATION,SCN_CLEAN_BASELINE,CLEAN_NORMAL,NONE,NONE,NORMAL,0,0,,,none,Normal ambient weather telemetry with diurnal solar cycles
AWS004,Machilipatnam (AWS004),2026-08-03T12:00:00Z,34.84,60.5,1010.57,SYNTHETIC_SIMULATION,SCN_CLEAN_BASELINE,CLEAN_NORMAL,NONE,NONE,NORMAL,0,0,,,none,Normal ambient weather telemetry with diurnal solar cycles
AWS004,Machilipatnam (AWS004),2026-08-03T13:00:00Z,35.54,62.1,1011.04,SYNTHETIC_SIMULATION,SCN_CLEAN_BASELINE,CLEAN_NORMAL,NONE,NONE,NORMAL,0,0,,,none,Normal ambient weather telemetry with diurnal solar cycles
AWS004,Machilipatnam (AWS004),2026-08-03T14:00:00Z,36.56,61.5,1010.46,SYNTHETIC_SIMULATION,SCN_CLEAN_BASELINE,CLEAN_NORMAL,NONE,NONE,NORMAL,0,0,,,none,Normal ambient weather telemetry with diurnal solar cycles
AWS004,Machilipatnam (AWS004),2026-08-03T15:00:00Z,35.89,60.5,1009.9,SYNTHETIC_SIMULATION,SCN_CLEAN_BASELINE,CLEAN_NORMAL,NONE,NONE,NORMAL,0,0,,,none,Normal ambient weather telemetry with diurnal solar cycles
AWS004,Machilipatnam (AWS004),2026-08-03T16:00:00Z,35.41,61.6,1009.48,SYNTHETIC_SIMULATION,SCN_CLEAN_BASELINE,CLEAN_NORMAL,NONE,NONE,NORMAL,0,0,,,none,Normal ambient weather telemetry with diurnal solar cycles
AWS004,Machilipatnam (AWS004),2026-08-03T17:00:00Z,34.89,63.0,1009.37,SYNTHETIC_SIMULATION,SCN_CLEAN_BASELINE,CLEAN_NORMAL,NONE,NONE,NORMAL,0,0,,,none,Normal ambient weather telemetry with diurnal solar cycles
AWS004,Machilipatnam (AWS004),2026-08-03T18:00:00Z,33.36,67.9,1009.06,SYNTHETIC_SIMULATION,SCN_CLEAN_BASELINE,CLEAN_NORMAL,NONE,NONE,NORMAL,0,0,,,none,Normal ambient weather telemetry with diurnal solar cycles
AWS004,Machilipatnam (AWS004),2026-08-03T19:00:00Z,32.46,69.7,1009.15,SYNTHETIC_SIMULATION,SCN_CLEAN_BASELINE,CLEAN_NORMAL,NONE,NONE,NORMAL,0,0,,,none,Normal ambient weather telemetry with diurnal solar cycles
AWS004,Machilipatnam (AWS004),2026-08-03T20:00:00Z,30.78,74.4,1010.51,SYNTHETIC_SIMULATION,SCN_CLEAN_BASELINE,CLEAN_NORMAL,NONE,NONE,NORMAL,0,0,,,none,Normal ambient weather telemetry with diurnal solar cycles
AWS004,Machilipatnam (AWS004),2026-08-03T21:00:00Z,29.61,78.2,1011.15,SYNTHETIC_SIMULATION,SCN_CLEAN_BASELINE,CLEAN_NORMAL,NONE,NONE,NORMAL,0,0,,,none,Normal ambient weather telemetry with diurnal solar cycles
AWS004,Machilipatnam (AWS004),2026-08-03T22:00:00Z,28.61,79.3,1011.99,SYNTHETIC_SIMULATION,SCN_CLEAN_BASELINE,CLEAN_NORMAL,NONE,NONE,NORMAL,0,0,,,none,Normal ambient weather telemetry with diurnal solar cycles
AWS004,Machilipatnam (AWS004),2026-08-03T23:00:00Z,26.77,86.4,1012.97,SYNTHETIC_SIMULATION,SCN_CLEAN_BASELINE,CLEAN_NORMAL,NONE,NONE,NORMAL,0,0,,,none,Normal ambient weather telemetry with diurnal solar cycles
AWS004,Machilipatnam (AWS004),2026-08-04T00:00:00Z,25.98,87.6,1012.71,SYNTHETIC_SIMULATION,SCN_CLEAN_BASELINE,CLEAN_NORMAL,NONE,NONE,NORMAL,0,0,,,none,Normal ambient weather telemetry with diurnal solar cycles
AWS004,Machilipatnam (AWS004),2026-08-04T01:00:00Z,24.71,88.6,1012.91,SYNTHETIC_SIMULATION,SCN_CLEAN_BASELINE,CLEAN_NORMAL,NONE,NONE,NORMAL,0,0,,,none,Normal ambient weather telemetry with diurnal solar cycles
AWS004,Machilipatnam (AWS004),2026-08-04T02:00:00Z,24.74,91.1,1012.53,SYNTHETIC_SIMULATION,SCN_CLEAN_BASELINE,CLEAN_NORMAL,NONE,NONE,NORMAL,0,0,,,none,Normal ambient weather telemetry with diurnal solar cycles
AWS004,Machilipatnam (AWS004),2026-08-04T03:00:00Z,24.76,91.2,1012.16,SYNTHETIC_SIMULATION,SCN_CLEAN_BASELINE,CLEAN_NORMAL,NONE,NONE,NORMAL,0,0,,,none,Normal ambient weather telemetry with diurnal solar cycles
AWS004,Machilipatnam (AWS004),2026-08-04T04:00:00Z,24.82,91.9,1011.66,SYNTHETIC_SIMULATION,SCN_CLEAN_BASELINE,CLEAN_NORMAL,NONE,NONE,NORMAL,0,0,,,none,Normal ambient weather telemetry with diurnal solar cycles
AWS004,Machilipatnam (AWS004),2026-08-04T05:00:00Z,25.69,88.2,1011.11,SYNTHETIC_SIMULATION,SCN_CLEAN_BASELINE,CLEAN_NORMAL,NONE,NONE,NORMAL,0,0,,,none,Normal ambient weather telemetry with diurnal solar cycles
AWS004,Machilipatnam (AWS004),2026-08-04T06:00:00Z,26.02,87.1,1010.97,SYNTHETIC_SIMULATION,SCN_CLEAN_BASELINE,CLEAN_NORMAL,NONE,NONE,NORMAL,0,0,,,none,Normal ambient weather telemetry with diurnal solar cycles
AWS004,Machilipatnam (AWS004),2026-08-04T07:00:00Z,27.04,83.0,1011.17,SYNTHETIC_SIMULATION,SCN_CLEAN_BASELINE,CLEAN_NORMAL,NONE,NONE,NORMAL,0,0,,,none,Normal ambient weather telemetry with diurnal solar cycles
AWS004,Machilipatnam (AWS004),2026-08-04T08:00:00Z,28.81,80.4,1011.94,SYNTHETIC_SIMULATION,SCN_CLEAN_BASELINE,CLEAN_NORMAL,NONE,NONE,NORMAL,0,0,,,none,Normal ambient weather telemetry with diurnal solar cycles
AWS004,Machilipatnam (AWS004),2026-08-04T09:00:00Z,30.05,76.0,1012.56,SYNTHETIC_SIMULATION,SCN_CLEAN_BASELINE,CLEAN_NORMAL,NONE,NONE,NORMAL,0,0,,,none,Normal ambient weather telemetry with diurnal solar cycles
AWS004,Machilipatnam (AWS004),2026-08-04T10:00:00Z,30.75,72.6,1013.98,SYNTHETIC_SIMULATION,SCN_CLEAN_BASELINE,CLEAN_NORMAL,NONE,NONE,NORMAL,0,0,,,none,Normal ambient weather telemetry with diurnal solar cycles
AWS004,Machilipatnam (AWS004),2026-08-04T11:00:00Z,32.2,71.3,1014.17,SYNTHETIC_SIMULATION,SCN_CLEAN_BASELINE,CLEAN_NORMAL,NONE,NONE,NORMAL,0,0,,,none,Normal ambient weather telemetry with diurnal solar cycles
AWS004,Machilipatnam (AWS004),2026-08-04T12:00:00Z,32.57,66.3,,SYNTHETIC_SIMULATION,SCN_CLEAN_BASELINE,CLEAN_NORMAL,NONE,NONE,NORMAL,0,0,,,none,Normal ambient weather telemetry with diurnal solar cycles
AWS004,Machilipatnam (AWS004),2026-08-04T13:00:00Z,33.86,66.7,1014.61,SYNTHETIC_SIMULATION,SCN_CLEAN_BASELINE,CLEAN_NORMAL,NONE,NONE,NORMAL,0,0,,,none,Normal ambient weather telemetry with diurnal solar cycles
AWS004,Machilipatnam (AWS004),2026-08-04T14:00:00Z,33.93,67.3,1014.26,SYNTHETIC_SIMULATION,SCN_CLEAN_BASELINE,CLEAN_NORMAL,NONE,NONE,NORMAL,0,0,,,none,Normal ambient weather telemetry with diurnal solar cycles
AWS004,Machilipatnam (AWS004),2026-08-04T15:00:00Z,34.1,65.4,1013.69,SYNTHETIC_SIMULATION,SCN_CLEAN_BASELINE,CLEAN_NORMAL,NONE,NONE,NORMAL,0,0,,,none,Normal ambient weather telemetry with diurnal solar cycles
AWS004,Machilipatnam (AWS004),2026-08-04T16:00:00Z,33.0,66.7,1013.02,SYNTHETIC_SIMULATION,SCN_CLEAN_BASELINE,CLEAN_NORMAL,NONE,NONE,NORMAL,0,0,,,none,Normal ambient weather telemetry with diurnal solar cycles
AWS004,Machilipatnam (AWS004),2026-08-04T17:00:00Z,32.52,68.9,1012.27,SYNTHETIC_SIMULATION,SCN_CLEAN_BASELINE,CLEAN_NORMAL,NONE,NONE,NORMAL,0,0,,,none,Normal ambient weather telemetry with diurnal solar cycles
AWS004,Machilipatnam (AWS004),2026-08-04T18:00:00Z,31.52,70.7,1011.96,SYNTHETIC_SIMULATION,SCN_CLEAN_BASELINE,CLEAN_NORMAL,NONE,NONE,NORMAL,0,0,,,none,Normal ambient weather telemetry with diurnal solar cycles
AWS004,Machilipatnam (AWS004),2026-08-04T19:00:00Z,30.66,74.2,1012.7,SYNTHETIC_SIMULATION,SCN_CLEAN_BASELINE,CLEAN_NORMAL,NONE,NONE,NORMAL,0,0,,,none,Normal ambient weather telemetry with diurnal solar cycles
AWS004,Machilipatnam (AWS004),2026-08-04T20:00:00Z,28.88,80.8,1013.06,SYNTHETIC_SIMULATION,SCN_CLEAN_BASELINE,CLEAN_NORMAL,NONE,NONE,NORMAL,0,0,,,none,Normal ambient weather telemetry with diurnal solar cycles
AWS004,Machilipatnam (AWS004),2026-08-04T21:00:00Z,27.83,80.9,1014.04,SYNTHETIC_SIMULATION,SCN_CLEAN_BASELINE,CLEAN_NORMAL,NONE,NONE,NORMAL,0,0,,,none,Normal ambient weather telemetry with diurnal solar cycles
AWS004,Machilipatnam (AWS004),2026-08-04T22:00:00Z,25.91,84.3,1014.58,SYNTHETIC_SIMULATION,SCN_CLEAN_BASELINE,CLEAN_NORMAL,NONE,NONE,NORMAL,0,0,,,none,Normal ambient weather telemetry with diurnal solar cycles
AWS004,Machilipatnam (AWS004),2026-08-04T23:00:00Z,25.51,89.5,1015.18,SYNTHETIC_SIMULATION,SCN_CLEAN_BASELINE,CLEAN_NORMAL,NONE,NONE,NORMAL,0,0,,,none,Normal ambient weather telemetry with diurnal solar cycles
AWS004,Machilipatnam (AWS004),2026-08-05T00:00:00Z,24.4,90.7,1014.97,SYNTHETIC_SIMULATION,SCN_CLEAN_BASELINE,CLEAN_NORMAL,NONE,NONE,NORMAL,0,0,,,none,Normal ambient weather telemetry with diurnal solar cycles
AWS004,Machilipatnam (AWS004),2026-08-05T01:00:00Z,23.34,92.5,1015.36,SYNTHETIC_SIMULATION,SCN_CLEAN_BASELINE,CLEAN_NORMAL,NONE,NONE,NORMAL,0,0,,,none,Normal ambient weather telemetry with diurnal solar cycles
AWS004,Machilipatnam (AWS004),2026-08-05T02:00:00Z,22.79,94.8,1014.5,SYNTHETIC_SIMULATION,SCN_CLEAN_BASELINE,CLEAN_NORMAL,NONE,NONE,NORMAL,0,0,,,none,Normal ambient weather telemetry with diurnal solar cycles
AWS004,Machilipatnam (AWS004),2026-08-05T03:00:00Z,23.17,94.5,1014.09,SYNTHETIC_SIMULATION,SCN_CLEAN_BASELINE,CLEAN_NORMAL,NONE,NONE,NORMAL,0,0,,,none,Normal ambient weather telemetry with diurnal solar cycles
AWS004,Machilipatnam (AWS004),2026-08-05T04:00:00Z,23.01,94.6,1013.33,SYNTHETIC_SIMULATION,SCN_CLEAN_BASELINE,CLEAN_NORMAL,NONE,NONE,NORMAL,0,0,,,none,Normal ambient weather telemetry with diurnal solar cycles
AWS004,Machilipatnam (AWS004),2026-08-05T05:00:00Z,24.31,93.8,1012.97,SYNTHETIC_SIMULATION,SCN_CLEAN_BASELINE,CLEAN_NORMAL,NONE,NONE,NORMAL,0,0,,,none,Normal ambient weather telemetry with diurnal solar cycles
AWS004,Machilipatnam (AWS004),2026-08-05T06:00:00Z,24.82,89.5,1012.62,SYNTHETIC_SIMULATION,SCN_CLEAN_BASELINE,CLEAN_NORMAL,NONE,NONE,NORMAL,0,0,,,none,Normal ambient weather telemetry with diurnal solar cycles
AWS004,Machilipatnam (AWS004),2026-08-05T07:00:00Z,26.52,86.0,1012.97,SYNTHETIC_SIMULATION,SCN_CLEAN_BASELINE,CLEAN_NORMAL,NONE,NONE,NORMAL,0,0,,,none,Normal ambient weather telemetry with diurnal solar cycles
AWS004,Machilipatnam (AWS004),2026-08-05T08:00:00Z,27.55,83.1,1012.84,SYNTHETIC_SIMULATION,SCN_CLEAN_BASELINE,CLEAN_NORMAL,NONE,NONE,NORMAL,0,0,,,none,Normal ambient weather telemetry with diurnal solar cycles
AWS004,Machilipatnam (AWS004),2026-08-05T09:00:00Z,29.52,79.0,1014.15,SYNTHETIC_SIMULATION,SCN_CLEAN_BASELINE,CLEAN_NORMAL,NONE,NONE,NORMAL,0,0,,,none,Normal ambient weather telemetry with diurnal solar cycles
AWS004,Machilipatnam (AWS004),2026-08-05T10:00:00Z,30.2,76.2,1014.59,SYNTHETIC_SIMULATION,SCN_CLEAN_BASELINE,CLEAN_NORMAL,NONE,NONE,NORMAL,0,0,,,none,Normal ambient weather telemetry with diurnal solar cycles
AWS004,Machilipatnam (AWS004),2026-08-05T11:00:00Z,32.09,71.0,1014.92,SYNTHETIC_SIMULATION,SCN_CLEAN_BASELINE,CLEAN_NORMAL,NONE,NONE,NORMAL,0,0,,,none,Normal ambient weather telemetry with diurnal solar cycles
AWS004,Machilipatnam (AWS004),2026-08-05T12:00:00Z,32.48,69.8,1014.87,SYNTHETIC_SIMULATION,SCN_CLEAN_BASELINE,CLEAN_NORMAL,NONE,NONE,NORMAL,0,0,,,none,Normal ambient weather telemetry with diurnal solar cycles
AWS004,Machilipatnam (AWS004),2026-08-05T13:00:00Z,33.29,66.3,1014.66,SYNTHETIC_SIMULATION,SCN_CLEAN_BASELINE,CLEAN_NORMAL,NONE,NONE,NORMAL,0,0,,,none,Normal ambient weather telemetry with diurnal solar cycles
AWS004,Machilipatnam (AWS004),2026-08-05T14:00:00Z,34.6,65.5,1014.24,SYNTHETIC_SIMULATION,SCN_CLEAN_BASELINE,CLEAN_NORMAL,NONE,NONE,NORMAL,0,0,,,none,Normal ambient weather telemetry with diurnal solar cycles
AWS004,Machilipatnam (AWS004),2026-08-05T15:00:00Z,33.45,64.4,1013.35,SYNTHETIC_SIMULATION,SCN_CLEAN_BASELINE,CLEAN_NORMAL,NONE,NONE,NORMAL,0,0,,,none,Normal ambient weather telemetry with diurnal solar cycles
AWS004,Machilipatnam (AWS004),2026-08-05T16:00:00Z,33.67,64.7,1012.51,SYNTHETIC_SIMULATION,SCN_CLEAN_BASELINE,CLEAN_NORMAL,NONE,NONE,NORMAL,0,0,,,none,Normal ambient weather telemetry with diurnal solar cycles
AWS004,Machilipatnam (AWS004),2026-08-05T17:00:00Z,32.76,69.0,1012.04,SYNTHETIC_SIMULATION,SCN_CLEAN_BASELINE,CLEAN_NORMAL,NONE,NONE,NORMAL,0,0,,,none,Normal ambient weather telemetry with diurnal solar cycles
AWS004,Machilipatnam (AWS004),2026-08-05T18:00:00Z,32.15,71.6,1011.99,SYNTHETIC_SIMULATION,SCN_CLEAN_BASELINE,CLEAN_NORMAL,NONE,NONE,NORMAL,0,0,,,none,Normal ambient weather telemetry with diurnal solar cycles
AWS004,Machilipatnam (AWS004),2026-08-05T19:00:00Z,31.26,73.5,1012.01,SYNTHETIC_SIMULATION,SCN_CLEAN_BASELINE,CLEAN_NORMAL,NONE,NONE,NORMAL,0,0,,,none,Normal ambient weather telemetry with diurnal solar cycles
AWS004,Machilipatnam (AWS004),2026-08-05T20:00:00Z,30.09,76.5,1011.89,SYNTHETIC_SIMULATION,SCN_CLEAN_BASELINE,CLEAN_NORMAL,NONE,NONE,NORMAL,0,0,,,none,Normal ambient weather telemetry with diurnal solar cycles
AWS004,Machilipatnam (AWS004),2026-08-05T21:00:00Z,28.06,80.1,1012.72,SYNTHETIC_SIMULATION,SCN_CLEAN_BASELINE,CLEAN_NORMAL,NONE,NONE,NORMAL,0,0,,,none,Normal ambient weather telemetry with diurnal solar cycles
AWS004,Machilipatnam (AWS004),2026-08-05T22:00:00Z,27.33,84.5,1013.55,SYNTHETIC_SIMULATION,SCN_CLEAN_BASELINE,CLEAN_NORMAL,NONE,NONE,NORMAL,0,0,,,none,Normal ambient weather telemetry with diurnal solar cycles
AWS004,Machilipatnam (AWS004),2026-08-05T23:00:00Z,25.93,87.3,1013.32,SYNTHETIC_SIMULATION,SCN_CLEAN_BASELINE,CLEAN_NORMAL,NONE,NONE,NORMAL,0,0,,,none,Normal ambient weather telemetry with diurnal solar cycles
AWS004,Machilipatnam (AWS004),2026-08-06T00:00:00Z,25.1,89.5,1014.12,SYNTHETIC_SIMULATION,SCN_CLEAN_BASELINE,CLEAN_NORMAL,NONE,NONE,NORMAL,0,0,,,none,Normal ambient weather telemetry with diurnal solar cycles
AWS004,Machilipatnam (AWS004),2026-08-06T01:00:00Z,24.58,90.7,1013.59,SYNTHETIC_SIMULATION,SCN_CLEAN_BASELINE,CLEAN_NORMAL,NONE,NONE,NORMAL,0,0,,,none,Normal ambient weather telemetry with diurnal solar cycles
AWS004,Machilipatnam (AWS004),2026-08-06T02:00:00Z,23.81,90.7,1012.84,SYNTHETIC_SIMULATION,SCN_CLEAN_BASELINE,CLEAN_NORMAL,NONE,NONE,NORMAL,0,0,,,none,Normal ambient weather telemetry with diurnal solar cycles
AWS004,Machilipatnam (AWS004),2026-08-06T03:00:00Z,24.36,91.8,1011.55,SYNTHETIC_SIMULATION,SCN_CLEAN_BASELINE,CLEAN_NORMAL,NONE,NONE,NORMAL,0,0,,,none,Normal ambient weather telemetry with diurnal solar cycles
AWS004,Machilipatnam (AWS004),2026-08-06T04:00:00Z,25.2,90.2,1011.27,SYNTHETIC_SIMULATION,SCN_CLEAN_BASELINE,CLEAN_NORMAL,NONE,NONE,NORMAL,0,0,,,none,Normal ambient weather telemetry with diurnal solar cycles
AWS004,Machilipatnam (AWS004),2026-08-06T05:00:00Z,26.28,87.1,1010.2,SYNTHETIC_SIMULATION,SCN_CLEAN_BASELINE,CLEAN_NORMAL,NONE,NONE,NORMAL,0,0,,,none,Normal ambient weather telemetry with diurnal solar cycles
AWS004,Machilipatnam (AWS004),2026-08-06T06:00:00Z,26.72,84.7,1009.97,SYNTHETIC_SIMULATION,SCN_CLEAN_BASELINE,CLEAN_NORMAL,NONE,NONE,NORMAL,0,0,,,none,Normal ambient weather telemetry with diurnal solar cycles
AWS004,Machilipatnam (AWS004),2026-08-06T07:00:00Z,27.95,80.7,1010.27,SYNTHETIC_SIMULATION,SCN_CLEAN_BASELINE,CLEAN_NORMAL,NONE,NONE,NORMAL,0,0,,,none,Normal ambient weather telemetry with diurnal solar cycles
AWS004,Machilipatnam (AWS004),2026-08-06T08:00:00Z,29.31,76.9,1010.46,SYNTHETIC_SIMULATION,SCN_CLEAN_BASELINE,CLEAN_NORMAL,NONE,NONE,NORMAL,0,0,,,none,Normal ambient weather telemetry with diurnal solar cycles
AWS004,Machilipatnam (AWS004),2026-08-06T09:00:00Z,31.66,75.3,1010.96,SYNTHETIC_SIMULATION,SCN_CLEAN_BASELINE,CLEAN_NORMAL,NONE,NONE,NORMAL,0,0,,,none,Normal ambient weather telemetry with diurnal solar cycles
AWS004,Machilipatnam (AWS004),2026-08-06T10:00:00Z,32.1,69.7,1011.7,SYNTHETIC_SIMULATION,SCN_CLEAN_BASELINE,CLEAN_NORMAL,NONE,NONE,NORMAL,0,0,,,none,Normal ambient weather telemetry with diurnal solar cycles
AWS004,Machilipatnam (AWS004),2026-08-06T11:00:00Z,33.85,68.1,1011.75,SYNTHETIC_SIMULATION,SCN_CLEAN_BASELINE,CLEAN_NORMAL,NONE,NONE,NORMAL,0,0,,,none,Normal ambient weather telemetry with diurnal solar cycles
AWS004,Machilipatnam (AWS004),2026-08-06T12:00:00Z,34.46,63.4,1011.49,SYNTHETIC_SIMULATION,SCN_CLEAN_BASELINE,CLEAN_NORMAL,NONE,NONE,NORMAL,0,0,,,none,Normal ambient weather telemetry with diurnal solar cycles
AWS004,Machilipatnam (AWS004),2026-08-06T13:00:00Z,35.51,60.2,1011.16,SYNTHETIC_SIMULATION,SCN_CLEAN_BASELINE,CLEAN_NORMAL,NONE,NONE,NORMAL,0,0,,,none,Normal ambient weather telemetry with diurnal solar cycles
AWS004,Machilipatnam (AWS004),2026-08-06T14:00:00Z,35.68,59.7,1011.11,SYNTHETIC_SIMULATION,SCN_CLEAN_BASELINE,CLEAN_NORMAL,NONE,NONE,NORMAL,0,0,,,none,Normal ambient weather telemetry with diurnal solar cycles
AWS004,Machilipatnam (AWS004),2026-08-06T15:00:00Z,36.32,60.9,1009.77,SYNTHETIC_SIMULATION,SCN_CLEAN_BASELINE,CLEAN_NORMAL,NONE,NONE,NORMAL,0,0,,,none,Normal ambient weather telemetry with diurnal solar cycles
AWS004,Machilipatnam (AWS004),2026-08-06T16:00:00Z,36.07,62.0,1009.38,SYNTHETIC_SIMULATION,SCN_CLEAN_BASELINE,CLEAN_NORMAL,NONE,NONE,NORMAL,0,0,,,none,Normal ambient weather telemetry with diurnal solar cycles
AWS004,Machilipatnam (AWS004),2026-08-06T17:00:00Z,34.74,62.5,1008.23,SYNTHETIC_SIMULATION,SCN_CLEAN_BASELINE,CLEAN_NORMAL,NONE,NONE,NORMAL,0,0,,,none,Normal ambient weather telemetry with diurnal solar cycles
AWS004,Machilipatnam (AWS004),2026-08-06T18:00:00Z,33.76,65.4,1008.09,SYNTHETIC_SIMULATION,SCN_CLEAN_BASELINE,CLEAN_NORMAL,NONE,NONE,NORMAL,0,0,,,none,Normal ambient weather telemetry with diurnal solar cycles
AWS004,Machilipatnam (AWS004),2026-08-06T19:00:00Z,32.91,68.1,1008.11,SYNTHETIC_SIMULATION,SCN_CLEAN_BASELINE,CLEAN_NORMAL,NONE,NONE,NORMAL,0,0,,,none,Normal ambient weather telemetry with diurnal solar cycles
AWS004,Machilipatnam (AWS004),2026-08-06T20:00:00Z,31.85,70.8,1008.95,SYNTHETIC_SIMULATION,SCN_CLEAN_BASELINE,CLEAN_NORMAL,NONE,NONE,NORMAL,0,0,,,none,Normal ambient weather telemetry with diurnal solar cycles
AWS004,Machilipatnam (AWS004),2026-08-06T21:00:00Z,30.46,73.0,1008.93,SYNTHETIC_SIMULATION,SCN_CLEAN_BASELINE,CLEAN_NORMAL,NONE,NONE,NORMAL,0,0,,,none,Normal ambient weather telemetry with diurnal solar cycles
AWS004,Machilipatnam (AWS004),2026-08-06T22:00:00Z,29.56,81.0,1009.49,SYNTHETIC_SIMULATION,SCN_CLEAN_BASELINE,CLEAN_NORMAL,NONE,NONE,NORMAL,0,0,,,none,Normal ambient weather telemetry with diurnal solar cycles
AWS004,Machilipatnam (AWS004),2026-08-06T23:00:00Z,28.23,80.4,1010.08,SYNTHETIC_SIMULATION,SCN_CLEAN_BASELINE,CLEAN_NORMAL,NONE,NONE,NORMAL,0,0,,,none,Normal ambient weather telemetry with diurnal solar cycles
AWS004,Machilipatnam (AWS004),2026-08-07T00:00:00Z,27.61,83.6,1010.22,SYNTHETIC_SIMULATION,SCN_CLEAN_BASELINE,CLEAN_NORMAL,NONE,NONE,NORMAL,0,0,,,none,Normal ambient weather telemetry with diurnal solar cycles
AWS004,Machilipatnam (AWS004),2026-08-07T01:00:00Z,27.51,83.3,1009.49,SYNTHETIC_SIMULATION,SCN_CLEAN_BASELINE,CLEAN_NORMAL,NONE,NONE,NORMAL,0,0,,,none,Normal ambient weather telemetry with diurnal solar cycles
AWS004,Machilipatnam (AWS004),2026-08-07T02:00:00Z,26.42,85.9,1008.93,SYNTHETIC_SIMULATION,SCN_CLEAN_BASELINE,CLEAN_NORMAL,NONE,NONE,NORMAL,0,0,,,none,Normal ambient weather telemetry with diurnal solar cycles
AWS004,Machilipatnam (AWS004),2026-08-07T03:00:00Z,26.71,84.0,1008.2,SYNTHETIC_SIMULATION,SCN_CLEAN_BASELINE,CLEAN_NORMAL,NONE,NONE,NORMAL,0,0,,,none,Normal ambient weather telemetry with diurnal solar cycles
AWS004,Machilipatnam (AWS004),2026-08-07T04:00:00Z,27.09,82.3,1007.43,SYNTHETIC_SIMULATION,SCN_CLEAN_BASELINE,CLEAN_NORMAL,NONE,NONE,NORMAL,0,0,,,none,Normal ambient weather telemetry with diurnal solar cycles
AWS004,Machilipatnam (AWS004),2026-08-07T05:00:00Z,27.76,83.8,1006.56,SYNTHETIC_SIMULATION,SCN_CLEAN_BASELINE,CLEAN_NORMAL,NONE,NONE,NORMAL,0,0,,,none,Normal ambient weather telemetry with diurnal solar cycles
AWS004,Machilipatnam (AWS004),2026-08-07T06:00:00Z,28.45,79.4,1006.54,SYNTHETIC_SIMULATION,SCN_CLEAN_BASELINE,CLEAN_NORMAL,NONE,NONE,NORMAL,0,0,,,none,Normal ambient weather telemetry with diurnal solar cycles
AWS004,Machilipatnam (AWS004),2026-08-07T07:00:00Z,29.88,75.4,1006.69,SYNTHETIC_SIMULATION,SCN_CLEAN_BASELINE,CLEAN_NORMAL,NONE,NONE,NORMAL,0,0,,,none,Normal ambient weather telemetry with diurnal solar cycles
AWS004,Machilipatnam (AWS004),2026-08-07T08:00:00Z,31.37,71.5,1007.04,SYNTHETIC_SIMULATION,SCN_CLEAN_BASELINE,CLEAN_NORMAL,NONE,NONE,NORMAL,0,0,,,none,Normal ambient weather telemetry with diurnal solar cycles
AWS004,Machilipatnam (AWS004),2026-08-07T09:00:00Z,32.97,69.2,1007.31,SYNTHETIC_SIMULATION,SCN_CLEAN_BASELINE,CLEAN_NORMAL,NONE,NONE,NORMAL,0,0,,,none,Normal ambient weather telemetry with diurnal solar cycles
AWS004,Machilipatnam (AWS004),2026-08-07T10:00:00Z,34.51,63.8,1007.77,SYNTHETIC_SIMULATION,SCN_CLEAN_BASELINE,CLEAN_NORMAL,NONE,NONE,NORMAL,0,0,,,none,Normal ambient weather telemetry with diurnal solar cycles
AWS004,Machilipatnam (AWS004),2026-08-07T11:00:00Z,35.01,62.8,1008.56,SYNTHETIC_SIMULATION,SCN_CLEAN_BASELINE,CLEAN_NORMAL,NONE,NONE,NORMAL,0,0,,,none,Normal ambient weather telemetry with diurnal solar cycles
AWS004,Machilipatnam (AWS004),2026-08-07T12:00:00Z,36.37,58.9,1008.41,SYNTHETIC_SIMULATION,SCN_CLEAN_BASELINE,CLEAN_NORMAL,NONE,NONE,NORMAL,0,0,,,none,Normal ambient weather telemetry with diurnal solar cycles
AWS004,Machilipatnam (AWS004),2026-08-07T13:00:00Z,37.29,56.8,1008.58,SYNTHETIC_SIMULATION,SCN_CLEAN_BASELINE,CLEAN_NORMAL,NONE,NONE,NORMAL,0,0,,,none,Normal ambient weather telemetry with diurnal solar cycles
AWS004,Machilipatnam (AWS004),2026-08-07T14:00:00Z,37.4,56.3,1007.86,SYNTHETIC_SIMULATION,SCN_CLEAN_BASELINE,CLEAN_NORMAL,NONE,NONE,NORMAL,0,0,,,none,Normal ambient weather telemetry with diurnal solar cycles
AWS004,Machilipatnam (AWS004),2026-08-07T15:00:00Z,37.56,54.4,1007.62,SYNTHETIC_SIMULATION,SCN_CLEAN_BASELINE,CLEAN_NORMAL,NONE,NONE,NORMAL,0,0,,,none,Normal ambient weather telemetry with diurnal solar cycles
AWS004,Machilipatnam (AWS004),2026-08-07T16:00:00Z,37.6,55.2,1006.29,SYNTHETIC_SIMULATION,SCN_CLEAN_BASELINE,CLEAN_NORMAL,NONE,NONE,NORMAL,0,0,,,none,Normal ambient weather telemetry with diurnal solar cycles
AWS004,Machilipatnam (AWS004),2026-08-07T17:00:00Z,36.41,59.5,1005.83,SYNTHETIC_SIMULATION,SCN_CLEAN_BASELINE,CLEAN_NORMAL,NONE,NONE,NORMAL,0,0,,,none,Normal ambient weather telemetry with diurnal solar cycles
AWS004,Machilipatnam (AWS004),2026-08-07T18:00:00Z,36.17,61.0,1005.66,SYNTHETIC_SIMULATION,SCN_CLEAN_BASELINE,CLEAN_NORMAL,NONE,NONE,NORMAL,0,0,,,none,Normal ambient weather telemetry with diurnal solar cycles
AWS004,Machilipatnam (AWS004),2026-08-07T19:00:00Z,34.23,63.7,1006.15,SYNTHETIC_SIMULATION,SCN_CLEAN_BASELINE,CLEAN_NORMAL,NONE,NONE,NORMAL,0,0,,,none,Normal ambient weather telemetry with diurnal solar cycles
AWS004,Machilipatnam (AWS004),2026-08-07T20:00:00Z,33.59,67.8,1006.2,SYNTHETIC_SIMULATION,SCN_CLEAN_BASELINE,CLEAN_NORMAL,NONE,NONE,NORMAL,0,0,,,none,Normal ambient weather telemetry with diurnal solar cycles
AWS004,Machilipatnam (AWS004),2026-08-07T21:00:00Z,31.98,73.5,1007.14,SYNTHETIC_SIMULATION,SCN_CLEAN_BASELINE,CLEAN_NORMAL,NONE,NONE,NORMAL,0,0,,,none,Normal ambient weather telemetry with diurnal solar cycles
AWS004,Machilipatnam (AWS004),2026-08-07T22:00:00Z,31.06,75.5,1007.53,SYNTHETIC_SIMULATION,SCN_CLEAN_BASELINE,CLEAN_NORMAL,NONE,NONE,NORMAL,0,0,,,none,Normal ambient weather telemetry with diurnal solar cycles
AWS004,Machilipatnam (AWS004),2026-08-07T23:00:00Z,29.81,75.9,1007.81,SYNTHETIC_SIMULATION,SCN_CLEAN_BASELINE,CLEAN_NORMAL,NONE,NONE,NORMAL,0,0,,,none,Normal ambient weather telemetry with diurnal solar cycles
AWS004,Machilipatnam (AWS004),2026-08-08T00:00:00Z,28.74,83.1,1008.52,SYNTHETIC_SIMULATION,SCN_CLEAN_BASELINE,CLEAN_NORMAL,NONE,NONE,NORMAL,0,0,,,none,Normal ambient weather telemetry with diurnal solar cycles
AWS004,Machilipatnam (AWS004),2026-08-08T01:00:00Z,28.27,81.7,1008.21,SYNTHETIC_SIMULATION,SCN_CLEAN_BASELINE,CLEAN_NORMAL,NONE,NONE,NORMAL,0,0,,,none,Normal ambient weather telemetry with diurnal solar cycles
AWS004,Machilipatnam (AWS004),2026-08-08T02:00:00Z,27.11,82.5,1007.76,SYNTHETIC_SIMULATION,SCN_CLEAN_BASELINE,CLEAN_NORMAL,NONE,NONE,NORMAL,0,0,,,none,Normal ambient weather telemetry with diurnal solar cycles
AWS004,Machilipatnam (AWS004),2026-08-08T03:00:00Z,27.47,83.6,1006.97,SYNTHETIC_SIMULATION,SCN_CLEAN_BASELINE,CLEAN_NORMAL,NONE,NONE,NORMAL,0,0,,,none,Normal ambient weather telemetry with diurnal solar cycles
AWS004,Machilipatnam (AWS004),2026-08-08T04:00:00Z,27.65,83.2,1006.63,SYNTHETIC_SIMULATION,SCN_CLEAN_BASELINE,CLEAN_NORMAL,NONE,NONE,NORMAL,0,0,,,none,Normal ambient weather telemetry with diurnal solar cycles
AWS004,Machilipatnam (AWS004),2026-08-08T05:00:00Z,28.45,81.8,1006.15,SYNTHETIC_SIMULATION,SCN_CLEAN_BASELINE,CLEAN_NORMAL,NONE,NONE,NORMAL,0,0,,,none,Normal ambient weather telemetry with diurnal solar cycles
AWS004,Machilipatnam (AWS004),2026-08-08T06:00:00Z,29.5,77.2,1005.94,SYNTHETIC_SIMULATION,SCN_CLEAN_BASELINE,CLEAN_NORMAL,NONE,NONE,NORMAL,0,0,,,none,Normal ambient weather telemetry with diurnal solar cycles
AWS004,Machilipatnam (AWS004),2026-08-08T07:00:00Z,30.52,76.3,1006.22,SYNTHETIC_SIMULATION,SCN_CLEAN_BASELINE,CLEAN_NORMAL,NONE,NONE,NORMAL,0,0,,,none,Normal ambient weather telemetry with diurnal solar cycles
AWS004,Machilipatnam (AWS004),2026-08-08T08:00:00Z,31.4,73.9,1007.1,SYNTHETIC_SIMULATION,SCN_CLEAN_BASELINE,CLEAN_NORMAL,NONE,NONE,NORMAL,0,0,,,none,Normal ambient weather telemetry with diurnal solar cycles
AWS004,Machilipatnam (AWS004),2026-08-08T09:00:00Z,33.02,69.0,1007.51,SYNTHETIC_SIMULATION,SCN_CLEAN_BASELINE,CLEAN_NORMAL,NONE,NONE,NORMAL,0,0,,,none,Normal ambient weather telemetry with diurnal solar cycles
AWS004,Machilipatnam (AWS004),2026-08-08T10:00:00Z,34.22,64.2,1008.39,SYNTHETIC_SIMULATION,SCN_CLEAN_BASELINE,CLEAN_NORMAL,NONE,NONE,NORMAL,0,0,,,none,Normal ambient weather telemetry with diurnal solar cycles
AWS004,Machilipatnam (AWS004),2026-08-08T11:00:00Z,34.98,60.6,1008.93,SYNTHETIC_SIMULATION,SCN_CLEAN_BASELINE,CLEAN_NORMAL,NONE,NONE,NORMAL,0,0,,,none,Normal ambient weather telemetry with diurnal solar cycles
AWS004,Machilipatnam (AWS004),2026-08-08T12:00:00Z,36.39,58.7,1009.07,SYNTHETIC_SIMULATION,SCN_CLEAN_BASELINE,CLEAN_NORMAL,NONE,NONE,NORMAL,0,0,,,none,Normal ambient weather telemetry with diurnal solar cycles
AWS004,Machilipatnam (AWS004),2026-08-08T13:00:00Z,37.0,56.6,1008.87,SYNTHETIC_SIMULATION,SCN_CLEAN_BASELINE,CLEAN_NORMAL,NONE,NONE,NORMAL,0,0,,,none,Normal ambient weather telemetry with diurnal solar cycles
AWS004,Machilipatnam (AWS004),2026-08-08T14:00:00Z,37.24,58.3,1008.22,SYNTHETIC_SIMULATION,SCN_CLEAN_BASELINE,CLEAN_NORMAL,NONE,NONE,NORMAL,0,0,,,none,Normal ambient weather telemetry with diurnal solar cycles
AWS004,Machilipatnam (AWS004),2026-08-08T15:00:00Z,36.76,58.0,1007.77,SYNTHETIC_SIMULATION,SCN_CLEAN_BASELINE,CLEAN_NORMAL,NONE,NONE,NORMAL,0,0,,,none,Normal ambient weather telemetry with diurnal solar cycles
AWS004,Machilipatnam (AWS004),2026-08-08T16:00:00Z,36.65,58.1,1007.49,SYNTHETIC_SIMULATION,SCN_CLEAN_BASELINE,CLEAN_NORMAL,NONE,NONE,NORMAL,0,0,,,none,Normal ambient weather telemetry with diurnal solar cycles
AWS004,Machilipatnam (AWS004),2026-08-08T17:00:00Z,35.34,59.4,1007.13,SYNTHETIC_SIMULATION,SCN_CLEAN_BASELINE,CLEAN_NORMAL,NONE,NONE,NORMAL,0,0,,,none,Normal ambient weather telemetry with diurnal solar cycles
AWS004,Machilipatnam (AWS004),2026-08-08T18:00:00Z,34.7,62.2,1007.27,SYNTHETIC_SIMULATION,SCN_CLEAN_BASELINE,CLEAN_NORMAL,NONE,NONE,NORMAL,0,0,,,none,Normal ambient weather telemetry with diurnal solar cycles
AWS004,Machilipatnam (AWS004),2026-08-08T19:00:00Z,33.52,68.0,1007.91,SYNTHETIC_SIMULATION,SCN_CLEAN_BASELINE,CLEAN_NORMAL,NONE,NONE,NORMAL,0,0,,,none,Normal ambient weather telemetry with diurnal solar cycles
AWS004,Machilipatnam (AWS004),2026-08-08T20:00:00Z,32.05,72.5,1008.27,SYNTHETIC_SIMULATION,SCN_CLEAN_BASELINE,CLEAN_NORMAL,NONE,NONE,NORMAL,0,0,,,none,Normal ambient weather telemetry with diurnal solar cycles
AWS004,Machilipatnam (AWS004),2026-08-08T21:00:00Z,31.5,73.9,1009.23,SYNTHETIC_SIMULATION,SCN_CLEAN_BASELINE,CLEAN_NORMAL,NONE,NONE,NORMAL,0,0,,,none,Normal ambient weather telemetry with diurnal solar cycles
AWS004,Machilipatnam (AWS004),2026-08-08T22:00:00Z,28.95,77.3,1009.85,SYNTHETIC_SIMULATION,SCN_CLEAN_BASELINE,CLEAN_NORMAL,NONE,NONE,NORMAL,0,0,,,none,Normal ambient weather telemetry with diurnal solar cycles
AWS004,Machilipatnam (AWS004),2026-08-08T23:00:00Z,27.32,82.0,1010.5,SYNTHETIC_SIMULATION,SCN_CLEAN_BASELINE,CLEAN_NORMAL,NONE,NONE,NORMAL,0,0,,,none,Normal ambient weather telemetry with diurnal solar cycles
AWS004,Machilipatnam (AWS004),2026-08-09T00:00:00Z,26.67,83.6,1010.61,SYNTHETIC_SIMULATION,SCN_CLEAN_BASELINE,CLEAN_NORMAL,NONE,NONE,NORMAL,0,0,,,none,Normal ambient weather telemetry with diurnal solar cycles
AWS004,Machilipatnam (AWS004),2026-08-09T01:00:00Z,26.09,85.4,1010.94,SYNTHETIC_SIMULATION,SCN_CLEAN_BASELINE,CLEAN_NORMAL,NONE,NONE,NORMAL,0,0,,,none,Normal ambient weather telemetry with diurnal solar cycles
AWS004,Machilipatnam (AWS004),2026-08-09T02:00:00Z,26.5,86.9,1010.7,SYNTHETIC_SIMULATION,SCN_CLEAN_BASELINE,CLEAN_NORMAL,NONE,NONE,NORMAL,0,0,,,none,Normal ambient weather telemetry with diurnal solar cycles
AWS004,Machilipatnam (AWS004),2026-08-09T03:00:00Z,25.55,88.8,1009.96,SYNTHETIC_SIMULATION,SCN_CLEAN_BASELINE,CLEAN_NORMAL,NONE,NONE,NORMAL,0,0,,,none,Normal ambient weather telemetry with diurnal solar cycles
AWS004,Machilipatnam (AWS004),2026-08-09T04:00:00Z,25.45,86.2,1009.0,SYNTHETIC_SIMULATION,SCN_CLEAN_BASELINE,CLEAN_NORMAL,NONE,NONE,NORMAL,0,0,,,none,Normal ambient weather telemetry with diurnal solar cycles
AWS004,Machilipatnam (AWS004),2026-08-09T05:00:00Z,26.72,86.0,1009.24,SYNTHETIC_SIMULATION,SCN_CLEAN_BASELINE,CLEAN_NORMAL,NONE,NONE,NORMAL,0,0,,,none,Normal ambient weather telemetry with diurnal solar cycles
AWS004,Machilipatnam (AWS004),2026-08-09T06:00:00Z,27.17,83.9,1008.98,SYNTHETIC_SIMULATION,SCN_CLEAN_BASELINE,CLEAN_NORMAL,NONE,NONE,NORMAL,0,0,,,none,Normal ambient weather telemetry with diurnal solar cycles
AWS004,Machilipatnam (AWS004),2026-08-09T07:00:00Z,28.09,78.3,1009.45,SYNTHETIC_SIMULATION,SCN_CLEAN_BASELINE,CLEAN_NORMAL,NONE,NONE,NORMAL,0,0,,,none,Normal ambient weather telemetry with diurnal solar cycles
AWS004,Machilipatnam (AWS004),2026-08-09T08:00:00Z,29.61,77.4,1010.07,SYNTHETIC_SIMULATION,SCN_CLEAN_BASELINE,CLEAN_NORMAL,NONE,NONE,NORMAL,0,0,,,none,Normal ambient weather telemetry with diurnal solar cycles
AWS004,Machilipatnam (AWS004),2026-08-09T09:00:00Z,31.56,73.7,1011.02,SYNTHETIC_SIMULATION,SCN_CLEAN_BASELINE,CLEAN_NORMAL,NONE,NONE,NORMAL,0,0,,,none,Normal ambient weather telemetry with diurnal solar cycles
AWS004,Machilipatnam (AWS004),2026-08-09T10:00:00Z,31.67,72.4,1011.97,SYNTHETIC_SIMULATION,SCN_CLEAN_BASELINE,CLEAN_NORMAL,NONE,NONE,NORMAL,0,0,,,none,Normal ambient weather telemetry with diurnal solar cycles
AWS004,Machilipatnam (AWS004),2026-08-09T11:00:00Z,33.25,66.6,1012.43,SYNTHETIC_SIMULATION,SCN_CLEAN_BASELINE,CLEAN_NORMAL,NONE,NONE,NORMAL,0,0,,,none,Normal ambient weather telemetry with diurnal solar cycles
AWS004,Machilipatnam (AWS004),2026-08-09T12:00:00Z,33.53,68.1,1012.96,SYNTHETIC_SIMULATION,SCN_CLEAN_BASELINE,CLEAN_NORMAL,NONE,NONE,NORMAL,0,0,,,none,Normal ambient weather telemetry with diurnal solar cycles
AWS004,Machilipatnam (AWS004),2026-08-09T13:00:00Z,33.89,64.4,1012.96,SYNTHETIC_SIMULATION,SCN_CLEAN_BASELINE,CLEAN_NORMAL,NONE,NONE,NORMAL,0,0,,,none,Normal ambient weather telemetry with diurnal solar cycles
AWS004,Machilipatnam (AWS004),2026-08-09T14:00:00Z,34.42,64.4,1012.42,SYNTHETIC_SIMULATION,SCN_CLEAN_BASELINE,CLEAN_NORMAL,NONE,NONE,NORMAL,0,0,,,none,Normal ambient weather telemetry with diurnal solar cycles
AWS004,Machilipatnam (AWS004),2026-08-09T15:00:00Z,34.41,62.1,1011.8,SYNTHETIC_SIMULATION,SCN_CLEAN_BASELINE,CLEAN_NORMAL,NONE,NONE,NORMAL,0,0,,,none,Normal ambient weather telemetry with diurnal solar cycles
AWS004,Machilipatnam (AWS004),2026-08-09T16:00:00Z,34.12,64.0,1011.51,SYNTHETIC_SIMULATION,SCN_CLEAN_BASELINE,CLEAN_NORMAL,NONE,NONE,NORMAL,0,0,,,none,Normal ambient weather telemetry with diurnal solar cycles
AWS004,Machilipatnam (AWS004),2026-08-09T17:00:00Z,33.61,64.8,1010.94,SYNTHETIC_SIMULATION,SCN_CLEAN_BASELINE,CLEAN_NORMAL,NONE,NONE,NORMAL,0,0,,,none,Normal ambient weather telemetry with diurnal solar cycles
AWS004,Machilipatnam (AWS004),2026-08-09T18:00:00Z,32.45,70.9,1011.25,SYNTHETIC_SIMULATION,SCN_CLEAN_BASELINE,CLEAN_NORMAL,NONE,NONE,NORMAL,0,0,,,none,Normal ambient weather telemetry with diurnal solar cycles
AWS004,Machilipatnam (AWS004),2026-08-09T19:00:00Z,31.57,72.9,1011.5,SYNTHETIC_SIMULATION,SCN_CLEAN_BASELINE,CLEAN_NORMAL,NONE,NONE,NORMAL,0,0,,,none,Normal ambient weather telemetry with diurnal solar cycles
AWS004,Machilipatnam (AWS004),2026-08-09T20:00:00Z,30.91,77.3,1012.15,SYNTHETIC_SIMULATION,SCN_CLEAN_BASELINE,CLEAN_NORMAL,NONE,NONE,NORMAL,0,0,,,none,Normal ambient weather telemetry with diurnal solar cycles
AWS004,Machilipatnam (AWS004),2026-08-09T21:00:00Z,27.93,80.8,1012.68,SYNTHETIC_SIMULATION,SCN_CLEAN_BASELINE,CLEAN_NORMAL,NONE,NONE,NORMAL,0,0,,,none,Normal ambient weather telemetry with diurnal solar cycles
AWS004,Machilipatnam (AWS004),2026-08-09T22:00:00Z,26.46,84.0,1013.2,SYNTHETIC_SIMULATION,SCN_CLEAN_BASELINE,CLEAN_NORMAL,NONE,NONE,NORMAL,0,0,,,none,Normal ambient weather telemetry with diurnal solar cycles
AWS004,Machilipatnam (AWS004),2026-08-09T23:00:00Z,25.77,87.1,1014.18,SYNTHETIC_SIMULATION,SCN_CLEAN_BASELINE,CLEAN_NORMAL,NONE,NONE,NORMAL,0,0,,,none,Normal ambient weather telemetry with diurnal solar cycles
AWS004,Machilipatnam (AWS004),2026-08-10T00:00:00Z,24.69,92.9,1014.46,SYNTHETIC_SIMULATION,SCN_CLEAN_BASELINE,CLEAN_NORMAL,NONE,NONE,NORMAL,0,0,,,none,Normal ambient weather telemetry with diurnal solar cycles
AWS004,Machilipatnam (AWS004),2026-08-10T01:00:00Z,23.32,90.3,1014.68,SYNTHETIC_SIMULATION,SCN_CLEAN_BASELINE,CLEAN_NORMAL,NONE,NONE,NORMAL,0,0,,,none,Normal ambient weather telemetry with diurnal solar cycles
AWS004,Machilipatnam (AWS004),2026-08-10T02:00:00Z,23.71,92.2,1014.25,SYNTHETIC_SIMULATION,SCN_CLEAN_BASELINE,CLEAN_NORMAL,NONE,NONE,NORMAL,0,0,,,none,Normal ambient weather telemetry with diurnal solar cycles
AWS004,Machilipatnam (AWS004),2026-08-10T03:00:00Z,24.02,93.5,1013.44,SYNTHETIC_SIMULATION,SCN_CLEAN_BASELINE,CLEAN_NORMAL,NONE,NONE,NORMAL,0,0,,,none,Normal ambient weather telemetry with diurnal solar cycles
AWS004,Machilipatnam (AWS004),2026-08-10T04:00:00Z,23.71,93.2,1013.09,SYNTHETIC_SIMULATION,SCN_CLEAN_BASELINE,CLEAN_NORMAL,NONE,NONE,NORMAL,0,0,,,none,Normal ambient weather telemetry with diurnal solar cycles
AWS004,Machilipatnam (AWS004),2026-08-10T05:00:00Z,24.19,91.1,1012.8,SYNTHETIC_SIMULATION,SCN_CLEAN_BASELINE,CLEAN_NORMAL,NONE,NONE,NORMAL,0,0,,,none,Normal ambient weather telemetry with diurnal solar cycles
AWS004,Machilipatnam (AWS004),2026-08-10T06:00:00Z,25.21,88.6,1012.03,SYNTHETIC_SIMULATION,SCN_CLEAN_BASELINE,CLEAN_NORMAL,NONE,NONE,NORMAL,0,0,,,none,Normal ambient weather telemetry with diurnal solar cycles
AWS004,Machilipatnam (AWS004),2026-08-10T07:00:00Z,26.96,86.3,1012.37,SYNTHETIC_SIMULATION,SCN_CLEAN_BASELINE,CLEAN_NORMAL,NONE,NONE,NORMAL,0,0,,,none,Normal ambient weather telemetry with diurnal solar cycles
AWS004,Machilipatnam (AWS004),2026-08-10T08:00:00Z,27.88,82.5,1013.13,SYNTHETIC_SIMULATION,SCN_CLEAN_BASELINE,CLEAN_NORMAL,NONE,NONE,NORMAL,0,0,,,none,Normal ambient weather telemetry with diurnal solar cycles
AWS004,Machilipatnam (AWS004),2026-08-10T09:00:00Z,28.91,76.5,1014.09,SYNTHETIC_SIMULATION,SCN_CLEAN_BASELINE,CLEAN_NORMAL,NONE,NONE,NORMAL,0,0,,,none,Normal ambient weather telemetry with diurnal solar cycles
AWS004,Machilipatnam (AWS004),2026-08-10T10:00:00Z,30.47,76.2,1014.73,SYNTHETIC_SIMULATION,SCN_CLEAN_BASELINE,CLEAN_NORMAL,NONE,NONE,NORMAL,0,0,,,none,Normal ambient weather telemetry with diurnal solar cycles
AWS004,Machilipatnam (AWS004),2026-08-10T11:00:00Z,31.46,73.0,1014.91,SYNTHETIC_SIMULATION,SCN_CLEAN_BASELINE,CLEAN_NORMAL,NONE,NONE,NORMAL,0,0,,,none,Normal ambient weather telemetry with diurnal solar cycles
AWS004,Machilipatnam (AWS004),2026-08-10T12:00:00Z,32.7,68.5,1015.33,SYNTHETIC_SIMULATION,SCN_CLEAN_BASELINE,CLEAN_NORMAL,NONE,NONE,NORMAL,0,0,,,none,Normal ambient weather telemetry with diurnal solar cycles
AWS004,Machilipatnam (AWS004),2026-08-10T13:00:00Z,33.38,67.0,1014.87,SYNTHETIC_SIMULATION,SCN_CLEAN_BASELINE,CLEAN_NORMAL,NONE,NONE,NORMAL,0,0,,,none,Normal ambient weather telemetry with diurnal solar cycles
AWS004,Machilipatnam (AWS004),2026-08-10T14:00:00Z,33.08,67.5,1014.48,SYNTHETIC_SIMULATION,SCN_CLEAN_BASELINE,CLEAN_NORMAL,NONE,NONE,NORMAL,0,0,,,none,Normal ambient weather telemetry with diurnal solar cycles
AWS004,Machilipatnam (AWS004),2026-08-10T15:00:00Z,33.09,67.1,1013.72,SYNTHETIC_SIMULATION,SCN_CLEAN_BASELINE,CLEAN_NORMAL,NONE,NONE,NORMAL,0,0,,,none,Normal ambient weather telemetry with diurnal solar cycles
AWS004,Machilipatnam (AWS004),2026-08-10T16:00:00Z,31.92,66.3,1013.62,SYNTHETIC_SIMULATION,SCN_CLEAN_BASELINE,CLEAN_NORMAL,NONE,NONE,NORMAL,0,0,,,none,Normal ambient weather telemetry with diurnal solar cycles
AWS004,Machilipatnam (AWS004),2026-08-10T17:00:00Z,32.27,69.4,1012.88,SYNTHETIC_SIMULATION,SCN_CLEAN_BASELINE,CLEAN_NORMAL,NONE,NONE,NORMAL,0,0,,,none,Normal ambient weather telemetry with diurnal solar cycles
AWS004,Machilipatnam (AWS004),2026-08-10T18:00:00Z,31.4,71.6,1012.87,SYNTHETIC_SIMULATION,SCN_CLEAN_BASELINE,CLEAN_NORMAL,NONE,NONE,NORMAL,0,0,,,none,Normal ambient weather telemetry with diurnal solar cycles
AWS004,Machilipatnam (AWS004),2026-08-10T19:00:00Z,30.24,77.5,1012.71,SYNTHETIC_SIMULATION,SCN_CLEAN_BASELINE,CLEAN_NORMAL,NONE,NONE,NORMAL,0,0,,,none,Normal ambient weather telemetry with diurnal solar cycles
AWS004,Machilipatnam (AWS004),2026-08-10T20:00:00Z,28.78,78.8,1013.23,SYNTHETIC_SIMULATION,SCN_CLEAN_BASELINE,CLEAN_NORMAL,NONE,NONE,NORMAL,0,0,,,none,Normal ambient weather telemetry with diurnal solar cycles
AWS004,Machilipatnam (AWS004),2026-08-10T21:00:00Z,27.52,85.0,1013.72,SYNTHETIC_SIMULATION,SCN_CLEAN_BASELINE,CLEAN_NORMAL,NONE,NONE,NORMAL,0,0,,,none,Normal ambient weather telemetry with diurnal solar cycles
AWS004,Machilipatnam (AWS004),2026-08-10T22:00:00Z,26.13,86.7,1014.41,SYNTHETIC_SIMULATION,SCN_CLEAN_BASELINE,CLEAN_NORMAL,NONE,NONE,NORMAL,0,0,,,none,Normal ambient weather telemetry with diurnal solar cycles
AWS004,Machilipatnam (AWS004),2026-08-10T23:00:00Z,25.06,89.6,1014.75,SYNTHETIC_SIMULATION,SCN_CLEAN_BASELINE,CLEAN_NORMAL,NONE,NONE,NORMAL,0,0,,,none,Normal ambient weather telemetry with diurnal solar cycles
AWS004,Machilipatnam (AWS004),2026-08-11T00:00:00Z,24.53,92.7,1014.95,SYNTHETIC_SIMULATION,SCN_CLEAN_BASELINE,CLEAN_NORMAL,NONE,NONE,NORMAL,0,0,,,none,Normal ambient weather telemetry with diurnal solar cycles
AWS004,Machilipatnam (AWS004),2026-08-11T01:00:00Z,24.07,92.7,1014.68,SYNTHETIC_SIMULATION,SCN_CLEAN_BASELINE,CLEAN_NORMAL,NONE,NONE,NORMAL,0,0,,,none,Normal ambient weather telemetry with diurnal solar cycles
AWS004,Machilipatnam (AWS004),2026-08-11T02:00:00Z,23.63,93.7,1014.27,SYNTHETIC_SIMULATION,SCN_CLEAN_BASELINE,CLEAN_NORMAL,NONE,NONE,NORMAL,0,0,,,none,Normal ambient weather telemetry with diurnal solar cycles
AWS004,Machilipatnam (AWS004),2026-08-11T03:00:00Z,23.45,94.1,1013.71,SYNTHETIC_SIMULATION,SCN_CLEAN_BASELINE,CLEAN_NORMAL,NONE,NONE,NORMAL,0,0,,,none,Normal ambient weather telemetry with diurnal solar cycles
AWS004,Machilipatnam (AWS004),2026-08-11T04:00:00Z,23.63,90.9,1012.77,SYNTHETIC_SIMULATION,SCN_CLEAN_BASELINE,CLEAN_NORMAL,NONE,NONE,NORMAL,0,0,,,none,Normal ambient weather telemetry with diurnal solar cycles
AWS004,Machilipatnam (AWS004),2026-08-11T05:00:00Z,24.29,92.1,1012.37,SYNTHETIC_SIMULATION,SCN_CLEAN_BASELINE,CLEAN_NORMAL,NONE,NONE,NORMAL,0,0,,,none,Normal ambient weather telemetry with diurnal solar cycles
AWS004,Machilipatnam (AWS004),2026-08-11T06:00:00Z,25.57,87.7,1011.96,SYNTHETIC_SIMULATION,SCN_CLEAN_BASELINE,CLEAN_NORMAL,NONE,NONE,NORMAL,0,0,,,none,Normal ambient weather telemetry with diurnal solar cycles
AWS004,Machilipatnam (AWS004),2026-08-11T07:00:00Z,27.49,82.0,1011.96,SYNTHETIC_SIMULATION,SCN_CLEAN_BASELINE,CLEAN_NORMAL,NONE,NONE,NORMAL,0,0,,,none,Normal ambient weather telemetry with diurnal solar cycles
AWS004,Machilipatnam (AWS004),2026-08-11T08:00:00Z,28.89,79.1,1011.96,SYNTHETIC_SIMULATION,SCN_CLEAN_BASELINE,CLEAN_NORMAL,NONE,NONE,NORMAL,0,0,,,none,Normal ambient weather telemetry with diurnal solar cycles
AWS004,Machilipatnam (AWS004),2026-08-11T09:00:00Z,29.32,76.4,1012.69,SYNTHETIC_SIMULATION,SCN_CLEAN_BASELINE,CLEAN_NORMAL,NONE,NONE,NORMAL,0,0,,,none,Normal ambient weather telemetry with diurnal solar cycles
AWS004,Machilipatnam (AWS004),2026-08-11T10:00:00Z,31.15,73.5,1013.16,SYNTHETIC_SIMULATION,SCN_CLEAN_BASELINE,CLEAN_NORMAL,NONE,NONE,NORMAL,0,0,,,none,Normal ambient weather telemetry with diurnal solar cycles
AWS004,Machilipatnam (AWS004),2026-08-11T11:00:00Z,32.72,68.6,1013.86,SYNTHETIC_SIMULATION,SCN_CLEAN_BASELINE,CLEAN_NORMAL,NONE,NONE,NORMAL,0,0,,,none,Normal ambient weather telemetry with diurnal solar cycles
AWS004,Machilipatnam (AWS004),2026-08-11T12:00:00Z,33.68,67.3,1013.51,SYNTHETIC_SIMULATION,SCN_CLEAN_BASELINE,CLEAN_NORMAL,NONE,NONE,NORMAL,0,0,,,none,Normal ambient weather telemetry with diurnal solar cycles
AWS004,Machilipatnam (AWS004),2026-08-11T13:00:00Z,34.28,64.6,1012.87,SYNTHETIC_SIMULATION,SCN_CLEAN_BASELINE,CLEAN_NORMAL,NONE,NONE,NORMAL,0,0,,,none,Normal ambient weather telemetry with diurnal solar cycles
AWS004,Machilipatnam (AWS004),2026-08-11T14:00:00Z,34.4,64.6,1012.87,SYNTHETIC_SIMULATION,SCN_CLEAN_BASELINE,CLEAN_NORMAL,NONE,NONE,NORMAL,0,0,,,none,Normal ambient weather telemetry with diurnal solar cycles
AWS004,Machilipatnam (AWS004),2026-08-11T15:00:00Z,34.78,61.9,1012.02,SYNTHETIC_SIMULATION,SCN_CLEAN_BASELINE,CLEAN_NORMAL,NONE,NONE,NORMAL,0,0,,,none,Normal ambient weather telemetry with diurnal solar cycles
AWS004,Machilipatnam (AWS004),2026-08-11T16:00:00Z,34.41,62.3,1010.72,SYNTHETIC_SIMULATION,SCN_CLEAN_BASELINE,CLEAN_NORMAL,NONE,NONE,NORMAL,0,0,,,none,Normal ambient weather telemetry with diurnal solar cycles
AWS004,Machilipatnam (AWS004),2026-08-11T17:00:00Z,33.25,65.0,1010.79,SYNTHETIC_SIMULATION,SCN_CLEAN_BASELINE,CLEAN_NORMAL,NONE,NONE,NORMAL,0,0,,,none,Normal ambient weather telemetry with diurnal solar cycles
AWS004,Machilipatnam (AWS004),2026-08-11T18:00:00Z,33.03,68.8,1010.18,SYNTHETIC_SIMULATION,SCN_CLEAN_BASELINE,CLEAN_NORMAL,NONE,NONE,NORMAL,0,0,,,none,Normal ambient weather telemetry with diurnal solar cycles
AWS004,Machilipatnam (AWS004),2026-08-11T19:00:00Z,32.24,69.4,1010.43,SYNTHETIC_SIMULATION,SCN_CLEAN_BASELINE,CLEAN_NORMAL,NONE,NONE,NORMAL,0,0,,,none,Normal ambient weather telemetry with diurnal solar cycles
AWS004,Machilipatnam (AWS004),2026-08-11T20:00:00Z,30.94,73.9,1010.59,SYNTHETIC_SIMULATION,SCN_CLEAN_BASELINE,CLEAN_NORMAL,NONE,NONE,NORMAL,0,0,,,none,Normal ambient weather telemetry with diurnal solar cycles
AWS004,Machilipatnam (AWS004),2026-08-11T21:00:00Z,29.64,77.7,1011.18,SYNTHETIC_SIMULATION,SCN_CLEAN_BASELINE,CLEAN_NORMAL,NONE,NONE,NORMAL,0,0,,,none,Normal ambient weather telemetry with diurnal solar cycles
AWS004,Machilipatnam (AWS004),2026-08-11T22:00:00Z,27.96,81.7,1012.09,SYNTHETIC_SIMULATION,SCN_CLEAN_BASELINE,CLEAN_NORMAL,NONE,NONE,NORMAL,0,0,,,none,Normal ambient weather telemetry with diurnal solar cycles
AWS004,Machilipatnam (AWS004),2026-08-11T23:00:00Z,27.39,82.6,1011.68,SYNTHETIC_SIMULATION,SCN_CLEAN_BASELINE,CLEAN_NORMAL,NONE,NONE,NORMAL,0,0,,,none,Normal ambient weather telemetry with diurnal solar cycles
AWS004,Machilipatnam (AWS004),2026-08-12T00:00:00Z,25.99,86.0,1011.95,SYNTHETIC_SIMULATION,SCN_CLEAN_BASELINE,CLEAN_NORMAL,NONE,NONE,NORMAL,0,0,,,none,Normal ambient weather telemetry with diurnal solar cycles
AWS004,Machilipatnam (AWS004),2026-08-12T01:00:00Z,25.72,88.3,1011.44,SYNTHETIC_SIMULATION,SCN_CLEAN_BASELINE,CLEAN_NORMAL,NONE,NONE,NORMAL,0,0,,,none,Normal ambient weather telemetry with diurnal solar cycles
AWS004,Machilipatnam (AWS004),2026-08-12T02:00:00Z,25.37,89.7,1010.92,SYNTHETIC_SIMULATION,SCN_CLEAN_BASELINE,CLEAN_NORMAL,NONE,NONE,NORMAL,0,0,,,none,Normal ambient weather telemetry with diurnal solar cycles
AWS004,Machilipatnam (AWS004),2026-08-12T03:00:00Z,25.21,88.9,1009.74,SYNTHETIC_SIMULATION,SCN_CLEAN_BASELINE,CLEAN_NORMAL,NONE,NONE,NORMAL,0,0,,,none,Normal ambient weather telemetry with diurnal solar cycles
AWS004,Machilipatnam (AWS004),2026-08-12T04:00:00Z,26.25,86.8,1009.24,SYNTHETIC_SIMULATION,SCN_CLEAN_BASELINE,CLEAN_NORMAL,NONE,NONE,NORMAL,0,0,,,none,Normal ambient weather telemetry with diurnal solar cycles
AWS004,Machilipatnam (AWS004),2026-08-12T05:00:00Z,27.09,85.5,1008.27,SYNTHETIC_SIMULATION,SCN_CLEAN_BASELINE,CLEAN_NORMAL,NONE,NONE,NORMAL,0,0,,,none,Normal ambient weather telemetry with diurnal solar cycles
AWS004,Machilipatnam (AWS004),2026-08-12T06:00:00Z,27.81,83.9,1008.59,SYNTHETIC_SIMULATION,SCN_CLEAN_BASELINE,CLEAN_NORMAL,NONE,NONE,NORMAL,0,0,,,none,Normal ambient weather telemetry with diurnal solar cycles
AWS004,Machilipatnam (AWS004),2026-08-12T07:00:00Z,29.02,79.4,1008.32,SYNTHETIC_SIMULATION,SCN_CLEAN_BASELINE,CLEAN_NORMAL,NONE,NONE,NORMAL,0,0,,,none,Normal ambient weather telemetry with diurnal solar cycles
AWS004,Machilipatnam (AWS004),2026-08-12T08:00:00Z,30.4,74.2,1008.8,SYNTHETIC_SIMULATION,SCN_CLEAN_BASELINE,CLEAN_NORMAL,NONE,NONE,NORMAL,0,0,,,none,Normal ambient weather telemetry with diurnal solar cycles
AWS004,Machilipatnam (AWS004),2026-08-12T09:00:00Z,32.21,73.0,1008.98,SYNTHETIC_SIMULATION,SCN_CLEAN_BASELINE,CLEAN_NORMAL,NONE,NONE,NORMAL,0,0,,,none,Normal ambient weather telemetry with diurnal solar cycles
AWS004,Machilipatnam (AWS004),2026-08-12T10:00:00Z,33.4,68.0,1009.65,SYNTHETIC_SIMULATION,SCN_CLEAN_BASELINE,CLEAN_NORMAL,NONE,NONE,NORMAL,0,0,,,none,Normal ambient weather telemetry with diurnal solar cycles
AWS004,Machilipatnam (AWS004),2026-08-12T11:00:00Z,34.44,65.6,1009.88,SYNTHETIC_SIMULATION,SCN_CLEAN_BASELINE,CLEAN_NORMAL,NONE,NONE,NORMAL,0,0,,,none,Normal ambient weather telemetry with diurnal solar cycles
AWS004,Machilipatnam (AWS004),2026-08-12T12:00:00Z,35.89,59.0,1010.04,SYNTHETIC_SIMULATION,SCN_CLEAN_BASELINE,CLEAN_NORMAL,NONE,NONE,NORMAL,0,0,,,none,Normal ambient weather telemetry with diurnal solar cycles
AWS004,Machilipatnam (AWS004),2026-08-12T13:00:00Z,36.04,57.7,1009.78,SYNTHETIC_SIMULATION,SCN_CLEAN_BASELINE,CLEAN_NORMAL,NONE,NONE,NORMAL,0,0,,,none,Normal ambient weather telemetry with diurnal solar cycles
AWS004,Machilipatnam (AWS004),2026-08-12T14:00:00Z,37.4,57.9,1008.77,SYNTHETIC_SIMULATION,SCN_CLEAN_BASELINE,CLEAN_NORMAL,NONE,NONE,NORMAL,0,0,,,none,Normal ambient weather telemetry with diurnal solar cycles
AWS004,Machilipatnam (AWS004),2026-08-12T15:00:00Z,37.06,57.4,1008.13,SYNTHETIC_SIMULATION,SCN_CLEAN_BASELINE,CLEAN_NORMAL,NONE,NONE,NORMAL,0,0,,,none,Normal ambient weather telemetry with diurnal solar cycles
AWS004,Machilipatnam (AWS004),2026-08-12T16:00:00Z,37.01,59.0,1007.56,SYNTHETIC_SIMULATION,SCN_CLEAN_BASELINE,CLEAN_NORMAL,NONE,NONE,NORMAL,0,0,,,none,Normal ambient weather telemetry with diurnal solar cycles
AWS004,Machilipatnam (AWS004),2026-08-12T17:00:00Z,36.34,61.7,1006.59,SYNTHETIC_SIMULATION,SCN_CLEAN_BASELINE,CLEAN_NORMAL,NONE,NONE,NORMAL,0,0,,,none,Normal ambient weather telemetry with diurnal solar cycles
AWS004,Machilipatnam (AWS004),2026-08-12T18:00:00Z,35.34,63.5,1006.23,SYNTHETIC_SIMULATION,SCN_CLEAN_BASELINE,CLEAN_NORMAL,NONE,NONE,NORMAL,0,0,,,none,Normal ambient weather telemetry with diurnal solar cycles
AWS004,Machilipatnam (AWS004),2026-08-12T19:00:00Z,33.66,66.0,1006.62,SYNTHETIC_SIMULATION,SCN_CLEAN_BASELINE,CLEAN_NORMAL,NONE,NONE,NORMAL,0,0,,,none,Normal ambient weather telemetry with diurnal solar cycles
AWS004,Machilipatnam (AWS004),2026-08-12T20:00:00Z,32.91,72.6,1007.13,SYNTHETIC_SIMULATION,SCN_CLEAN_BASELINE,CLEAN_NORMAL,NONE,NONE,NORMAL,0,0,,,none,Normal ambient weather telemetry with diurnal solar cycles
AWS004,Machilipatnam (AWS004),2026-08-12T21:00:00Z,32.38,74.9,1007.5,SYNTHETIC_SIMULATION,SCN_CLEAN_BASELINE,CLEAN_NORMAL,NONE,NONE,NORMAL,0,0,,,none,Normal ambient weather telemetry with diurnal solar cycles
AWS004,Machilipatnam (AWS004),2026-08-12T22:00:00Z,30.39,76.1,1008.26,SYNTHETIC_SIMULATION,SCN_CLEAN_BASELINE,CLEAN_NORMAL,NONE,NONE,NORMAL,0,0,,,none,Normal ambient weather telemetry with diurnal solar cycles
AWS004,Machilipatnam (AWS004),2026-08-12T23:00:00Z,30.06,77.9,1008.48,SYNTHETIC_SIMULATION,SCN_CLEAN_BASELINE,CLEAN_NORMAL,NONE,NONE,NORMAL,0,0,,,none,Normal ambient weather telemetry with diurnal solar cycles
AWS004,Machilipatnam (AWS004),2026-08-13T00:00:00Z,28.84,81.8,1008.73,SYNTHETIC_SIMULATION,SCN_CLEAN_BASELINE,CLEAN_NORMAL,NONE,NONE,NORMAL,0,0,,,none,Normal ambient weather telemetry with diurnal solar cycles
AWS004,Machilipatnam (AWS004),2026-08-13T01:00:00Z,28.09,83.9,1008.64,SYNTHETIC_SIMULATION,SCN_CLEAN_BASELINE,CLEAN_NORMAL,NONE,NONE,NORMAL,0,0,,,none,Normal ambient weather telemetry with diurnal solar cycles
AWS004,Machilipatnam (AWS004),2026-08-13T02:00:00Z,27.12,85.6,1007.72,SYNTHETIC_SIMULATION,SCN_CLEAN_BASELINE,CLEAN_NORMAL,NONE,NONE,NORMAL,0,0,,,none,Normal ambient weather telemetry with diurnal solar cycles
AWS004,Machilipatnam (AWS004),2026-08-13T03:00:00Z,26.72,84.1,1007.21,SYNTHETIC_SIMULATION,SCN_CLEAN_BASELINE,CLEAN_NORMAL,NONE,NONE,NORMAL,0,0,,,none,Normal ambient weather telemetry with diurnal solar cycles
AWS004,Machilipatnam (AWS004),2026-08-13T04:00:00Z,27.92,82.0,1006.69,SYNTHETIC_SIMULATION,SCN_CLEAN_BASELINE,CLEAN_NORMAL,NONE,NONE,NORMAL,0,0,,,none,Normal ambient weather telemetry with diurnal solar cycles
AWS004,Machilipatnam (AWS004),2026-08-13T05:00:00Z,28.89,78.8,1005.79,SYNTHETIC_SIMULATION,SCN_CLEAN_BASELINE,CLEAN_NORMAL,NONE,NONE,NORMAL,0,0,,,none,Normal ambient weather telemetry with diurnal solar cycles
AWS004,Machilipatnam (AWS004),2026-08-13T06:00:00Z,29.76,78.2,1005.67,SYNTHETIC_SIMULATION,SCN_CLEAN_BASELINE,CLEAN_NORMAL,NONE,NONE,NORMAL,0,0,,,none,Normal ambient weather telemetry with diurnal solar cycles
AWS004,Machilipatnam (AWS004),2026-08-13T07:00:00Z,30.67,76.4,1005.67,SYNTHETIC_SIMULATION,SCN_CLEAN_BASELINE,CLEAN_NORMAL,NONE,NONE,NORMAL,0,0,,,none,Normal ambient weather telemetry with diurnal solar cycles
AWS004,Machilipatnam (AWS004),2026-08-13T08:00:00Z,32.81,72.7,1006.07,SYNTHETIC_SIMULATION,SCN_CLEAN_BASELINE,CLEAN_NORMAL,NONE,NONE,NORMAL,0,0,,,none,Normal ambient weather telemetry with diurnal solar cycles
AWS004,Machilipatnam (AWS004),2026-08-13T09:00:00Z,32.89,67.6,1006.97,SYNTHETIC_SIMULATION,SCN_CLEAN_BASELINE,CLEAN_NORMAL,NONE,NONE,NORMAL,0,0,,,none,Normal ambient weather telemetry with diurnal solar cycles
AWS004,Machilipatnam (AWS004),2026-08-13T10:00:00Z,35.04,63.7,1007.37,SYNTHETIC_SIMULATION,SCN_CLEAN_BASELINE,CLEAN_NORMAL,NONE,NONE,NORMAL,0,0,,,none,Normal ambient weather telemetry with diurnal solar cycles
AWS004,Machilipatnam (AWS004),2026-08-13T11:00:00Z,36.78,63.4,1008.01,SYNTHETIC_SIMULATION,SCN_CLEAN_BASELINE,CLEAN_NORMAL,NONE,NONE,NORMAL,0,0,,,none,Normal ambient weather telemetry with diurnal solar cycles
AWS004,Machilipatnam (AWS004),2026-08-13T12:00:00Z,36.43,57.2,1007.97,SYNTHETIC_SIMULATION,SCN_CLEAN_BASELINE,CLEAN_NORMAL,NONE,NONE,NORMAL,0,0,,,none,Normal ambient weather telemetry with diurnal solar cycles
AWS004,Machilipatnam (AWS004),2026-08-13T13:00:00Z,37.19,56.7,1008.04,SYNTHETIC_SIMULATION,SCN_CLEAN_BASELINE,CLEAN_NORMAL,NONE,NONE,NORMAL,0,0,,,none,Normal ambient weather telemetry with diurnal solar cycles
AWS004,Machilipatnam (AWS004),2026-08-13T14:00:00Z,37.85,56.6,1007.74,SYNTHETIC_SIMULATION,SCN_CLEAN_BASELINE,CLEAN_NORMAL,NONE,NONE,NORMAL,0,0,,,none,Normal ambient weather telemetry with diurnal solar cycles
AWS004,Machilipatnam (AWS004),2026-08-13T15:00:00Z,37.45,56.6,1007.07,SYNTHETIC_SIMULATION,SCN_CLEAN_BASELINE,CLEAN_NORMAL,NONE,NONE,NORMAL,0,0,,,none,Normal ambient weather telemetry with diurnal solar cycles
AWS004,Machilipatnam (AWS004),2026-08-13T16:00:00Z,37.02,54.8,1006.61,SYNTHETIC_SIMULATION,SCN_CLEAN_BASELINE,CLEAN_NORMAL,NONE,NONE,NORMAL,0,0,,,none,Normal ambient weather telemetry with diurnal solar cycles
AWS004,Machilipatnam (AWS004),2026-08-13T17:00:00Z,36.59,57.6,1006.31,SYNTHETIC_SIMULATION,SCN_CLEAN_BASELINE,CLEAN_NORMAL,NONE,NONE,NORMAL,0,0,,,none,Normal ambient weather telemetry with diurnal solar cycles
AWS004,Machilipatnam (AWS004),2026-08-13T18:00:00Z,35.82,59.7,1005.77,SYNTHETIC_SIMULATION,SCN_CLEAN_BASELINE,CLEAN_NORMAL,NONE,NONE,NORMAL,0,0,,,none,Normal ambient weather telemetry with diurnal solar cycles
AWS004,Machilipatnam (AWS004),2026-08-13T19:00:00Z,34.23,64.0,1005.85,SYNTHETIC_SIMULATION,SCN_CLEAN_BASELINE,CLEAN_NORMAL,NONE,NONE,NORMAL,0,0,,,none,Normal ambient weather telemetry with diurnal solar cycles
AWS004,Machilipatnam (AWS004),2026-08-13T20:00:00Z,33.33,67.8,1006.54,SYNTHETIC_SIMULATION,SCN_CLEAN_BASELINE,CLEAN_NORMAL,NONE,NONE,NORMAL,0,0,,,none,Normal ambient weather telemetry with diurnal solar cycles
AWS004,Machilipatnam (AWS004),2026-08-13T21:00:00Z,31.51,72.5,1007.55,SYNTHETIC_SIMULATION,SCN_CLEAN_BASELINE,CLEAN_NORMAL,NONE,NONE,NORMAL,0,0,,,none,Normal ambient weather telemetry with diurnal solar cycles
AWS004,Machilipatnam (AWS004),2026-08-13T22:00:00Z,30.53,74.9,1008.78,SYNTHETIC_SIMULATION,SCN_CLEAN_BASELINE,CLEAN_NORMAL,NONE,NONE,NORMAL,0,0,,,none,Normal ambient weather telemetry with diurnal solar cycles
AWS004,Machilipatnam (AWS004),2026-08-13T23:00:00Z,29.58,76.9,1008.96,SYNTHETIC_SIMULATION,SCN_CLEAN_BASELINE,CLEAN_NORMAL,NONE,NONE,NORMAL,0,0,,,none,Normal ambient weather telemetry with diurnal solar cycles
AWS004,Machilipatnam (AWS004),2026-08-14T00:00:00Z,28.09,79.4,1009.07,SYNTHETIC_SIMULATION,SCN_CLEAN_BASELINE,CLEAN_NORMAL,NONE,NONE,NORMAL,0,0,,,none,Normal ambient weather telemetry with diurnal solar cycles
AWS004,Machilipatnam (AWS004),2026-08-14T01:00:00Z,27.59,,1009.15,SYNTHETIC_SIMULATION,SCN_CLEAN_BASELINE,CLEAN_NORMAL,NONE,NONE,NORMAL,0,0,,,none,Normal ambient weather telemetry with diurnal solar cycles
AWS004,Machilipatnam (AWS004),2026-08-14T02:00:00Z,26.9,87.3,1008.78,SYNTHETIC_SIMULATION,SCN_CLEAN_BASELINE,CLEAN_NORMAL,NONE,NONE,NORMAL,0,0,,,none,Normal ambient weather telemetry with diurnal solar cycles
AWS004,Machilipatnam (AWS004),2026-08-14T03:00:00Z,26.81,84.0,1008.25,SYNTHETIC_SIMULATION,SCN_CLEAN_BASELINE,CLEAN_NORMAL,NONE,NONE,NORMAL,0,0,,,none,Normal ambient weather telemetry with diurnal solar cycles
AWS004,Machilipatnam (AWS004),2026-08-14T04:00:00Z,27.62,84.8,1007.35,SYNTHETIC_SIMULATION,SCN_CLEAN_BASELINE,CLEAN_NORMAL,NONE,NONE,NORMAL,0,0,,,none,Normal ambient weather telemetry with diurnal solar cycles
AWS004,Machilipatnam (AWS004),2026-08-14T05:00:00Z,27.44,81.7,1007.42,SYNTHETIC_SIMULATION,SCN_CLEAN_BASELINE,CLEAN_NORMAL,NONE,NONE,NORMAL,0,0,,,none,Normal ambient weather telemetry with diurnal solar cycles
AWS004,Machilipatnam (AWS004),2026-08-14T06:00:00Z,29.13,79.7,1007.1,SYNTHETIC_SIMULATION,SCN_CLEAN_BASELINE,CLEAN_NORMAL,NONE,NONE,NORMAL,0,0,,,none,Normal ambient weather telemetry with diurnal solar cycles
AWS004,Machilipatnam (AWS004),2026-08-14T07:00:00Z,30.03,78.9,1007.77,SYNTHETIC_SIMULATION,SCN_CLEAN_BASELINE,CLEAN_NORMAL,NONE,NONE,NORMAL,0,0,,,none,Normal ambient weather telemetry with diurnal solar cycles
AWS004,Machilipatnam (AWS004),2026-08-14T08:00:00Z,30.23,75.1,1008.32,SYNTHETIC_SIMULATION,SCN_CLEAN_BASELINE,CLEAN_NORMAL,NONE,NONE,NORMAL,0,0,,,none,Normal ambient weather telemetry with diurnal solar cycles
AWS004,Machilipatnam (AWS004),2026-08-14T09:00:00Z,31.68,70.8,1009.23,SYNTHETIC_SIMULATION,SCN_CLEAN_BASELINE,CLEAN_NORMAL,NONE,NONE,NORMAL,0,0,,,none,Normal ambient weather telemetry with diurnal solar cycles
AWS004,Machilipatnam (AWS004),2026-08-14T10:00:00Z,33.31,67.8,1009.88,SYNTHETIC_SIMULATION,SCN_CLEAN_BASELINE,CLEAN_NORMAL,NONE,NONE,NORMAL,0,0,,,none,Normal ambient weather telemetry with diurnal solar cycles
AWS004,Machilipatnam (AWS004),2026-08-14T11:00:00Z,35.15,63.1,1010.88,SYNTHETIC_SIMULATION,SCN_CLEAN_BASELINE,CLEAN_NORMAL,NONE,NONE,NORMAL,0,0,,,none,Normal ambient weather telemetry with diurnal solar cycles
AWS004,Machilipatnam (AWS004),2026-08-14T12:00:00Z,34.89,63.3,1011.08,SYNTHETIC_SIMULATION,SCN_CLEAN_BASELINE,CLEAN_NORMAL,NONE,NONE,NORMAL,0,0,,,none,Normal ambient weather telemetry with diurnal solar cycles
AWS004,Machilipatnam (AWS004),2026-08-14T13:00:00Z,36.25,,1011.05,SYNTHETIC_SIMULATION,SCN_CLEAN_BASELINE,CLEAN_NORMAL,NONE,NONE,NORMAL,0,0,,,none,Normal ambient weather telemetry with diurnal solar cycles
AWS004,Machilipatnam (AWS004),2026-08-14T14:00:00Z,36.07,60.2,1010.46,SYNTHETIC_SIMULATION,SCN_CLEAN_BASELINE,CLEAN_NORMAL,NONE,NONE,NORMAL,0,0,,,none,Normal ambient weather telemetry with diurnal solar cycles
AWS004,Machilipatnam (AWS004),2026-08-14T15:00:00Z,35.65,58.7,1009.99,SYNTHETIC_SIMULATION,SCN_CLEAN_BASELINE,CLEAN_NORMAL,NONE,NONE,NORMAL,0,0,,,none,Normal ambient weather telemetry with diurnal solar cycles
AWS004,Machilipatnam (AWS004),2026-08-14T16:00:00Z,35.09,60.7,1009.59,SYNTHETIC_SIMULATION,SCN_CLEAN_BASELINE,CLEAN_NORMAL,NONE,NONE,NORMAL,0,0,,,none,Normal ambient weather telemetry with diurnal solar cycles
AWS004,Machilipatnam (AWS004),2026-08-14T17:00:00Z,34.8,62.6,1008.92,SYNTHETIC_SIMULATION,SCN_CLEAN_BASELINE,CLEAN_NORMAL,NONE,NONE,NORMAL,0,0,,,none,Normal ambient weather telemetry with diurnal solar cycles
AWS004,Machilipatnam (AWS004),2026-08-14T18:00:00Z,33.95,65.7,1008.5,SYNTHETIC_SIMULATION,SCN_CLEAN_BASELINE,CLEAN_NORMAL,NONE,NONE,NORMAL,0,0,,,none,Normal ambient weather telemetry with diurnal solar cycles
AWS004,Machilipatnam (AWS004),2026-08-14T19:00:00Z,33.15,69.7,1009.92,SYNTHETIC_SIMULATION,SCN_CLEAN_BASELINE,CLEAN_NORMAL,NONE,NONE,NORMAL,0,0,,,none,Normal ambient weather telemetry with diurnal solar cycles
AWS004,Machilipatnam (AWS004),2026-08-14T20:00:00Z,30.47,74.2,1010.25,SYNTHETIC_SIMULATION,SCN_CLEAN_BASELINE,CLEAN_NORMAL,NONE,NONE,NORMAL,0,0,,,none,Normal ambient weather telemetry with diurnal solar cycles
AWS004,Machilipatnam (AWS004),2026-08-14T21:00:00Z,29.76,78.3,1010.8,SYNTHETIC_SIMULATION,SCN_CLEAN_BASELINE,CLEAN_NORMAL,NONE,NONE,NORMAL,0,0,,,none,Normal ambient weather telemetry with diurnal solar cycles
AWS004,Machilipatnam (AWS004),2026-08-14T22:00:00Z,27.94,82.6,1012.0,SYNTHETIC_SIMULATION,SCN_CLEAN_BASELINE,CLEAN_NORMAL,NONE,NONE,NORMAL,0,0,,,none,Normal ambient weather telemetry with diurnal solar cycles
AWS004,Machilipatnam (AWS004),2026-08-14T23:00:00Z,27.23,85.3,1012.14,SYNTHETIC_SIMULATION,SCN_CLEAN_BASELINE,CLEAN_NORMAL,NONE,NONE,NORMAL,0,0,,,none,Normal ambient weather telemetry with diurnal solar cycles
AWS004,Machilipatnam (AWS004),2026-08-15T00:00:00Z,26.02,87.0,1012.71,SYNTHETIC_SIMULATION,SCN_CLEAN_BASELINE,CLEAN_NORMAL,NONE,NONE,NORMAL,0,0,,,none,Normal ambient weather telemetry with diurnal solar cycles
AWS004,Machilipatnam (AWS004),2026-08-15T01:00:00Z,24.92,89.7,1012.78,SYNTHETIC_SIMULATION,SCN_CLEAN_BASELINE,CLEAN_NORMAL,NONE,NONE,NORMAL,0,0,,,none,Normal ambient weather telemetry with diurnal solar cycles
AWS004,Machilipatnam (AWS004),2026-08-15T02:00:00Z,24.86,90.6,1012.42,SYNTHETIC_SIMULATION,SCN_CLEAN_BASELINE,CLEAN_NORMAL,NONE,NONE,NORMAL,0,0,,,none,Normal ambient weather telemetry with diurnal solar cycles
AWS004,Machilipatnam (AWS004),2026-08-15T03:00:00Z,24.59,90.2,1011.42,SYNTHETIC_SIMULATION,SCN_CLEAN_BASELINE,CLEAN_NORMAL,NONE,NONE,NORMAL,0,0,,,none,Normal ambient weather telemetry with diurnal solar cycles
AWS004,Machilipatnam (AWS004),2026-08-15T04:00:00Z,24.97,89.9,1011.24,SYNTHETIC_SIMULATION,SCN_CLEAN_BASELINE,CLEAN_NORMAL,NONE,NONE,NORMAL,0,0,,,none,Normal ambient weather telemetry with diurnal solar cycles
AWS004,Machilipatnam (AWS004),2026-08-15T05:00:00Z,25.02,90.8,1011.14,SYNTHETIC_SIMULATION,SCN_CLEAN_BASELINE,CLEAN_NORMAL,NONE,NONE,NORMAL,0,0,,,none,Normal ambient weather telemetry with diurnal solar cycles
AWS004,Machilipatnam (AWS004),2026-08-15T06:00:00Z,26.61,86.6,1011.3,SYNTHETIC_SIMULATION,SCN_CLEAN_BASELINE,CLEAN_NORMAL,NONE,NONE,NORMAL,0,0,,,none,Normal ambient weather telemetry with diurnal solar cycles
AWS004,Machilipatnam (AWS004),2026-08-15T07:00:00Z,27.54,82.4,1011.41,SYNTHETIC_SIMULATION,SCN_CLEAN_BASELINE,CLEAN_NORMAL,NONE,NONE,NORMAL,0,0,,,none,Normal ambient weather telemetry with diurnal solar cycles
AWS004,Machilipatnam (AWS004),2026-08-15T08:00:00Z,28.51,79.7,1012.26,SYNTHETIC_SIMULATION,SCN_CLEAN_BASELINE,CLEAN_NORMAL,NONE,NONE,NORMAL,0,0,,,none,Normal ambient weather telemetry with diurnal solar cycles
AWS004,Machilipatnam (AWS004),2026-08-15T09:00:00Z,29.45,78.7,1012.93,SYNTHETIC_SIMULATION,SCN_CLEAN_BASELINE,CLEAN_NORMAL,NONE,NONE,NORMAL,0,0,,,none,Normal ambient weather telemetry with diurnal solar cycles
AWS004,Machilipatnam (AWS004),2026-08-15T10:00:00Z,31.06,71.8,1013.49,SYNTHETIC_SIMULATION,SCN_CLEAN_BASELINE,CLEAN_NORMAL,NONE,NONE,NORMAL,0,0,,,none,Normal ambient weather telemetry with diurnal solar cycles
AWS004,Machilipatnam (AWS004),2026-08-15T11:00:00Z,31.86,69.3,1014.21,SYNTHETIC_SIMULATION,SCN_CLEAN_BASELINE,CLEAN_NORMAL,NONE,NONE,NORMAL,0,0,,,none,Normal ambient weather telemetry with diurnal solar cycles
AWS004,Machilipatnam (AWS004),2026-08-15T12:00:00Z,32.6,67.5,1014.22,SYNTHETIC_SIMULATION,SCN_CLEAN_BASELINE,CLEAN_NORMAL,NONE,NONE,NORMAL,0,0,,,none,Normal ambient weather telemetry with diurnal solar cycles
AWS004,Machilipatnam (AWS004),2026-08-15T13:00:00Z,34.1,66.1,1014.32,SYNTHETIC_SIMULATION,SCN_CLEAN_BASELINE,CLEAN_NORMAL,NONE,NONE,NORMAL,0,0,,,none,Normal ambient weather telemetry with diurnal solar cycles
AWS004,Machilipatnam (AWS004),2026-08-15T14:00:00Z,33.65,65.8,1014.02,SYNTHETIC_SIMULATION,SCN_CLEAN_BASELINE,CLEAN_NORMAL,NONE,NONE,NORMAL,0,0,,,none,Normal ambient weather telemetry with diurnal solar cycles
AWS004,Machilipatnam (AWS004),2026-08-15T15:00:00Z,33.48,67.6,1013.49,SYNTHETIC_SIMULATION,SCN_CLEAN_BASELINE,CLEAN_NORMAL,NONE,NONE,NORMAL,0,0,,,none,Normal ambient weather telemetry with diurnal solar cycles
AWS004,Machilipatnam (AWS004),2026-08-15T16:00:00Z,33.0,65.1,1012.56,SYNTHETIC_SIMULATION,SCN_CLEAN_BASELINE,CLEAN_NORMAL,NONE,NONE,NORMAL,0,0,,,none,Normal ambient weather telemetry with diurnal solar cycles
AWS004,Machilipatnam (AWS004),2026-08-15T17:00:00Z,33.37,68.5,1012.17,SYNTHETIC_SIMULATION,SCN_CLEAN_BASELINE,CLEAN_NORMAL,NONE,NONE,NORMAL,0,0,,,none,Normal ambient weather telemetry with diurnal solar cycles
AWS004,Machilipatnam (AWS004),2026-08-15T18:00:00Z,31.77,72.4,1012.27,SYNTHETIC_SIMULATION,SCN_CLEAN_BASELINE,CLEAN_NORMAL,NONE,NONE,NORMAL,0,0,,,none,Normal ambient weather telemetry with diurnal solar cycles
AWS004,Machilipatnam (AWS004),2026-08-15T19:00:00Z,30.36,74.0,1012.73,SYNTHETIC_SIMULATION,SCN_CLEAN_BASELINE,CLEAN_NORMAL,NONE,NONE,NORMAL,0,0,,,none,Normal ambient weather telemetry with diurnal solar cycles
AWS004,Machilipatnam (AWS004),2026-08-15T20:00:00Z,29.27,77.2,1013.08,SYNTHETIC_SIMULATION,SCN_CLEAN_BASELINE,CLEAN_NORMAL,NONE,NONE,NORMAL,0,0,,,none,Normal ambient weather telemetry with diurnal solar cycles
AWS004,Machilipatnam (AWS004),2026-08-15T21:00:00Z,27.58,80.8,1013.9,SYNTHETIC_SIMULATION,SCN_CLEAN_BASELINE,CLEAN_NORMAL,NONE,NONE,NORMAL,0,0,,,none,Normal ambient weather telemetry with diurnal solar cycles
AWS004,Machilipatnam (AWS004),2026-08-15T22:00:00Z,26.07,83.9,1014.57,SYNTHETIC_SIMULATION,SCN_CLEAN_BASELINE,CLEAN_NORMAL,NONE,NONE,NORMAL,0,0,,,none,Normal ambient weather telemetry with diurnal solar cycles
AWS004,Machilipatnam (AWS004),2026-08-15T23:00:00Z,24.58,89.4,1015.08,SYNTHETIC_SIMULATION,SCN_CLEAN_BASELINE,CLEAN_NORMAL,NONE,NONE,NORMAL,0,0,,,none,Normal ambient weather telemetry with diurnal solar cycles
AWS004,Machilipatnam (AWS004),2026-08-16T00:00:00Z,24.09,91.8,1015.11,SYNTHETIC_SIMULATION,SCN_CLEAN_BASELINE,CLEAN_NORMAL,NONE,NONE,NORMAL,0,0,,,none,Normal ambient weather telemetry with diurnal solar cycles
AWS004,Machilipatnam (AWS004),2026-08-16T01:00:00Z,23.22,92.9,1014.82,SYNTHETIC_SIMULATION,SCN_CLEAN_BASELINE,CLEAN_NORMAL,NONE,NONE,NORMAL,0,0,,,none,Normal ambient weather telemetry with diurnal solar cycles
AWS004,Machilipatnam (AWS004),2026-08-16T02:00:00Z,23.02,95.3,1014.77,SYNTHETIC_SIMULATION,SCN_CLEAN_BASELINE,CLEAN_NORMAL,NONE,NONE,NORMAL,0,0,,,none,Normal ambient weather telemetry with diurnal solar cycles
AWS004,Machilipatnam (AWS004),2026-08-16T03:00:00Z,22.11,95.0,1013.93,SYNTHETIC_SIMULATION,SCN_CLEAN_BASELINE,CLEAN_NORMAL,NONE,NONE,NORMAL,0,0,,,none,Normal ambient weather telemetry with diurnal solar cycles
AWS004,Machilipatnam (AWS004),2026-08-16T04:00:00Z,24.17,95.5,1013.27,SYNTHETIC_SIMULATION,SCN_CLEAN_BASELINE,CLEAN_NORMAL,NONE,NONE,NORMAL,0,0,,,none,Normal ambient weather telemetry with diurnal solar cycles
AWS004,Machilipatnam (AWS004),2026-08-16T05:00:00Z,23.86,91.7,1012.45,SYNTHETIC_SIMULATION,SCN_CLEAN_BASELINE,CLEAN_NORMAL,NONE,NONE,NORMAL,0,0,,,none,Normal ambient weather telemetry with diurnal solar cycles
AWS004,Machilipatnam (AWS004),2026-08-16T06:00:00Z,24.93,89.4,1012.55,SYNTHETIC_SIMULATION,SCN_CLEAN_BASELINE,CLEAN_NORMAL,NONE,NONE,NORMAL,0,0,,,none,Normal ambient weather telemetry with diurnal solar cycles
AWS004,Machilipatnam (AWS004),2026-08-16T07:00:00Z,26.43,83.1,1012.66,SYNTHETIC_SIMULATION,SCN_CLEAN_BASELINE,CLEAN_NORMAL,NONE,NONE,NORMAL,0,0,,,none,Normal ambient weather telemetry with diurnal solar cycles
AWS004,Machilipatnam (AWS004),2026-08-16T08:00:00Z,27.12,81.6,1013.21,SYNTHETIC_SIMULATION,SCN_CLEAN_BASELINE,CLEAN_NORMAL,NONE,NONE,NORMAL,0,0,,,none,Normal ambient weather telemetry with diurnal solar cycles
AWS004,Machilipatnam (AWS004),2026-08-16T09:00:00Z,29.34,78.0,1013.18,SYNTHETIC_SIMULATION,SCN_CLEAN_BASELINE,CLEAN_NORMAL,NONE,NONE,NORMAL,0,0,,,none,Normal ambient weather telemetry with diurnal solar cycles
AWS004,Machilipatnam (AWS004),2026-08-16T10:00:00Z,30.14,75.0,1014.19,SYNTHETIC_SIMULATION,SCN_CLEAN_BASELINE,CLEAN_NORMAL,NONE,NONE,NORMAL,0,0,,,none,Normal ambient weather telemetry with diurnal solar cycles
AWS004,Machilipatnam (AWS004),2026-08-16T11:00:00Z,31.56,72.1,1015.01,SYNTHETIC_SIMULATION,SCN_CLEAN_BASELINE,CLEAN_NORMAL,NONE,NONE,NORMAL,0,0,,,none,Normal ambient weather telemetry with diurnal solar cycles
AWS004,Machilipatnam (AWS004),2026-08-16T12:00:00Z,32.45,69.1,1015.2,SYNTHETIC_SIMULATION,SCN_CLEAN_BASELINE,CLEAN_NORMAL,NONE,NONE,NORMAL,0,0,,,none,Normal ambient weather telemetry with diurnal solar cycles
AWS004,Machilipatnam (AWS004),2026-08-16T13:00:00Z,33.69,66.8,1014.98,SYNTHETIC_SIMULATION,SCN_CLEAN_BASELINE,CLEAN_NORMAL,NONE,NONE,NORMAL,0,0,,,none,Normal ambient weather telemetry with diurnal solar cycles
AWS004,Machilipatnam (AWS004),2026-08-16T14:00:00Z,33.32,64.4,1014.16,SYNTHETIC_SIMULATION,SCN_CLEAN_BASELINE,CLEAN_NORMAL,NONE,NONE,NORMAL,0,0,,,none,Normal ambient weather telemetry with diurnal solar cycles
AWS004,Machilipatnam (AWS004),2026-08-16T15:00:00Z,33.85,66.7,1012.9,SYNTHETIC_SIMULATION,SCN_CLEAN_BASELINE,CLEAN_NORMAL,NONE,NONE,NORMAL,0,0,,,none,Normal ambient weather telemetry with diurnal solar cycles
AWS004,Machilipatnam (AWS004),2026-08-16T16:00:00Z,33.33,66.6,1012.97,SYNTHETIC_SIMULATION,SCN_CLEAN_BASELINE,CLEAN_NORMAL,NONE,NONE,NORMAL,0,0,,,none,Normal ambient weather telemetry with diurnal solar cycles
AWS004,Machilipatnam (AWS004),2026-08-16T17:00:00Z,32.37,68.9,1012.33,SYNTHETIC_SIMULATION,SCN_CLEAN_BASELINE,CLEAN_NORMAL,NONE,NONE,NORMAL,0,0,,,none,Normal ambient weather telemetry with diurnal solar cycles
AWS004,Machilipatnam (AWS004),2026-08-16T18:00:00Z,32.41,70.3,1011.55,SYNTHETIC_SIMULATION,SCN_CLEAN_BASELINE,CLEAN_NORMAL,NONE,NONE,NORMAL,0,0,,,none,Normal ambient weather telemetry with diurnal solar cycles
AWS004,Machilipatnam (AWS004),2026-08-16T19:00:00Z,30.88,76.0,1011.71,SYNTHETIC_SIMULATION,SCN_CLEAN_BASELINE,CLEAN_NORMAL,NONE,NONE,NORMAL,0,0,,,none,Normal ambient weather telemetry with diurnal solar cycles
AWS004,Machilipatnam (AWS004),2026-08-16T20:00:00Z,29.64,77.2,,SYNTHETIC_SIMULATION,SCN_CLEAN_BASELINE,CLEAN_NORMAL,NONE,NONE,NORMAL,0,0,,,none,Normal ambient weather telemetry with diurnal solar cycles
AWS004,Machilipatnam (AWS004),2026-08-16T21:00:00Z,28.14,81.3,1012.74,SYNTHETIC_SIMULATION,SCN_CLEAN_BASELINE,CLEAN_NORMAL,NONE,NONE,NORMAL,0,0,,,none,Normal ambient weather telemetry with diurnal solar cycles
AWS004,Machilipatnam (AWS004),2026-08-16T22:00:00Z,27.14,82.7,1013.81,SYNTHETIC_SIMULATION,SCN_CLEAN_BASELINE,CLEAN_NORMAL,NONE,NONE,NORMAL,0,0,,,none,Normal ambient weather telemetry with diurnal solar cycles
AWS004,Machilipatnam (AWS004),2026-08-16T23:00:00Z,26.3,86.1,1013.42,SYNTHETIC_SIMULATION,SCN_CLEAN_BASELINE,CLEAN_NORMAL,NONE,NONE,NORMAL,0,0,,,none,Normal ambient weather telemetry with diurnal solar cycles
AWS004,Machilipatnam (AWS004),2026-08-17T00:00:00Z,25.38,88.9,1013.73,SYNTHETIC_SIMULATION,SCN_CLEAN_BASELINE,CLEAN_NORMAL,NONE,NONE,NORMAL,0,0,,,none,Normal ambient weather telemetry with diurnal solar cycles
AWS004,Machilipatnam (AWS004),2026-08-17T01:00:00Z,24.17,92.0,1013.18,SYNTHETIC_SIMULATION,SCN_CLEAN_BASELINE,CLEAN_NORMAL,NONE,NONE,NORMAL,0,0,,,none,Normal ambient weather telemetry with diurnal solar cycles
AWS004,Machilipatnam (AWS004),2026-08-17T02:00:00Z,24.46,89.8,1012.89,SYNTHETIC_SIMULATION,SCN_CLEAN_BASELINE,CLEAN_NORMAL,NONE,NONE,NORMAL,0,0,,,none,Normal ambient weather telemetry with diurnal solar cycles
AWS004,Machilipatnam (AWS004),2026-08-17T03:00:00Z,24.57,90.9,1011.92,SYNTHETIC_SIMULATION,SCN_CLEAN_BASELINE,CLEAN_NORMAL,NONE,NONE,NORMAL,0,0,,,none,Normal ambient weather telemetry with diurnal solar cycles
AWS004,Machilipatnam (AWS004),2026-08-17T04:00:00Z,24.6,90.9,1011.36,SYNTHETIC_SIMULATION,SCN_CLEAN_BASELINE,CLEAN_NORMAL,NONE,NONE,NORMAL,0,0,,,none,Normal ambient weather telemetry with diurnal solar cycles
AWS004,Machilipatnam (AWS004),2026-08-17T05:00:00Z,25.45,87.2,1010.93,SYNTHETIC_SIMULATION,SCN_CLEAN_BASELINE,CLEAN_NORMAL,NONE,NONE,NORMAL,0,0,,,none,Normal ambient weather telemetry with diurnal solar cycles
AWS004,Machilipatnam (AWS004),2026-08-17T06:00:00Z,26.28,86.5,1010.21,SYNTHETIC_SIMULATION,SCN_CLEAN_BASELINE,CLEAN_NORMAL,NONE,NONE,NORMAL,0,0,,,none,Normal ambient weather telemetry with diurnal solar cycles
AWS004,Machilipatnam (AWS004),2026-08-17T07:00:00Z,28.34,83.4,1010.36,SYNTHETIC_SIMULATION,SCN_CLEAN_BASELINE,CLEAN_NORMAL,NONE,NONE,NORMAL,0,0,,,none,Normal ambient weather telemetry with diurnal solar cycles
AWS004,Machilipatnam (AWS004),2026-08-17T08:00:00Z,29.55,76.5,1010.58,SYNTHETIC_SIMULATION,SCN_CLEAN_BASELINE,CLEAN_NORMAL,NONE,NONE,NORMAL,0,0,,,none,Normal ambient weather telemetry with diurnal solar cycles
AWS004,Machilipatnam (AWS004),2026-08-17T09:00:00Z,31.26,75.2,1010.86,SYNTHETIC_SIMULATION,SCN_CLEAN_BASELINE,CLEAN_NORMAL,NONE,NONE,NORMAL,0,0,,,none,Normal ambient weather telemetry with diurnal solar cycles
AWS004,Machilipatnam (AWS004),2026-08-17T10:00:00Z,32.32,69.3,1011.61,SYNTHETIC_SIMULATION,SCN_CLEAN_BASELINE,CLEAN_NORMAL,NONE,NONE,NORMAL,0,0,,,none,Normal ambient weather telemetry with diurnal solar cycles
AWS004,Machilipatnam (AWS004),2026-08-17T11:00:00Z,34.0,67.1,1011.41,SYNTHETIC_SIMULATION,SCN_CLEAN_BASELINE,CLEAN_NORMAL,NONE,NONE,NORMAL,0,0,,,none,Normal ambient weather telemetry with diurnal solar cycles
AWS004,Machilipatnam (AWS004),2026-08-17T12:00:00Z,35.1,64.9,1011.66,SYNTHETIC_SIMULATION,SCN_CLEAN_BASELINE,CLEAN_NORMAL,NONE,NONE,NORMAL,0,0,,,none,Normal ambient weather telemetry with diurnal solar cycles
AWS004,Machilipatnam (AWS004),2026-08-17T13:00:00Z,35.42,60.6,1011.33,SYNTHETIC_SIMULATION,SCN_CLEAN_BASELINE,CLEAN_NORMAL,NONE,NONE,NORMAL,0,0,,,none,Normal ambient weather telemetry with diurnal solar cycles
AWS004,Machilipatnam (AWS004),2026-08-17T14:00:00Z,35.95,59.9,1011.28,SYNTHETIC_SIMULATION,SCN_CLEAN_BASELINE,CLEAN_NORMAL,NONE,NONE,NORMAL,0,0,,,none,Normal ambient weather telemetry with diurnal solar cycles
AWS004,Machilipatnam (AWS004),2026-08-17T15:00:00Z,35.69,61.7,1009.95,SYNTHETIC_SIMULATION,SCN_CLEAN_BASELINE,CLEAN_NORMAL,NONE,NONE,NORMAL,0,0,,,none,Normal ambient weather telemetry with diurnal solar cycles
AWS004,Machilipatnam (AWS004),2026-08-17T16:00:00Z,35.31,61.2,1009.56,SYNTHETIC_SIMULATION,SCN_CLEAN_BASELINE,CLEAN_NORMAL,NONE,NONE,NORMAL,0,0,,,none,Normal ambient weather telemetry with diurnal solar cycles
AWS004,Machilipatnam (AWS004),2026-08-17T17:00:00Z,35.01,61.7,1008.13,SYNTHETIC_SIMULATION,SCN_CLEAN_BASELINE,CLEAN_NORMAL,NONE,NONE,NORMAL,0,0,,,none,Normal ambient weather telemetry with diurnal solar cycles
AWS004,Machilipatnam (AWS004),2026-08-17T18:00:00Z,34.58,64.7,1008.1,SYNTHETIC_SIMULATION,SCN_CLEAN_BASELINE,CLEAN_NORMAL,NONE,NONE,NORMAL,0,0,,,none,Normal ambient weather telemetry with diurnal solar cycles
AWS004,Machilipatnam (AWS004),2026-08-17T19:00:00Z,32.4,67.2,1008.22,SYNTHETIC_SIMULATION,SCN_CLEAN_BASELINE,CLEAN_NORMAL,NONE,NONE,NORMAL,0,0,,,none,Normal ambient weather telemetry with diurnal solar cycles
AWS004,Machilipatnam (AWS004),2026-08-17T20:00:00Z,32.01,70.0,1008.74,SYNTHETIC_SIMULATION,SCN_CLEAN_BASELINE,CLEAN_NORMAL,NONE,NONE,NORMAL,0,0,,,none,Normal ambient weather telemetry with diurnal solar cycles
AWS004,Machilipatnam (AWS004),2026-08-17T21:00:00Z,30.56,73.2,1008.99,SYNTHETIC_SIMULATION,SCN_CLEAN_BASELINE,CLEAN_NORMAL,NONE,NONE,NORMAL,0,0,,,none,Normal ambient weather telemetry with diurnal solar cycles
AWS004,Machilipatnam (AWS004),2026-08-17T22:00:00Z,29.14,77.8,1009.61,SYNTHETIC_SIMULATION,SCN_CLEAN_BASELINE,CLEAN_NORMAL,NONE,NONE,NORMAL,0,0,,,none,Normal ambient weather telemetry with diurnal solar cycles
AWS004,Machilipatnam (AWS004),2026-08-17T23:00:00Z,29.08,80.8,1010.3,SYNTHETIC_SIMULATION,SCN_CLEAN_BASELINE,CLEAN_NORMAL,NONE,NONE,NORMAL,0,0,,,none,Normal ambient weather telemetry with diurnal solar cycles
AWS004,Machilipatnam (AWS004),2026-08-18T00:00:00Z,27.13,82.8,1009.9,SYNTHETIC_SIMULATION,SCN_CLEAN_BASELINE,CLEAN_NORMAL,NONE,NONE,NORMAL,0,0,,,none,Normal ambient weather telemetry with diurnal solar cycles
AWS004,Machilipatnam (AWS004),2026-08-18T01:00:00Z,26.27,83.9,1009.48,SYNTHETIC_SIMULATION,SCN_CLEAN_BASELINE,CLEAN_NORMAL,NONE,NONE,NORMAL,0,0,,,none,Normal ambient weather telemetry with diurnal solar cycles
AWS004,Machilipatnam (AWS004),2026-08-18T02:00:00Z,26.84,84.5,1009.04,SYNTHETIC_SIMULATION,SCN_CLEAN_BASELINE,CLEAN_NORMAL,NONE,NONE,NORMAL,0,0,,,none,Normal ambient weather telemetry with diurnal solar cycles
AWS004,Machilipatnam (AWS004),2026-08-18T03:00:00Z,26.87,86.4,1008.11,SYNTHETIC_SIMULATION,SCN_CLEAN_BASELINE,CLEAN_NORMAL,NONE,NONE,NORMAL,0,0,,,none,Normal ambient weather telemetry with diurnal solar cycles
AWS004,Machilipatnam (AWS004),2026-08-18T04:00:00Z,26.95,84.8,1007.51,SYNTHETIC_SIMULATION,SCN_CLEAN_BASELINE,CLEAN_NORMAL,NONE,NONE,NORMAL,0,0,,,none,Normal ambient weather telemetry with diurnal solar cycles
AWS004,Machilipatnam (AWS004),2026-08-18T05:00:00Z,28.1,85.0,1006.51,SYNTHETIC_SIMULATION,SCN_CLEAN_BASELINE,CLEAN_NORMAL,NONE,NONE,NORMAL,0,0,,,none,Normal ambient weather telemetry with diurnal solar cycles
AWS004,Machilipatnam (AWS004),2026-08-18T06:00:00Z,29.41,79.2,1006.3,SYNTHETIC_SIMULATION,SCN_CLEAN_BASELINE,CLEAN_NORMAL,NONE,NONE,NORMAL,0,0,,,none,Normal ambient weather telemetry with diurnal solar cycles
AWS004,Machilipatnam (AWS004),2026-08-18T07:00:00Z,29.68,75.2,1006.42,SYNTHETIC_SIMULATION,SCN_CLEAN_BASELINE,CLEAN_NORMAL,NONE,NONE,NORMAL,0,0,,,none,Normal ambient weather telemetry with diurnal solar cycles
AWS004,Machilipatnam (AWS004),2026-08-18T08:00:00Z,31.25,71.6,1006.87,SYNTHETIC_SIMULATION,SCN_CLEAN_BASELINE,CLEAN_NORMAL,NONE,NONE,NORMAL,0,0,,,none,Normal ambient weather telemetry with diurnal solar cycles
AWS004,Machilipatnam (AWS004),2026-08-18T09:00:00Z,32.71,68.3,1007.41,SYNTHETIC_SIMULATION,SCN_CLEAN_BASELINE,CLEAN_NORMAL,NONE,NONE,NORMAL,0,0,,,none,Normal ambient weather telemetry with diurnal solar cycles
AWS004,Machilipatnam (AWS004),2026-08-18T10:00:00Z,34.8,66.1,1008.21,SYNTHETIC_SIMULATION,SCN_CLEAN_BASELINE,CLEAN_NORMAL,NONE,NONE,NORMAL,0,0,,,none,Normal ambient weather telemetry with diurnal solar cycles
AWS004,Machilipatnam (AWS004),2026-08-18T11:00:00Z,35.99,63.4,1008.16,SYNTHETIC_SIMULATION,SCN_CLEAN_BASELINE,CLEAN_NORMAL,NONE,NONE,NORMAL,0,0,,,none,Normal ambient weather telemetry with diurnal solar cycles
AWS004,Machilipatnam (AWS004),2026-08-18T12:00:00Z,36.56,59.9,1008.95,SYNTHETIC_SIMULATION,SCN_CLEAN_BASELINE,CLEAN_NORMAL,NONE,NONE,NORMAL,0,0,,,none,Normal ambient weather telemetry with diurnal solar cycles
AWS004,Machilipatnam (AWS004),2026-08-18T13:00:00Z,37.66,59.2,1008.19,SYNTHETIC_SIMULATION,SCN_CLEAN_BASELINE,CLEAN_NORMAL,NONE,NONE,NORMAL,0,0,,,none,Normal ambient weather telemetry with diurnal solar cycles
AWS004,Machilipatnam (AWS004),2026-08-18T14:00:00Z,38.12,56.6,1007.8,SYNTHETIC_SIMULATION,SCN_CLEAN_BASELINE,CLEAN_NORMAL,NONE,NONE,NORMAL,0,0,,,none,Normal ambient weather telemetry with diurnal solar cycles
AWS004,Machilipatnam (AWS004),2026-08-18T15:00:00Z,38.4,54.6,1007.15,SYNTHETIC_SIMULATION,SCN_CLEAN_BASELINE,CLEAN_NORMAL,NONE,NONE,NORMAL,0,0,,,none,Normal ambient weather telemetry with diurnal solar cycles
AWS004,Machilipatnam (AWS004),2026-08-18T16:00:00Z,37.23,56.9,1006.42,SYNTHETIC_SIMULATION,SCN_CLEAN_BASELINE,CLEAN_NORMAL,NONE,NONE,NORMAL,0,0,,,none,Normal ambient weather telemetry with diurnal solar cycles
AWS004,Machilipatnam (AWS004),2026-08-18T17:00:00Z,36.31,56.4,1005.85,SYNTHETIC_SIMULATION,SCN_CLEAN_BASELINE,CLEAN_NORMAL,NONE,NONE,NORMAL,0,0,,,none,Normal ambient weather telemetry with diurnal solar cycles
AWS004,Machilipatnam (AWS004),2026-08-18T18:00:00Z,35.87,63.0,1005.87,SYNTHETIC_SIMULATION,SCN_CLEAN_BASELINE,CLEAN_NORMAL,NONE,NONE,NORMAL,0,0,,,none,Normal ambient weather telemetry with diurnal solar cycles
AWS004,Machilipatnam (AWS004),2026-08-18T19:00:00Z,34.89,64.5,1006.02,SYNTHETIC_SIMULATION,SCN_CLEAN_BASELINE,CLEAN_NORMAL,NONE,NONE,NORMAL,0,0,,,none,Normal ambient weather telemetry with diurnal solar cycles
AWS004,Machilipatnam (AWS004),2026-08-18T20:00:00Z,33.15,68.1,1006.06,SYNTHETIC_SIMULATION,SCN_CLEAN_BASELINE,CLEAN_NORMAL,NONE,NONE,NORMAL,0,0,,,none,Normal ambient weather telemetry with diurnal solar cycles
AWS004,Machilipatnam (AWS004),2026-08-18T21:00:00Z,32.04,71.6,1007.32,SYNTHETIC_SIMULATION,SCN_CLEAN_BASELINE,CLEAN_NORMAL,NONE,NONE,NORMAL,0,0,,,none,Normal ambient weather telemetry with diurnal solar cycles
AWS004,Machilipatnam (AWS004),2026-08-18T22:00:00Z,30.87,75.8,1007.86,SYNTHETIC_SIMULATION,SCN_CLEAN_BASELINE,CLEAN_NORMAL,NONE,NONE,NORMAL,0,0,,,none,Normal ambient weather telemetry with diurnal solar cycles
AWS004,Machilipatnam (AWS004),2026-08-18T23:00:00Z,29.41,76.5,1008.03,SYNTHETIC_SIMULATION,SCN_CLEAN_BASELINE,CLEAN_NORMAL,NONE,NONE,NORMAL,0,0,,,none,Normal ambient weather telemetry with diurnal solar cycles
AWS004,Machilipatnam (AWS004),2026-08-19T00:00:00Z,28.5,81.5,1008.56,SYNTHETIC_SIMULATION,SCN_CLEAN_BASELINE,CLEAN_NORMAL,NONE,NONE,NORMAL,0,0,,,none,Normal ambient weather telemetry with diurnal solar cycles
AWS004,Machilipatnam (AWS004),2026-08-19T01:00:00Z,27.68,82.1,1008.22,SYNTHETIC_SIMULATION,SCN_CLEAN_BASELINE,CLEAN_NORMAL,NONE,NONE,NORMAL,0,0,,,none,Normal ambient weather telemetry with diurnal solar cycles
AWS004,Machilipatnam (AWS004),2026-08-19T02:00:00Z,27.32,83.3,1007.94,SYNTHETIC_SIMULATION,SCN_CLEAN_BASELINE,CLEAN_NORMAL,NONE,NONE,NORMAL,0,0,,,none,Normal ambient weather telemetry with diurnal solar cycles
AWS004,Machilipatnam (AWS004),2026-08-19T03:00:00Z,27.46,83.9,1006.94,SYNTHETIC_SIMULATION,SCN_CLEAN_BASELINE,CLEAN_NORMAL,NONE,NONE,NORMAL,0,0,,,none,Normal ambient weather telemetry with diurnal solar cycles
AWS004,Machilipatnam (AWS004),2026-08-19T04:00:00Z,28.15,82.6,1006.85,SYNTHETIC_SIMULATION,SCN_CLEAN_BASELINE,CLEAN_NORMAL,NONE,NONE,NORMAL,0,0,,,none,Normal ambient weather telemetry with diurnal solar cycles
AWS004,Machilipatnam (AWS004),2026-08-19T05:00:00Z,28.83,81.9,1005.93,SYNTHETIC_SIMULATION,SCN_CLEAN_BASELINE,CLEAN_NORMAL,NONE,NONE,NORMAL,0,0,,,none,Normal ambient weather telemetry with diurnal solar cycles
AWS004,Machilipatnam (AWS004),2026-08-19T06:00:00Z,29.32,76.3,1006.12,SYNTHETIC_SIMULATION,SCN_CLEAN_BASELINE,CLEAN_NORMAL,NONE,NONE,NORMAL,0,0,,,none,Normal ambient weather telemetry with diurnal solar cycles
AWS004,Machilipatnam (AWS004),2026-08-19T07:00:00Z,30.5,76.6,1006.07,SYNTHETIC_SIMULATION,SCN_CLEAN_BASELINE,CLEAN_NORMAL,NONE,NONE,NORMAL,0,0,,,none,Normal ambient weather telemetry with diurnal solar cycles
AWS004,Machilipatnam (AWS004),2026-08-19T08:00:00Z,31.62,71.9,1007.03,SYNTHETIC_SIMULATION,SCN_CLEAN_BASELINE,CLEAN_NORMAL,NONE,NONE,NORMAL,0,0,,,none,Normal ambient weather telemetry with diurnal solar cycles
AWS004,Machilipatnam (AWS004),2026-08-19T09:00:00Z,32.7,68.0,1007.63,SYNTHETIC_SIMULATION,SCN_CLEAN_BASELINE,CLEAN_NORMAL,NONE,NONE,NORMAL,0,0,,,none,Normal ambient weather telemetry with diurnal solar cycles
AWS004,Machilipatnam (AWS004),2026-08-19T10:00:00Z,33.34,64.7,1008.15,SYNTHETIC_SIMULATION,SCN_CLEAN_BASELINE,CLEAN_NORMAL,NONE,NONE,NORMAL,0,0,,,none,Normal ambient weather telemetry with diurnal solar cycles
AWS004,Machilipatnam (AWS004),2026-08-19T11:00:00Z,35.14,62.1,1008.82,SYNTHETIC_SIMULATION,SCN_CLEAN_BASELINE,CLEAN_NORMAL,NONE,NONE,NORMAL,0,0,,,none,Normal ambient weather telemetry with diurnal solar cycles
AWS004,Machilipatnam (AWS004),2026-08-19T12:00:00Z,36.2,60.8,1009.0,SYNTHETIC_SIMULATION,SCN_CLEAN_BASELINE,CLEAN_NORMAL,NONE,NONE,NORMAL,0,0,,,none,Normal ambient weather telemetry with diurnal solar cycles
AWS004,Machilipatnam (AWS004),2026-08-19T13:00:00Z,36.83,57.6,1009.11,SYNTHETIC_SIMULATION,SCN_CLEAN_BASELINE,CLEAN_NORMAL,NONE,NONE,NORMAL,0,0,,,none,Normal ambient weather telemetry with diurnal solar cycles
AWS004,Machilipatnam (AWS004),2026-08-19T14:00:00Z,37.33,59.3,1008.91,SYNTHETIC_SIMULATION,SCN_CLEAN_BASELINE,CLEAN_NORMAL,NONE,NONE,NORMAL,0,0,,,none,Normal ambient weather telemetry with diurnal solar cycles
AWS004,Machilipatnam (AWS004),2026-08-19T15:00:00Z,37.52,57.4,1008.27,SYNTHETIC_SIMULATION,SCN_CLEAN_BASELINE,CLEAN_NORMAL,NONE,NONE,NORMAL,0,0,,,none,Normal ambient weather telemetry with diurnal solar cycles
AWS004,Machilipatnam (AWS004),2026-08-19T16:00:00Z,36.54,57.7,1007.36,SYNTHETIC_SIMULATION,SCN_CLEAN_BASELINE,CLEAN_NORMAL,NONE,NONE,NORMAL,0,0,,,none,Normal ambient weather telemetry with diurnal solar cycles
AWS004,Machilipatnam (AWS004),2026-08-19T17:00:00Z,35.59,60.7,1007.12,SYNTHETIC_SIMULATION,SCN_CLEAN_BASELINE,CLEAN_NORMAL,NONE,NONE,NORMAL,0,0,,,none,Normal ambient weather telemetry with diurnal solar cycles
AWS004,Machilipatnam (AWS004),2026-08-19T18:00:00Z,35.55,64.0,1007.24,SYNTHETIC_SIMULATION,SCN_CLEAN_BASELINE,CLEAN_NORMAL,NONE,NONE,NORMAL,0,0,,,none,Normal ambient weather telemetry with diurnal solar cycles
AWS004,Machilipatnam (AWS004),2026-08-19T19:00:00Z,33.4,66.9,1007.23,SYNTHETIC_SIMULATION,SCN_CLEAN_BASELINE,CLEAN_NORMAL,NONE,NONE,NORMAL,0,0,,,none,Normal ambient weather telemetry with diurnal solar cycles
AWS004,Machilipatnam (AWS004),2026-08-19T20:00:00Z,31.98,71.9,1008.2,SYNTHETIC_SIMULATION,SCN_CLEAN_BASELINE,CLEAN_NORMAL,NONE,NONE,NORMAL,0,0,,,none,Normal ambient weather telemetry with diurnal solar cycles
AWS004,Machilipatnam (AWS004),2026-08-19T21:00:00Z,30.4,73.1,1008.96,SYNTHETIC_SIMULATION,SCN_CLEAN_BASELINE,CLEAN_NORMAL,NONE,NONE,NORMAL,0,0,,,none,Normal ambient weather telemetry with diurnal solar cycles
AWS004,Machilipatnam (AWS004),2026-08-19T22:00:00Z,28.96,76.5,1010.03,SYNTHETIC_SIMULATION,SCN_CLEAN_BASELINE,CLEAN_NORMAL,NONE,NONE,NORMAL,0,0,,,none,Normal ambient weather telemetry with diurnal solar cycles
AWS004,Machilipatnam (AWS004),2026-08-19T23:00:00Z,28.48,79.4,1010.4,SYNTHETIC_SIMULATION,SCN_CLEAN_BASELINE,CLEAN_NORMAL,NONE,NONE,NORMAL,0,0,,,none,Normal ambient weather telemetry with diurnal solar cycles
AWS004,Machilipatnam (AWS004),2026-08-20T00:00:00Z,27.04,86.7,1011.2,SYNTHETIC_SIMULATION,SCN_CLEAN_BASELINE,CLEAN_NORMAL,NONE,NONE,NORMAL,0,0,,,none,Normal ambient weather telemetry with diurnal solar cycles
AWS004,Machilipatnam (AWS004),2026-08-20T01:00:00Z,26.38,87.0,1010.75,SYNTHETIC_SIMULATION,SCN_CLEAN_BASELINE,CLEAN_NORMAL,NONE,NONE,NORMAL,0,0,,,none,Normal ambient weather telemetry with diurnal solar cycles
AWS004,Machilipatnam (AWS004),2026-08-20T02:00:00Z,25.86,86.9,1010.9,SYNTHETIC_SIMULATION,SCN_CLEAN_BASELINE,CLEAN_NORMAL,NONE,NONE,NORMAL,0,0,,,none,Normal ambient weather telemetry with diurnal solar cycles
AWS004,Machilipatnam (AWS004),2026-08-20T03:00:00Z,25.46,86.5,1009.95,SYNTHETIC_SIMULATION,SCN_CLEAN_BASELINE,CLEAN_NORMAL,NONE,NONE,NORMAL,0,0,,,none,Normal ambient weather telemetry with diurnal solar cycles
AWS004,Machilipatnam (AWS004),2026-08-20T04:00:00Z,26.45,86.7,1009.43,SYNTHETIC_SIMULATION,SCN_CLEAN_BASELINE,CLEAN_NORMAL,NONE,NONE,NORMAL,0,0,,,none,Normal ambient weather telemetry with diurnal solar cycles
AWS004,Machilipatnam (AWS004),2026-08-20T05:00:00Z,26.59,86.6,1009.46,SYNTHETIC_SIMULATION,SCN_CLEAN_BASELINE,CLEAN_NORMAL,NONE,NONE,NORMAL,0,0,,,none,Normal ambient weather telemetry with diurnal solar cycles
AWS004,Machilipatnam (AWS004),2026-08-20T06:00:00Z,27.88,82.9,1009.25,SYNTHETIC_SIMULATION,SCN_CLEAN_BASELINE,CLEAN_NORMAL,NONE,NONE,NORMAL,0,0,,,none,Normal ambient weather telemetry with diurnal solar cycles
AWS004,Machilipatnam (AWS004),2026-08-20T07:00:00Z,27.84,81.4,1009.55,SYNTHETIC_SIMULATION,SCN_CLEAN_BASELINE,CLEAN_NORMAL,NONE,NONE,NORMAL,0,0,,,none,Normal ambient weather telemetry with diurnal solar cycles
AWS004,Machilipatnam (AWS004),2026-08-20T08:00:00Z,29.82,76.7,1010.23,SYNTHETIC_SIMULATION,SCN_CLEAN_BASELINE,CLEAN_NORMAL,NONE,NONE,NORMAL,0,0,,,none,Normal ambient weather telemetry with diurnal solar cycles
AWS004,Machilipatnam (AWS004),2026-08-20T09:00:00Z,30.8,72.8,1010.62,SYNTHETIC_SIMULATION,SCN_CLEAN_BASELINE,CLEAN_NORMAL,NONE,NONE,NORMAL,0,0,,,none,Normal ambient weather telemetry with diurnal solar cycles
AWS004,Machilipatnam (AWS004),2026-08-20T10:00:00Z,33.12,70.4,1011.57,SYNTHETIC_SIMULATION,SCN_CLEAN_BASELINE,CLEAN_NORMAL,NONE,NONE,NORMAL,0,0,,,none,Normal ambient weather telemetry with diurnal solar cycles
AWS004,Machilipatnam (AWS004),2026-08-20T11:00:00Z,33.71,68.2,1012.64,SYNTHETIC_SIMULATION,SCN_CLEAN_BASELINE,CLEAN_NORMAL,NONE,NONE,NORMAL,0,0,,,none,Normal ambient weather telemetry with diurnal solar cycles
AWS004,Machilipatnam (AWS004),2026-08-20T12:00:00Z,33.71,65.9,1012.8,SYNTHETIC_SIMULATION,SCN_CLEAN_BASELINE,CLEAN_NORMAL,NONE,NONE,NORMAL,0,0,,,none,Normal ambient weather telemetry with diurnal solar cycles
AWS004,Machilipatnam (AWS004),2026-08-20T13:00:00Z,34.4,65.5,1013.07,SYNTHETIC_SIMULATION,SCN_CLEAN_BASELINE,CLEAN_NORMAL,NONE,NONE,NORMAL,0,0,,,none,Normal ambient weather telemetry with diurnal solar cycles
AWS004,Machilipatnam (AWS004),2026-08-20T14:00:00Z,34.79,63.3,1012.46,SYNTHETIC_SIMULATION,SCN_CLEAN_BASELINE,CLEAN_NORMAL,NONE,NONE,NORMAL,0,0,,,none,Normal ambient weather telemetry with diurnal solar cycles
AWS004,Machilipatnam (AWS004),2026-08-20T15:00:00Z,34.82,62.6,1011.78,SYNTHETIC_SIMULATION,SCN_CLEAN_BASELINE,CLEAN_NORMAL,NONE,NONE,NORMAL,0,0,,,none,Normal ambient weather telemetry with diurnal solar cycles
AWS004,Machilipatnam (AWS004),2026-08-20T16:00:00Z,34.47,64.0,1011.67,SYNTHETIC_SIMULATION,SCN_CLEAN_BASELINE,CLEAN_NORMAL,NONE,NONE,NORMAL,0,0,,,none,Normal ambient weather telemetry with diurnal solar cycles
AWS004,Machilipatnam (AWS004),2026-08-20T17:00:00Z,33.27,64.2,1011.2,SYNTHETIC_SIMULATION,SCN_CLEAN_BASELINE,CLEAN_NORMAL,NONE,NONE,NORMAL,0,0,,,none,Normal ambient weather telemetry with diurnal solar cycles
AWS004,Machilipatnam (AWS004),2026-08-20T18:00:00Z,32.64,70.1,1011.08,SYNTHETIC_SIMULATION,SCN_CLEAN_BASELINE,CLEAN_NORMAL,NONE,NONE,NORMAL,0,0,,,none,Normal ambient weather telemetry with diurnal solar cycles
AWS004,Machilipatnam (AWS004),2026-08-20T19:00:00Z,31.08,74.4,1011.24,SYNTHETIC_SIMULATION,SCN_CLEAN_BASELINE,CLEAN_NORMAL,NONE,NONE,NORMAL,0,0,,,none,Normal ambient weather telemetry with diurnal solar cycles
AWS004,Machilipatnam (AWS004),2026-08-20T20:00:00Z,30.69,78.2,1012.28,SYNTHETIC_SIMULATION,SCN_CLEAN_BASELINE,CLEAN_NORMAL,NONE,NONE,NORMAL,0,0,,,none,Normal ambient weather telemetry with diurnal solar cycles
AWS004,Machilipatnam (AWS004),2026-08-20T21:00:00Z,28.39,80.4,1012.51,SYNTHETIC_SIMULATION,SCN_CLEAN_BASELINE,CLEAN_NORMAL,NONE,NONE,NORMAL,0,0,,,none,Normal ambient weather telemetry with diurnal solar cycles
AWS004,Machilipatnam (AWS004),2026-08-20T22:00:00Z,26.6,82.2,1013.51,SYNTHETIC_SIMULATION,SCN_CLEAN_BASELINE,CLEAN_NORMAL,NONE,NONE,NORMAL,0,0,,,none,Normal ambient weather telemetry with diurnal solar cycles
AWS004,Machilipatnam (AWS004),2026-08-20T23:00:00Z,25.46,87.8,1014.59,SYNTHETIC_SIMULATION,SCN_CLEAN_BASELINE,CLEAN_NORMAL,NONE,NONE,NORMAL,0,0,,,none,Normal ambient weather telemetry with diurnal solar cycles
AWS004,Machilipatnam (AWS004),2026-08-21T00:00:00Z,24.81,87.7,1014.46,SYNTHETIC_SIMULATION,SCN_CLEAN_BASELINE,CLEAN_NORMAL,NONE,NONE,NORMAL,0,0,,,none,Normal ambient weather telemetry with diurnal solar cycles
AWS004,Machilipatnam (AWS004),2026-08-21T01:00:00Z,24.1,94.0,1014.82,SYNTHETIC_SIMULATION,SCN_CLEAN_BASELINE,CLEAN_NORMAL,NONE,NONE,NORMAL,0,0,,,none,Normal ambient weather telemetry with diurnal solar cycles
AWS004,Machilipatnam (AWS004),2026-08-21T02:00:00Z,24.0,93.1,1014.31,SYNTHETIC_SIMULATION,SCN_CLEAN_BASELINE,CLEAN_NORMAL,NONE,NONE,NORMAL,0,0,,,none,Normal ambient weather telemetry with diurnal solar cycles
AWS004,Machilipatnam (AWS004),2026-08-21T03:00:00Z,22.99,93.4,1013.6,SYNTHETIC_SIMULATION,SCN_CLEAN_BASELINE,CLEAN_NORMAL,NONE,NONE,NORMAL,0,0,,,none,Normal ambient weather telemetry with diurnal solar cycles
AWS004,Machilipatnam (AWS004),2026-08-21T04:00:00Z,23.25,95.1,1012.67,SYNTHETIC_SIMULATION,SCN_CLEAN_BASELINE,CLEAN_NORMAL,NONE,NONE,NORMAL,0,0,,,none,Normal ambient weather telemetry with diurnal solar cycles
AWS004,Machilipatnam (AWS004),2026-08-21T05:00:00Z,24.17,89.9,1012.58,SYNTHETIC_SIMULATION,SCN_CLEAN_BASELINE,CLEAN_NORMAL,NONE,NONE,NORMAL,0,0,,,none,Normal ambient weather telemetry with diurnal solar cycles
AWS004,Machilipatnam (AWS004),2026-08-21T06:00:00Z,25.59,88.6,1012.33,SYNTHETIC_SIMULATION,SCN_CLEAN_BASELINE,CLEAN_NORMAL,NONE,NONE,NORMAL,0,0,,,none,Normal ambient weather telemetry with diurnal solar cycles
AWS004,Machilipatnam (AWS004),2026-08-21T07:00:00Z,27.29,86.5,1012.43,SYNTHETIC_SIMULATION,SCN_CLEAN_BASELINE,CLEAN_NORMAL,NONE,NONE,NORMAL,0,0,,,none,Normal ambient weather telemetry with diurnal solar cycles
AWS004,Machilipatnam (AWS004),2026-08-21T08:00:00Z,27.64,81.7,1013.46,SYNTHETIC_SIMULATION,SCN_CLEAN_BASELINE,CLEAN_NORMAL,NONE,NONE,NORMAL,0,0,,,none,Normal ambient weather telemetry with diurnal solar cycles
AWS004,Machilipatnam (AWS004),2026-08-21T09:00:00Z,29.18,78.6,1013.78,SYNTHETIC_SIMULATION,SCN_CLEAN_BASELINE,CLEAN_NORMAL,NONE,NONE,NORMAL,0,0,,,none,Normal ambient weather telemetry with diurnal solar cycles
AWS004,Machilipatnam (AWS004),2026-08-21T10:00:00Z,30.53,78.2,1014.33,SYNTHETIC_SIMULATION,SCN_CLEAN_BASELINE,CLEAN_NORMAL,NONE,NONE,NORMAL,0,0,,,none,Normal ambient weather telemetry with diurnal solar cycles
AWS004,Machilipatnam (AWS004),2026-08-21T11:00:00Z,31.43,72.1,1015.31,SYNTHETIC_SIMULATION,SCN_CLEAN_BASELINE,CLEAN_NORMAL,NONE,NONE,NORMAL,0,0,,,none,Normal ambient weather telemetry with diurnal solar cycles
AWS004,Machilipatnam (AWS004),2026-08-21T12:00:00Z,32.78,69.0,1015.25,SYNTHETIC_SIMULATION,SCN_CLEAN_BASELINE,CLEAN_NORMAL,NONE,NONE,NORMAL,0,0,,,none,Normal ambient weather telemetry with diurnal solar cycles
AWS004,Machilipatnam (AWS004),2026-08-21T13:00:00Z,32.53,66.4,1015.1,SYNTHETIC_SIMULATION,SCN_CLEAN_BASELINE,CLEAN_NORMAL,NONE,NONE,NORMAL,0,0,,,none,Normal ambient weather telemetry with diurnal solar cycles
AWS004,Machilipatnam (AWS004),2026-08-21T14:00:00Z,32.88,67.3,1014.48,SYNTHETIC_SIMULATION,SCN_CLEAN_BASELINE,CLEAN_NORMAL,NONE,NONE,NORMAL,0,0,,,none,Normal ambient weather telemetry with diurnal solar cycles
AWS004,Machilipatnam (AWS004),2026-08-21T15:00:00Z,33.85,67.9,1014.04,SYNTHETIC_SIMULATION,SCN_CLEAN_BASELINE,CLEAN_NORMAL,NONE,NONE,NORMAL,0,0,,,none,Normal ambient weather telemetry with diurnal solar cycles
AWS004,Machilipatnam (AWS004),2026-08-21T16:00:00Z,32.82,68.1,1013.3,SYNTHETIC_SIMULATION,SCN_CLEAN_BASELINE,CLEAN_NORMAL,NONE,NONE,NORMAL,0,0,,,none,Normal ambient weather telemetry with diurnal solar cycles
AWS004,Machilipatnam (AWS004),2026-08-21T17:00:00Z,32.51,71.0,1012.5,SYNTHETIC_SIMULATION,SCN_CLEAN_BASELINE,CLEAN_NORMAL,NONE,NONE,NORMAL,0,0,,,none,Normal ambient weather telemetry with diurnal solar cycles
AWS004,Machilipatnam (AWS004),2026-08-21T18:00:00Z,31.93,70.8,1012.49,SYNTHETIC_SIMULATION,SCN_CLEAN_BASELINE,CLEAN_NORMAL,NONE,NONE,NORMAL,0,0,,,none,Normal ambient weather telemetry with diurnal solar cycles
AWS004,Machilipatnam (AWS004),2026-08-21T19:00:00Z,30.25,75.2,1012.85,SYNTHETIC_SIMULATION,SCN_CLEAN_BASELINE,CLEAN_NORMAL,NONE,NONE,NORMAL,0,0,,,none,Normal ambient weather telemetry with diurnal solar cycles
AWS004,Machilipatnam (AWS004),2026-08-21T20:00:00Z,28.89,79.8,1013.36,SYNTHETIC_SIMULATION,SCN_CLEAN_BASELINE,CLEAN_NORMAL,NONE,NONE,NORMAL,0,0,,,none,Normal ambient weather telemetry with diurnal solar cycles
AWS004,Machilipatnam (AWS004),2026-08-21T21:00:00Z,27.74,81.2,1013.61,SYNTHETIC_SIMULATION,SCN_CLEAN_BASELINE,CLEAN_NORMAL,NONE,NONE,NORMAL,0,0,,,none,Normal ambient weather telemetry with diurnal solar cycles
AWS004,Machilipatnam (AWS004),2026-08-21T22:00:00Z,26.8,86.4,1014.45,SYNTHETIC_SIMULATION,SCN_CLEAN_BASELINE,CLEAN_NORMAL,NONE,NONE,NORMAL,0,0,,,none,Normal ambient weather telemetry with diurnal solar cycles
AWS004,Machilipatnam (AWS004),2026-08-21T23:00:00Z,25.29,87.0,1014.6,SYNTHETIC_SIMULATION,SCN_CLEAN_BASELINE,CLEAN_NORMAL,NONE,NONE,NORMAL,0,0,,,none,Normal ambient weather telemetry with diurnal solar cycles
AWS004,Machilipatnam (AWS004),2026-08-22T00:00:00Z,24.49,90.7,1014.78,SYNTHETIC_SIMULATION,SCN_CLEAN_BASELINE,CLEAN_NORMAL,NONE,NONE,NORMAL,0,0,,,none,Normal ambient weather telemetry with diurnal solar cycles
AWS004,Machilipatnam (AWS004),2026-08-22T01:00:00Z,23.6,93.7,1014.95,SYNTHETIC_SIMULATION,SCN_CLEAN_BASELINE,CLEAN_NORMAL,NONE,NONE,NORMAL,0,0,,,none,Normal ambient weather telemetry with diurnal solar cycles
AWS004,Machilipatnam (AWS004),2026-08-22T02:00:00Z,23.71,93.6,1014.38,SYNTHETIC_SIMULATION,SCN_CLEAN_BASELINE,CLEAN_NORMAL,NONE,NONE,NORMAL,0,0,,,none,Normal ambient weather telemetry with diurnal solar cycles
AWS004,Machilipatnam (AWS004),2026-08-22T03:00:00Z,22.8,93.0,1013.22,SYNTHETIC_SIMULATION,SCN_CLEAN_BASELINE,CLEAN_NORMAL,NONE,NONE,NORMAL,0,0,,,none,Normal ambient weather telemetry with diurnal solar cycles
AWS004,Machilipatnam (AWS004),2026-08-22T04:00:00Z,23.88,92.9,1013.0,SYNTHETIC_SIMULATION,SCN_CLEAN_BASELINE,CLEAN_NORMAL,NONE,NONE,NORMAL,0,0,,,none,Normal ambient weather telemetry with diurnal solar cycles
AWS004,Machilipatnam (AWS004),2026-08-22T05:00:00Z,24.58,90.1,1012.13,SYNTHETIC_SIMULATION,SCN_CLEAN_BASELINE,CLEAN_NORMAL,NONE,NONE,NORMAL,0,0,,,none,Normal ambient weather telemetry with diurnal solar cycles
AWS004,Machilipatnam (AWS004),2026-08-22T06:00:00Z,25.26,90.0,1011.76,SYNTHETIC_SIMULATION,SCN_CLEAN_BASELINE,CLEAN_NORMAL,NONE,NONE,NORMAL,0,0,,,none,Normal ambient weather telemetry with diurnal solar cycles
AWS004,Machilipatnam (AWS004),2026-08-22T07:00:00Z,26.71,83.9,1011.71,SYNTHETIC_SIMULATION,SCN_CLEAN_BASELINE,CLEAN_NORMAL,NONE,NONE,NORMAL,0,0,,,none,Normal ambient weather telemetry with diurnal solar cycles
AWS004,Machilipatnam (AWS004),2026-08-22T08:00:00Z,28.95,82.0,1012.5,SYNTHETIC_SIMULATION,SCN_CLEAN_BASELINE,CLEAN_NORMAL,NONE,NONE,NORMAL,0,0,,,none,Normal ambient weather telemetry with diurnal solar cycles
AWS004,Machilipatnam (AWS004),2026-08-22T09:00:00Z,29.61,76.1,1012.89,SYNTHETIC_SIMULATION,SCN_CLEAN_BASELINE,CLEAN_NORMAL,NONE,NONE,NORMAL,0,0,,,none,Normal ambient weather telemetry with diurnal solar cycles
AWS004,Machilipatnam (AWS004),2026-08-22T10:00:00Z,30.8,75.3,1013.54,SYNTHETIC_SIMULATION,SCN_CLEAN_BASELINE,CLEAN_NORMAL,NONE,NONE,NORMAL,0,0,,,none,Normal ambient weather telemetry with diurnal solar cycles
AWS004,Machilipatnam (AWS004),2026-08-22T11:00:00Z,32.54,71.1,1013.92,SYNTHETIC_SIMULATION,SCN_CLEAN_BASELINE,CLEAN_NORMAL,NONE,NONE,NORMAL,0,0,,,none,Normal ambient weather telemetry with diurnal solar cycles
AWS004,Machilipatnam (AWS004),2026-08-22T12:00:00Z,33.09,65.5,1013.46,SYNTHETIC_SIMULATION,SCN_CLEAN_BASELINE,CLEAN_NORMAL,NONE,NONE,NORMAL,0,0,,,none,Normal ambient weather telemetry with diurnal solar cycles
AWS004,Machilipatnam (AWS004),2026-08-22T13:00:00Z,34.75,64.5,1013.53,SYNTHETIC_SIMULATION,SCN_CLEAN_BASELINE,CLEAN_NORMAL,NONE,NONE,NORMAL,0,0,,,none,Normal ambient weather telemetry with diurnal solar cycles
AWS004,Machilipatnam (AWS004),2026-08-22T14:00:00Z,34.92,65.1,1012.89,SYNTHETIC_SIMULATION,SCN_CLEAN_BASELINE,CLEAN_NORMAL,NONE,NONE,NORMAL,0,0,,,none,Normal ambient weather telemetry with diurnal solar cycles
AWS004,Machilipatnam (AWS004),2026-08-22T15:00:00Z,34.33,62.9,1011.84,SYNTHETIC_SIMULATION,SCN_CLEAN_BASELINE,CLEAN_NORMAL,NONE,NONE,NORMAL,0,0,,,none,Normal ambient weather telemetry with diurnal solar cycles
AWS004,Machilipatnam (AWS004),2026-08-22T16:00:00Z,34.63,65.7,1010.96,SYNTHETIC_SIMULATION,SCN_CLEAN_BASELINE,CLEAN_NORMAL,NONE,NONE,NORMAL,0,0,,,none,Normal ambient weather telemetry with diurnal solar cycles
AWS004,Machilipatnam (AWS004),2026-08-22T17:00:00Z,33.74,66.4,1010.93,SYNTHETIC_SIMULATION,SCN_CLEAN_BASELINE,CLEAN_NORMAL,NONE,NONE,NORMAL,0,0,,,none,Normal ambient weather telemetry with diurnal solar cycles
AWS004,Machilipatnam (AWS004),2026-08-22T18:00:00Z,32.8,68.6,1010.05,SYNTHETIC_SIMULATION,SCN_CLEAN_BASELINE,CLEAN_NORMAL,NONE,NONE,NORMAL,0,0,,,none,Normal ambient weather telemetry with diurnal solar cycles
AWS004,Machilipatnam (AWS004),2026-08-22T19:00:00Z,31.73,70.6,1010.23,SYNTHETIC_SIMULATION,SCN_CLEAN_BASELINE,CLEAN_NORMAL,NONE,NONE,NORMAL,0,0,,,none,Normal ambient weather telemetry with diurnal solar cycles
AWS004,Machilipatnam (AWS004),2026-08-22T20:00:00Z,30.08,73.6,1010.36,SYNTHETIC_SIMULATION,SCN_CLEAN_BASELINE,CLEAN_NORMAL,NONE,NONE,NORMAL,0,0,,,none,Normal ambient weather telemetry with diurnal solar cycles
AWS004,Machilipatnam (AWS004),2026-08-22T21:00:00Z,29.51,78.1,1011.01,SYNTHETIC_SIMULATION,SCN_CLEAN_BASELINE,CLEAN_NORMAL,NONE,NONE,NORMAL,0,0,,,none,Normal ambient weather telemetry with diurnal solar cycles
AWS004,Machilipatnam (AWS004),2026-08-22T22:00:00Z,28.51,79.4,1011.43,SYNTHETIC_SIMULATION,SCN_CLEAN_BASELINE,CLEAN_NORMAL,NONE,NONE,NORMAL,0,0,,,none,Normal ambient weather telemetry with diurnal solar cycles
AWS004,Machilipatnam (AWS004),2026-08-22T23:00:00Z,27.45,83.1,1011.97,SYNTHETIC_SIMULATION,SCN_CLEAN_BASELINE,CLEAN_NORMAL,NONE,NONE,NORMAL,0,0,,,none,Normal ambient weather telemetry with diurnal solar cycles
AWS004,Machilipatnam (AWS004),2026-08-23T00:00:00Z,26.77,84.5,1011.85,SYNTHETIC_SIMULATION,SCN_CLEAN_BASELINE,CLEAN_NORMAL,NONE,NONE,NORMAL,0,0,,,none,Normal ambient weather telemetry with diurnal solar cycles
AWS004,Machilipatnam (AWS004),2026-08-23T01:00:00Z,25.79,87.1,1011.26,SYNTHETIC_SIMULATION,SCN_CLEAN_BASELINE,CLEAN_NORMAL,NONE,NONE,NORMAL,0,0,,,none,Normal ambient weather telemetry with diurnal solar cycles
AWS004,Machilipatnam (AWS004),2026-08-23T02:00:00Z,25.75,90.2,1010.7,SYNTHETIC_SIMULATION,SCN_CLEAN_BASELINE,CLEAN_NORMAL,NONE,NONE,NORMAL,0,0,,,none,Normal ambient weather telemetry with diurnal solar cycles
AWS004,Machilipatnam (AWS004),2026-08-23T03:00:00Z,25.31,86.8,1010.27,SYNTHETIC_SIMULATION,SCN_CLEAN_BASELINE,CLEAN_NORMAL,NONE,NONE,NORMAL,0,0,,,none,Normal ambient weather telemetry with diurnal solar cycles
AWS004,Machilipatnam (AWS004),2026-08-23T04:00:00Z,26.24,85.7,1009.14,SYNTHETIC_SIMULATION,SCN_CLEAN_BASELINE,CLEAN_NORMAL,NONE,NONE,NORMAL,0,0,,,none,Normal ambient weather telemetry with diurnal solar cycles
AWS004,Machilipatnam (AWS004),2026-08-23T05:00:00Z,27.01,83.6,1008.26,SYNTHETIC_SIMULATION,SCN_CLEAN_BASELINE,CLEAN_NORMAL,NONE,NONE,NORMAL,0,0,,,none,Normal ambient weather telemetry with diurnal solar cycles
AWS004,Machilipatnam (AWS004),2026-08-23T06:00:00Z,27.8,83.4,1008.24,SYNTHETIC_SIMULATION,SCN_CLEAN_BASELINE,CLEAN_NORMAL,NONE,NONE,NORMAL,0,0,,,none,Normal ambient weather telemetry with diurnal solar cycles
AWS004,Machilipatnam (AWS004),2026-08-23T07:00:00Z,28.96,75.8,1008.48,SYNTHETIC_SIMULATION,SCN_CLEAN_BASELINE,CLEAN_NORMAL,NONE,NONE,NORMAL,0,0,,,none,Normal ambient weather telemetry with diurnal solar cycles
AWS004,Machilipatnam (AWS004),2026-08-23T08:00:00Z,29.88,73.9,1008.73,SYNTHETIC_SIMULATION,SCN_CLEAN_BASELINE,CLEAN_NORMAL,NONE,NONE,NORMAL,0,0,,,none,Normal ambient weather telemetry with diurnal solar cycles
AWS004,Machilipatnam (AWS004),2026-08-23T09:00:00Z,31.5,71.2,1009.09,SYNTHETIC_SIMULATION,SCN_CLEAN_BASELINE,CLEAN_NORMAL,NONE,NONE,NORMAL,0,0,,,none,Normal ambient weather telemetry with diurnal solar cycles
AWS004,Machilipatnam (AWS004),2026-08-23T10:00:00Z,33.74,64.6,1009.55,SYNTHETIC_SIMULATION,SCN_CLEAN_BASELINE,CLEAN_NORMAL,NONE,NONE,NORMAL,0,0,,,none,Normal ambient weather telemetry with diurnal solar cycles
AWS004,Machilipatnam (AWS004),2026-08-23T11:00:00Z,34.82,64.2,1010.13,SYNTHETIC_SIMULATION,SCN_CLEAN_BASELINE,CLEAN_NORMAL,NONE,NONE,NORMAL,0,0,,,none,Normal ambient weather telemetry with diurnal solar cycles
AWS004,Machilipatnam (AWS004),2026-08-23T12:00:00Z,35.75,60.2,1010.28,SYNTHETIC_SIMULATION,SCN_CLEAN_BASELINE,CLEAN_NORMAL,NONE,NONE,NORMAL,0,0,,,none,Normal ambient weather telemetry with diurnal solar cycles
AWS004,Machilipatnam (AWS004),2026-08-23T13:00:00Z,36.8,57.8,1009.01,SYNTHETIC_SIMULATION,SCN_CLEAN_BASELINE,CLEAN_NORMAL,NONE,NONE,NORMAL,0,0,,,none,Normal ambient weather telemetry with diurnal solar cycles
AWS004,Machilipatnam (AWS004),2026-08-23T14:00:00Z,37.38,55.6,1009.07,SYNTHETIC_SIMULATION,SCN_CLEAN_BASELINE,CLEAN_NORMAL,NONE,NONE,NORMAL,0,0,,,none,Normal ambient weather telemetry with diurnal solar cycles
AWS004,Machilipatnam (AWS004),2026-08-23T15:00:00Z,37.35,56.1,1007.92,SYNTHETIC_SIMULATION,SCN_CLEAN_BASELINE,CLEAN_NORMAL,NONE,NONE,NORMAL,0,0,,,none,Normal ambient weather telemetry with diurnal solar cycles
AWS004,Machilipatnam (AWS004),2026-08-23T16:00:00Z,36.19,58.9,1007.33,SYNTHETIC_SIMULATION,SCN_CLEAN_BASELINE,CLEAN_NORMAL,NONE,NONE,NORMAL,0,0,,,none,Normal ambient weather telemetry with diurnal solar cycles
AWS004,Machilipatnam (AWS004),2026-08-23T17:00:00Z,35.82,60.2,1007.1,SYNTHETIC_SIMULATION,SCN_CLEAN_BASELINE,CLEAN_NORMAL,NONE,NONE,NORMAL,0,0,,,none,Normal ambient weather telemetry with diurnal solar cycles
AWS004,Machilipatnam (AWS004),2026-08-23T18:00:00Z,35.12,63.5,1006.65,SYNTHETIC_SIMULATION,SCN_CLEAN_BASELINE,CLEAN_NORMAL,NONE,NONE,NORMAL,0,0,,,none,Normal ambient weather telemetry with diurnal solar cycles
AWS004,Machilipatnam (AWS004),2026-08-23T19:00:00Z,34.61,65.6,1006.88,SYNTHETIC_SIMULATION,SCN_CLEAN_BASELINE,CLEAN_NORMAL,NONE,NONE,NORMAL,0,0,,,none,Normal ambient weather telemetry with diurnal solar cycles
AWS004,Machilipatnam (AWS004),2026-08-23T20:00:00Z,32.91,68.5,1006.84,SYNTHETIC_SIMULATION,SCN_CLEAN_BASELINE,CLEAN_NORMAL,NONE,NONE,NORMAL,0,0,,,none,Normal ambient weather telemetry with diurnal solar cycles
AWS004,Machilipatnam (AWS004),2026-08-23T21:00:00Z,32.11,72.3,1007.58,SYNTHETIC_SIMULATION,SCN_CLEAN_BASELINE,CLEAN_NORMAL,NONE,NONE,NORMAL,0,0,,,none,Normal ambient weather telemetry with diurnal solar cycles
AWS004,Machilipatnam (AWS004),2026-08-23T22:00:00Z,30.76,75.0,1008.25,SYNTHETIC_SIMULATION,SCN_CLEAN_BASELINE,CLEAN_NORMAL,NONE,NONE,NORMAL,0,0,,,none,Normal ambient weather telemetry with diurnal solar cycles
AWS004,Machilipatnam (AWS004),2026-08-23T23:00:00Z,29.36,81.1,1008.09,SYNTHETIC_SIMULATION,SCN_CLEAN_BASELINE,CLEAN_NORMAL,NONE,NONE,NORMAL,0,0,,,none,Normal ambient weather telemetry with diurnal solar cycles
AWS004,Machilipatnam (AWS004),2026-08-24T00:00:00Z,28.27,80.2,1008.63,SYNTHETIC_SIMULATION,SCN_CLEAN_BASELINE,CLEAN_NORMAL,NONE,NONE,NORMAL,0,0,,,none,Normal ambient weather telemetry with diurnal solar cycles
AWS004,Machilipatnam (AWS004),2026-08-24T01:00:00Z,28.02,81.4,1008.57,SYNTHETIC_SIMULATION,SCN_CLEAN_BASELINE,CLEAN_NORMAL,NONE,NONE,NORMAL,0,0,,,none,Normal ambient weather telemetry with diurnal solar cycles
AWS004,Machilipatnam (AWS004),2026-08-24T02:00:00Z,27.99,83.8,1008.02,SYNTHETIC_SIMULATION,SCN_CLEAN_BASELINE,CLEAN_NORMAL,NONE,NONE,NORMAL,0,0,,,none,Normal ambient weather telemetry with diurnal solar cycles
AWS004,Machilipatnam (AWS004),2026-08-24T03:00:00Z,28.26,84.7,1007.07,SYNTHETIC_SIMULATION,SCN_CLEAN_BASELINE,CLEAN_NORMAL,NONE,NONE,NORMAL,0,0,,,none,Normal ambient weather telemetry with diurnal solar cycles
AWS004,Machilipatnam (AWS004),2026-08-24T04:00:00Z,27.9,84.6,1006.55,SYNTHETIC_SIMULATION,SCN_CLEAN_BASELINE,CLEAN_NORMAL,NONE,NONE,NORMAL,0,0,,,none,Normal ambient weather telemetry with diurnal solar cycles
AWS004,Machilipatnam (AWS004),2026-08-24T05:00:00Z,28.8,82.1,1005.81,SYNTHETIC_SIMULATION,SCN_CLEAN_BASELINE,CLEAN_NORMAL,NONE,NONE,NORMAL,0,0,,,none,Normal ambient weather telemetry with diurnal solar cycles
AWS004,Machilipatnam (AWS004),2026-08-24T06:00:00Z,30.04,78.0,1005.44,SYNTHETIC_SIMULATION,SCN_CLEAN_BASELINE,CLEAN_NORMAL,NONE,NONE,NORMAL,0,0,,,none,Normal ambient weather telemetry with diurnal solar cycles
AWS004,Machilipatnam (AWS004),2026-08-24T07:00:00Z,31.39,75.6,1005.81,SYNTHETIC_SIMULATION,SCN_CLEAN_BASELINE,CLEAN_NORMAL,NONE,NONE,NORMAL,0,0,,,none,Normal ambient weather telemetry with diurnal solar cycles
AWS004,Machilipatnam (AWS004),2026-08-24T08:00:00Z,31.63,70.9,1006.24,SYNTHETIC_SIMULATION,SCN_CLEAN_BASELINE,CLEAN_NORMAL,NONE,NONE,NORMAL,0,0,,,none,Normal ambient weather telemetry with diurnal solar cycles
AWS004,Machilipatnam (AWS004),2026-08-24T09:00:00Z,33.68,68.8,1006.92,SYNTHETIC_SIMULATION,SCN_CLEAN_BASELINE,CLEAN_NORMAL,NONE,NONE,NORMAL,0,0,,,none,Normal ambient weather telemetry with diurnal solar cycles
AWS004,Machilipatnam (AWS004),2026-08-24T10:00:00Z,34.84,62.9,1008.21,SYNTHETIC_SIMULATION,SCN_CLEAN_BASELINE,CLEAN_NORMAL,NONE,NONE,NORMAL,0,0,,,none,Normal ambient weather telemetry with diurnal solar cycles
AWS004,Machilipatnam (AWS004),2026-08-24T11:00:00Z,35.52,61.2,1008.08,SYNTHETIC_SIMULATION,SCN_CLEAN_BASELINE,CLEAN_NORMAL,NONE,NONE,NORMAL,0,0,,,none,Normal ambient weather telemetry with diurnal solar cycles
AWS004,Machilipatnam (AWS004),2026-08-24T12:00:00Z,36.23,57.2,1008.6,SYNTHETIC_SIMULATION,SCN_CLEAN_BASELINE,CLEAN_NORMAL,NONE,NONE,NORMAL,0,0,,,none,Normal ambient weather telemetry with diurnal solar cycles
AWS004,Machilipatnam (AWS004),2026-08-24T13:00:00Z,37.74,57.4,1008.16,SYNTHETIC_SIMULATION,SCN_CLEAN_BASELINE,CLEAN_NORMAL,NONE,NONE,NORMAL,0,0,,,none,Normal ambient weather telemetry with diurnal solar cycles
AWS004,Machilipatnam (AWS004),2026-08-24T14:00:00Z,37.44,56.5,1007.91,SYNTHETIC_SIMULATION,SCN_CLEAN_BASELINE,CLEAN_NORMAL,NONE,NONE,NORMAL,0,0,,,none,Normal ambient weather telemetry with diurnal solar cycles
AWS004,Machilipatnam (AWS004),2026-08-24T15:00:00Z,37.59,55.2,1007.01,SYNTHETIC_SIMULATION,SCN_CLEAN_BASELINE,CLEAN_NORMAL,NONE,NONE,NORMAL,0,0,,,none,Normal ambient weather telemetry with diurnal solar cycles
AWS004,Machilipatnam (AWS004),2026-08-24T16:00:00Z,37.4,57.7,1006.35,SYNTHETIC_SIMULATION,SCN_CLEAN_BASELINE,CLEAN_NORMAL,NONE,NONE,NORMAL,0,0,,,none,Normal ambient weather telemetry with diurnal solar cycles
AWS004,Machilipatnam (AWS004),2026-08-24T17:00:00Z,36.69,58.0,1006.0,SYNTHETIC_SIMULATION,SCN_CLEAN_BASELINE,CLEAN_NORMAL,NONE,NONE,NORMAL,0,0,,,none,Normal ambient weather telemetry with diurnal solar cycles
AWS004,Machilipatnam (AWS004),2026-08-24T18:00:00Z,35.72,60.4,1005.75,SYNTHETIC_SIMULATION,SCN_CLEAN_BASELINE,CLEAN_NORMAL,NONE,NONE,NORMAL,0,0,,,none,Normal ambient weather telemetry with diurnal solar cycles
AWS004,Machilipatnam (AWS004),2026-08-24T19:00:00Z,34.73,64.4,1006.14,SYNTHETIC_SIMULATION,SCN_CLEAN_BASELINE,CLEAN_NORMAL,NONE,NONE,NORMAL,0,0,,,none,Normal ambient weather telemetry with diurnal solar cycles
AWS004,Machilipatnam (AWS004),2026-08-24T20:00:00Z,32.64,65.7,1006.9,SYNTHETIC_SIMULATION,SCN_CLEAN_BASELINE,CLEAN_NORMAL,NONE,NONE,NORMAL,0,0,,,none,Normal ambient weather telemetry with diurnal solar cycles
AWS004,Machilipatnam (AWS004),2026-08-24T21:00:00Z,31.77,71.7,1007.63,SYNTHETIC_SIMULATION,SCN_CLEAN_BASELINE,CLEAN_NORMAL,NONE,NONE,NORMAL,0,0,,,none,Normal ambient weather telemetry with diurnal solar cycles
AWS004,Machilipatnam (AWS004),2026-08-24T22:00:00Z,31.03,74.7,1008.05,SYNTHETIC_SIMULATION,SCN_CLEAN_BASELINE,CLEAN_NORMAL,NONE,NONE,NORMAL,0,0,,,none,Normal ambient weather telemetry with diurnal solar cycles
AWS004,Machilipatnam (AWS004),2026-08-24T23:00:00Z,29.19,77.5,1008.5,SYNTHETIC_SIMULATION,SCN_CLEAN_BASELINE,CLEAN_NORMAL,NONE,NONE,NORMAL,0,0,,,none,Normal ambient weather telemetry with diurnal solar cycles
AWS004,Machilipatnam (AWS004),2026-08-25T00:00:00Z,28.57,81.7,1009.56,SYNTHETIC_SIMULATION,SCN_CLEAN_BASELINE,CLEAN_NORMAL,NONE,NONE,NORMAL,0,0,,,none,Normal ambient weather telemetry with diurnal solar cycles
AWS004,Machilipatnam (AWS004),2026-08-25T01:00:00Z,27.09,85.3,1009.37,SYNTHETIC_SIMULATION,SCN_CLEAN_BASELINE,CLEAN_NORMAL,NONE,NONE,NORMAL,0,0,,,none,Normal ambient weather telemetry with diurnal solar cycles
AWS004,Machilipatnam (AWS004),2026-08-25T02:00:00Z,26.45,82.2,1008.43,SYNTHETIC_SIMULATION,SCN_CLEAN_BASELINE,CLEAN_NORMAL,NONE,NONE,NORMAL,0,0,,,none,Normal ambient weather telemetry with diurnal solar cycles
AWS004,Machilipatnam (AWS004),2026-08-25T03:00:00Z,26.94,84.8,1008.05,SYNTHETIC_SIMULATION,SCN_CLEAN_BASELINE,CLEAN_NORMAL,NONE,NONE,NORMAL,0,0,,,none,Normal ambient weather telemetry with diurnal solar cycles
AWS004,Machilipatnam (AWS004),2026-08-25T04:00:00Z,26.62,85.5,1007.47,SYNTHETIC_SIMULATION,SCN_CLEAN_BASELINE,CLEAN_NORMAL,NONE,NONE,NORMAL,0,0,,,none,Normal ambient weather telemetry with diurnal solar cycles
AWS004,Machilipatnam (AWS004),2026-08-25T05:00:00Z,28.48,84.0,1007.04,SYNTHETIC_SIMULATION,SCN_CLEAN_BASELINE,CLEAN_NORMAL,NONE,NONE,NORMAL,0,0,,,none,Normal ambient weather telemetry with diurnal solar cycles
AWS004,Machilipatnam (AWS004),2026-08-25T06:00:00Z,27.85,81.8,1007.38,SYNTHETIC_SIMULATION,SCN_CLEAN_BASELINE,CLEAN_NORMAL,NONE,NONE,NORMAL,0,0,,,none,Normal ambient weather telemetry with diurnal solar cycles
AWS004,Machilipatnam (AWS004),2026-08-25T07:00:00Z,30.0,76.2,1007.7,SYNTHETIC_SIMULATION,SCN_CLEAN_BASELINE,CLEAN_NORMAL,NONE,NONE,NORMAL,0,0,,,none,Normal ambient weather telemetry with diurnal solar cycles
AWS004,Machilipatnam (AWS004),2026-08-25T08:00:00Z,30.49,76.3,1008.19,SYNTHETIC_SIMULATION,SCN_CLEAN_BASELINE,CLEAN_NORMAL,NONE,NONE,NORMAL,0,0,,,none,Normal ambient weather telemetry with diurnal solar cycles
AWS004,Machilipatnam (AWS004),2026-08-25T09:00:00Z,31.82,71.3,1008.65,SYNTHETIC_SIMULATION,SCN_CLEAN_BASELINE,CLEAN_NORMAL,NONE,NONE,NORMAL,0,0,,,none,Normal ambient weather telemetry with diurnal solar cycles
AWS004,Machilipatnam (AWS004),2026-08-25T10:00:00Z,33.26,67.3,1009.67,SYNTHETIC_SIMULATION,SCN_CLEAN_BASELINE,CLEAN_NORMAL,NONE,NONE,NORMAL,0,0,,,none,Normal ambient weather telemetry with diurnal solar cycles
AWS004,Machilipatnam (AWS004),2026-08-25T11:00:00Z,34.58,65.3,1010.15,SYNTHETIC_SIMULATION,SCN_CLEAN_BASELINE,CLEAN_NORMAL,NONE,NONE,NORMAL,0,0,,,none,Normal ambient weather telemetry with diurnal solar cycles
AWS004,Machilipatnam (AWS004),2026-08-25T12:00:00Z,35.04,62.5,1011.03,SYNTHETIC_SIMULATION,SCN_CLEAN_BASELINE,CLEAN_NORMAL,NONE,NONE,NORMAL,0,0,,,none,Normal ambient weather telemetry with diurnal solar cycles
AWS004,Machilipatnam (AWS004),2026-08-25T13:00:00Z,35.63,59.8,1010.97,SYNTHETIC_SIMULATION,SCN_CLEAN_BASELINE,CLEAN_NORMAL,NONE,NONE,NORMAL,0,0,,,none,Normal ambient weather telemetry with diurnal solar cycles
AWS004,Machilipatnam (AWS004),2026-08-25T14:00:00Z,35.83,60.7,1010.55,SYNTHETIC_SIMULATION,SCN_CLEAN_BASELINE,CLEAN_NORMAL,NONE,NONE,NORMAL,0,0,,,none,Normal ambient weather telemetry with diurnal solar cycles
AWS004,Machilipatnam (AWS004),2026-08-25T15:00:00Z,35.87,61.3,1009.78,SYNTHETIC_SIMULATION,SCN_CLEAN_BASELINE,CLEAN_NORMAL,NONE,NONE,NORMAL,0,0,,,none,Normal ambient weather telemetry with diurnal solar cycles
AWS004,Machilipatnam (AWS004),2026-08-25T16:00:00Z,36.24,61.6,1009.69,SYNTHETIC_SIMULATION,SCN_CLEAN_BASELINE,CLEAN_NORMAL,NONE,NONE,NORMAL,0,0,,,none,Normal ambient weather telemetry with diurnal solar cycles
AWS004,Machilipatnam (AWS004),2026-08-25T17:00:00Z,34.99,61.7,1009.29,SYNTHETIC_SIMULATION,SCN_CLEAN_BASELINE,CLEAN_NORMAL,NONE,NONE,NORMAL,0,0,,,none,Normal ambient weather telemetry with diurnal solar cycles
AWS004,Machilipatnam (AWS004),2026-08-25T18:00:00Z,33.91,63.3,1009.11,SYNTHETIC_SIMULATION,SCN_CLEAN_BASELINE,CLEAN_NORMAL,NONE,NONE,NORMAL,0,0,,,none,Normal ambient weather telemetry with diurnal solar cycles
AWS004,Machilipatnam (AWS004),2026-08-25T19:00:00Z,32.16,70.4,1009.22,SYNTHETIC_SIMULATION,SCN_CLEAN_BASELINE,CLEAN_NORMAL,NONE,NONE,NORMAL,0,0,,,none,Normal ambient weather telemetry with diurnal solar cycles
AWS004,Machilipatnam (AWS004),2026-08-25T20:00:00Z,30.99,72.3,1010.2,SYNTHETIC_SIMULATION,SCN_CLEAN_BASELINE,CLEAN_NORMAL,NONE,NONE,NORMAL,0,0,,,none,Normal ambient weather telemetry with diurnal solar cycles
AWS004,Machilipatnam (AWS004),2026-08-25T21:00:00Z,29.72,76.7,1011.03,SYNTHETIC_SIMULATION,SCN_CLEAN_BASELINE,CLEAN_NORMAL,NONE,NONE,NORMAL,0,0,,,none,Normal ambient weather telemetry with diurnal solar cycles
AWS004,Machilipatnam (AWS004),2026-08-25T22:00:00Z,28.4,81.8,1012.03,SYNTHETIC_SIMULATION,SCN_CLEAN_BASELINE,CLEAN_NORMAL,NONE,NONE,NORMAL,0,0,,,none,Normal ambient weather telemetry with diurnal solar cycles
AWS004,Machilipatnam (AWS004),2026-08-25T23:00:00Z,26.92,85.7,1012.38,SYNTHETIC_SIMULATION,SCN_CLEAN_BASELINE,CLEAN_NORMAL,NONE,NONE,NORMAL,0,0,,,none,Normal ambient weather telemetry with diurnal solar cycles
AWS004,Machilipatnam (AWS004),2026-08-26T00:00:00Z,25.67,89.3,1012.78,SYNTHETIC_SIMULATION,SCN_CLEAN_BASELINE,CLEAN_NORMAL,NONE,NONE,NORMAL,0,0,,,none,Normal ambient weather telemetry with diurnal solar cycles
AWS004,Machilipatnam (AWS004),2026-08-26T01:00:00Z,25.44,90.5,1012.76,SYNTHETIC_SIMULATION,SCN_CLEAN_BASELINE,CLEAN_NORMAL,NONE,NONE,NORMAL,0,0,,,none,Normal ambient weather telemetry with diurnal solar cycles
AWS004,Machilipatnam (AWS004),2026-08-26T02:00:00Z,24.26,91.4,1012.3,SYNTHETIC_SIMULATION,SCN_CLEAN_BASELINE,CLEAN_NORMAL,NONE,NONE,NORMAL,0,0,,,none,Normal ambient weather telemetry with diurnal solar cycles
AWS004,Machilipatnam (AWS004),2026-08-26T03:00:00Z,24.45,92.8,1011.72,SYNTHETIC_SIMULATION,SCN_CLEAN_BASELINE,CLEAN_NORMAL,NONE,NONE,NORMAL,0,0,,,none,Normal ambient weather telemetry with diurnal solar cycles
AWS004,Machilipatnam (AWS004),2026-08-26T04:00:00Z,24.89,88.3,1011.01,SYNTHETIC_SIMULATION,SCN_CLEAN_BASELINE,CLEAN_NORMAL,NONE,NONE,NORMAL,0,0,,,none,Normal ambient weather telemetry with diurnal solar cycles
AWS004,Machilipatnam (AWS004),2026-08-26T05:00:00Z,25.46,89.5,1011.41,SYNTHETIC_SIMULATION,SCN_CLEAN_BASELINE,CLEAN_NORMAL,NONE,NONE,NORMAL,0,0,,,none,Normal ambient weather telemetry with diurnal solar cycles
AWS004,Machilipatnam (AWS004),2026-08-26T06:00:00Z,26.25,87.5,1011.29,SYNTHETIC_SIMULATION,SCN_CLEAN_BASELINE,CLEAN_NORMAL,NONE,NONE,NORMAL,0,0,,,none,Normal ambient weather telemetry with diurnal solar cycles
AWS004,Machilipatnam (AWS004),2026-08-26T07:00:00Z,27.32,83.7,1011.36,SYNTHETIC_SIMULATION,SCN_CLEAN_BASELINE,CLEAN_NORMAL,NONE,NONE,NORMAL,0,0,,,none,Normal ambient weather telemetry with diurnal solar cycles
AWS004,Machilipatnam (AWS004),2026-08-26T08:00:00Z,28.65,81.2,1011.71,SYNTHETIC_SIMULATION,SCN_CLEAN_BASELINE,CLEAN_NORMAL,NONE,NONE,NORMAL,0,0,,,none,Normal ambient weather telemetry with diurnal solar cycles
AWS004,Machilipatnam (AWS004),2026-08-26T09:00:00Z,29.76,76.8,1012.55,SYNTHETIC_SIMULATION,SCN_CLEAN_BASELINE,CLEAN_NORMAL,NONE,NONE,NORMAL,0,0,,,none,Normal ambient weather telemetry with diurnal solar cycles
AWS004,Machilipatnam (AWS004),2026-08-26T10:00:00Z,31.48,74.1,1013.66,SYNTHETIC_SIMULATION,SCN_CLEAN_BASELINE,CLEAN_NORMAL,NONE,NONE,NORMAL,0,0,,,none,Normal ambient weather telemetry with diurnal solar cycles
AWS004,Machilipatnam (AWS004),2026-08-26T11:00:00Z,32.35,69.7,1014.27,SYNTHETIC_SIMULATION,SCN_CLEAN_BASELINE,CLEAN_NORMAL,NONE,NONE,NORMAL,0,0,,,none,Normal ambient weather telemetry with diurnal solar cycles
AWS004,Machilipatnam (AWS004),2026-08-26T12:00:00Z,33.3,66.4,1014.6,SYNTHETIC_SIMULATION,SCN_CLEAN_BASELINE,CLEAN_NORMAL,NONE,NONE,NORMAL,0,0,,,none,Normal ambient weather telemetry with diurnal solar cycles
AWS004,Machilipatnam (AWS004),2026-08-26T13:00:00Z,33.23,66.9,1014.24,SYNTHETIC_SIMULATION,SCN_CLEAN_BASELINE,CLEAN_NORMAL,NONE,NONE,NORMAL,0,0,,,none,Normal ambient weather telemetry with diurnal solar cycles
AWS004,Machilipatnam (AWS004),2026-08-26T14:00:00Z,33.58,65.8,1014.21,SYNTHETIC_SIMULATION,SCN_CLEAN_BASELINE,CLEAN_NORMAL,NONE,NONE,NORMAL,0,0,,,none,Normal ambient weather telemetry with diurnal solar cycles
AWS004,Machilipatnam (AWS004),2026-08-26T15:00:00Z,33.16,65.6,1013.55,SYNTHETIC_SIMULATION,SCN_CLEAN_BASELINE,CLEAN_NORMAL,NONE,NONE,NORMAL,0,0,,,none,Normal ambient weather telemetry with diurnal solar cycles
AWS004,Machilipatnam (AWS004),2026-08-26T16:00:00Z,33.15,66.0,1012.41,SYNTHETIC_SIMULATION,SCN_CLEAN_BASELINE,CLEAN_NORMAL,NONE,NONE,NORMAL,0,0,,,none,Normal ambient weather telemetry with diurnal solar cycles
AWS004,Machilipatnam (AWS004),2026-08-26T17:00:00Z,32.75,69.6,1012.3,SYNTHETIC_SIMULATION,SCN_CLEAN_BASELINE,CLEAN_NORMAL,NONE,NONE,NORMAL,0,0,,,none,Normal ambient weather telemetry with diurnal solar cycles
AWS004,Machilipatnam (AWS004),2026-08-26T18:00:00Z,31.79,72.4,1012.03,SYNTHETIC_SIMULATION,SCN_CLEAN_BASELINE,CLEAN_NORMAL,NONE,NONE,NORMAL,0,0,,,none,Normal ambient weather telemetry with diurnal solar cycles
AWS004,Machilipatnam (AWS004),2026-08-26T19:00:00Z,30.19,73.8,1012.55,SYNTHETIC_SIMULATION,SCN_CLEAN_BASELINE,CLEAN_NORMAL,NONE,NONE,NORMAL,0,0,,,none,Normal ambient weather telemetry with diurnal solar cycles
AWS004,Machilipatnam (AWS004),2026-08-26T20:00:00Z,28.97,77.7,1012.75,SYNTHETIC_SIMULATION,SCN_CLEAN_BASELINE,CLEAN_NORMAL,NONE,NONE,NORMAL,0,0,,,none,Normal ambient weather telemetry with diurnal solar cycles
AWS004,Machilipatnam (AWS004),2026-08-26T21:00:00Z,27.99,82.5,1013.98,SYNTHETIC_SIMULATION,SCN_CLEAN_BASELINE,CLEAN_NORMAL,NONE,NONE,NORMAL,0,0,,,none,Normal ambient weather telemetry with diurnal solar cycles
AWS004,Machilipatnam (AWS004),2026-08-26T22:00:00Z,26.69,85.5,1015.01,SYNTHETIC_SIMULATION,SCN_CLEAN_BASELINE,CLEAN_NORMAL,NONE,NONE,NORMAL,0,0,,,none,Normal ambient weather telemetry with diurnal solar cycles
AWS004,Machilipatnam (AWS004),2026-08-26T23:00:00Z,25.5,88.7,1014.83,SYNTHETIC_SIMULATION,SCN_CLEAN_BASELINE,CLEAN_NORMAL,NONE,NONE,NORMAL,0,0,,,none,Normal ambient weather telemetry with diurnal solar cycles
AWS004,Machilipatnam (AWS004),2026-08-27T00:00:00Z,24.36,89.8,1015.22,SYNTHETIC_SIMULATION,SCN_CLEAN_BASELINE,CLEAN_NORMAL,NONE,NONE,NORMAL,0,0,,,none,Normal ambient weather telemetry with diurnal solar cycles
AWS004,Machilipatnam (AWS004),2026-08-27T01:00:00Z,23.97,92.8,1015.16,SYNTHETIC_SIMULATION,SCN_CLEAN_BASELINE,CLEAN_NORMAL,NONE,NONE,NORMAL,0,0,,,none,Normal ambient weather telemetry with diurnal solar cycles
AWS004,Machilipatnam (AWS004),2026-08-27T02:00:00Z,23.32,95.5,1015.01,SYNTHETIC_SIMULATION,SCN_CLEAN_BASELINE,CLEAN_NORMAL,NONE,NONE,NORMAL,0,0,,,none,Normal ambient weather telemetry with diurnal solar cycles
AWS004,Machilipatnam (AWS004),2026-08-27T03:00:00Z,23.36,95.6,1014.16,SYNTHETIC_SIMULATION,SCN_CLEAN_BASELINE,CLEAN_NORMAL,NONE,NONE,NORMAL,0,0,,,none,Normal ambient weather telemetry with diurnal solar cycles
AWS004,Machilipatnam (AWS004),2026-08-27T04:00:00Z,23.52,93.2,1013.53,SYNTHETIC_SIMULATION,SCN_CLEAN_BASELINE,CLEAN_NORMAL,NONE,NONE,NORMAL,0,0,,,none,Normal ambient weather telemetry with diurnal solar cycles
AWS004,Machilipatnam (AWS004),2026-08-27T05:00:00Z,23.79,92.0,1012.62,SYNTHETIC_SIMULATION,SCN_CLEAN_BASELINE,CLEAN_NORMAL,NONE,NONE,NORMAL,0,0,,,none,Normal ambient weather telemetry with diurnal solar cycles
AWS004,Machilipatnam (AWS004),2026-08-27T06:00:00Z,25.79,89.5,1012.5,SYNTHETIC_SIMULATION,SCN_CLEAN_BASELINE,CLEAN_NORMAL,NONE,NONE,NORMAL,0,0,,,none,Normal ambient weather telemetry with diurnal solar cycles
AWS004,Machilipatnam (AWS004),2026-08-27T07:00:00Z,26.52,85.8,1012.6,SYNTHETIC_SIMULATION,SCN_CLEAN_BASELINE,CLEAN_NORMAL,NONE,NONE,NORMAL,0,0,,,none,Normal ambient weather telemetry with diurnal solar cycles
AWS004,Machilipatnam (AWS004),2026-08-27T08:00:00Z,27.75,81.2,1013.06,SYNTHETIC_SIMULATION,SCN_CLEAN_BASELINE,CLEAN_NORMAL,NONE,NONE,NORMAL,0,0,,,none,Normal ambient weather telemetry with diurnal solar cycles
AWS004,Machilipatnam (AWS004),2026-08-27T09:00:00Z,29.27,79.8,1014.29,SYNTHETIC_SIMULATION,SCN_CLEAN_BASELINE,CLEAN_NORMAL,NONE,NONE,NORMAL,0,0,,,none,Normal ambient weather telemetry with diurnal solar cycles
AWS004,Machilipatnam (AWS004),2026-08-27T10:00:00Z,30.07,75.3,1014.99,SYNTHETIC_SIMULATION,SCN_CLEAN_BASELINE,CLEAN_NORMAL,NONE,NONE,NORMAL,0,0,,,none,Normal ambient weather telemetry with diurnal solar cycles
AWS004,Machilipatnam (AWS004),2026-08-27T11:00:00Z,31.37,70.7,1014.58,SYNTHETIC_SIMULATION,SCN_CLEAN_BASELINE,CLEAN_NORMAL,NONE,NONE,NORMAL,0,0,,,none,Normal ambient weather telemetry with diurnal solar cycles
AWS004,Machilipatnam (AWS004),2026-08-27T12:00:00Z,31.81,69.7,1014.98,SYNTHETIC_SIMULATION,SCN_CLEAN_BASELINE,CLEAN_NORMAL,NONE,NONE,NORMAL,0,0,,,none,Normal ambient weather telemetry with diurnal solar cycles
AWS004,Machilipatnam (AWS004),2026-08-27T13:00:00Z,33.78,67.8,1014.39,SYNTHETIC_SIMULATION,SCN_CLEAN_BASELINE,CLEAN_NORMAL,NONE,NONE,NORMAL,0,0,,,none,Normal ambient weather telemetry with diurnal solar cycles
AWS004,Machilipatnam (AWS004),2026-08-27T14:00:00Z,33.61,65.9,1014.32,SYNTHETIC_SIMULATION,SCN_CLEAN_BASELINE,CLEAN_NORMAL,NONE,NONE,NORMAL,0,0,,,none,Normal ambient weather telemetry with diurnal solar cycles
AWS004,Machilipatnam (AWS004),2026-08-27T15:00:00Z,34.11,65.5,1013.78,SYNTHETIC_SIMULATION,SCN_CLEAN_BASELINE,CLEAN_NORMAL,NONE,NONE,NORMAL,0,0,,,none,Normal ambient weather telemetry with diurnal solar cycles
AWS004,Machilipatnam (AWS004),2026-08-27T16:00:00Z,33.29,66.1,1012.6,SYNTHETIC_SIMULATION,SCN_CLEAN_BASELINE,CLEAN_NORMAL,NONE,NONE,NORMAL,0,0,,,none,Normal ambient weather telemetry with diurnal solar cycles
AWS004,Machilipatnam (AWS004),2026-08-27T17:00:00Z,33.62,67.6,1011.98,SYNTHETIC_SIMULATION,SCN_CLEAN_BASELINE,CLEAN_NORMAL,NONE,NONE,NORMAL,0,0,,,none,Normal ambient weather telemetry with diurnal solar cycles
AWS004,Machilipatnam (AWS004),2026-08-27T18:00:00Z,31.88,72.5,1012.0,SYNTHETIC_SIMULATION,SCN_CLEAN_BASELINE,CLEAN_NORMAL,NONE,NONE,NORMAL,0,0,,,none,Normal ambient weather telemetry with diurnal solar cycles
AWS004,Machilipatnam (AWS004),2026-08-27T19:00:00Z,30.72,73.8,1011.91,SYNTHETIC_SIMULATION,SCN_CLEAN_BASELINE,CLEAN_NORMAL,NONE,NONE,NORMAL,0,0,,,none,Normal ambient weather telemetry with diurnal solar cycles
AWS004,Machilipatnam (AWS004),2026-08-27T20:00:00Z,29.42,78.3,1012.13,SYNTHETIC_SIMULATION,SCN_CLEAN_BASELINE,CLEAN_NORMAL,NONE,NONE,NORMAL,0,0,,,none,Normal ambient weather telemetry with diurnal solar cycles
AWS004,Machilipatnam (AWS004),2026-08-27T21:00:00Z,28.23,82.1,1012.45,SYNTHETIC_SIMULATION,SCN_CLEAN_BASELINE,CLEAN_NORMAL,NONE,NONE,NORMAL,0,0,,,none,Normal ambient weather telemetry with diurnal solar cycles
AWS004,Machilipatnam (AWS004),2026-08-27T22:00:00Z,27.47,83.7,1013.21,SYNTHETIC_SIMULATION,SCN_CLEAN_BASELINE,CLEAN_NORMAL,NONE,NONE,NORMAL,0,0,,,none,Normal ambient weather telemetry with diurnal solar cycles
AWS004,Machilipatnam (AWS004),2026-08-27T23:00:00Z,26.19,86.5,1014.05,SYNTHETIC_SIMULATION,SCN_CLEAN_BASELINE,CLEAN_NORMAL,NONE,NONE,NORMAL,0,0,,,none,Normal ambient weather telemetry with diurnal solar cycles
HYD_AWS_01,Hyderabad (AWS030),2026-08-01T00:00:00Z,25.39,79.5,1010.1,SYNTHETIC_SIMULATION,SCN_CLEAN_BASELINE,CLEAN_NORMAL,NONE,NONE,NORMAL,0,0,,,none,Normal ambient weather telemetry with diurnal solar cycles
HYD_AWS_01,Hyderabad (AWS030),2026-08-01T01:00:00Z,25.02,81.9,1009.63,SYNTHETIC_SIMULATION,SCN_CLEAN_BASELINE,CLEAN_NORMAL,NONE,NONE,NORMAL,0,0,,,none,Normal ambient weather telemetry with diurnal solar cycles
HYD_AWS_01,Hyderabad (AWS030),2026-08-01T02:00:00Z,23.83,82.5,1008.77,SYNTHETIC_SIMULATION,SCN_CLEAN_BASELINE,CLEAN_NORMAL,NONE,NONE,NORMAL,0,0,,,none,Normal ambient weather telemetry with diurnal solar cycles
HYD_AWS_01,Hyderabad (AWS030),2026-08-01T03:00:00Z,24.29,81.8,1007.71,SYNTHETIC_SIMULATION,SCN_CLEAN_BASELINE,CLEAN_NORMAL,NONE,NONE,NORMAL,0,0,,,none,Normal ambient weather telemetry with diurnal solar cycles
HYD_AWS_01,Hyderabad (AWS030),2026-08-01T04:00:00Z,25.15,81.5,1007.33,SYNTHETIC_SIMULATION,SCN_CLEAN_BASELINE,CLEAN_NORMAL,NONE,NONE,NORMAL,0,0,,,none,Normal ambient weather telemetry with diurnal solar cycles
HYD_AWS_01,Hyderabad (AWS030),2026-08-01T05:00:00Z,26.57,78.5,1006.23,SYNTHETIC_SIMULATION,SCN_CLEAN_BASELINE,CLEAN_NORMAL,NONE,NONE,NORMAL,0,0,,,none,Normal ambient weather telemetry with diurnal solar cycles
HYD_AWS_01,Hyderabad (AWS030),2026-08-01T06:00:00Z,27.56,74.8,1006.43,SYNTHETIC_SIMULATION,SCN_CLEAN_BASELINE,CLEAN_NORMAL,NONE,NONE,NORMAL,0,0,,,none,Normal ambient weather telemetry with diurnal solar cycles
HYD_AWS_01,Hyderabad (AWS030),2026-08-01T07:00:00Z,28.79,66.7,1006.02,SYNTHETIC_SIMULATION,SCN_CLEAN_BASELINE,CLEAN_NORMAL,NONE,NONE,NORMAL,0,0,,,none,Normal ambient weather telemetry with diurnal solar cycles
HYD_AWS_01,Hyderabad (AWS030),2026-08-01T08:00:00Z,31.47,62.5,1006.8,SYNTHETIC_SIMULATION,SCN_CLEAN_BASELINE,CLEAN_NORMAL,NONE,NONE,NORMAL,0,0,,,none,Normal ambient weather telemetry with diurnal solar cycles
HYD_AWS_01,Hyderabad (AWS030),2026-08-01T09:00:00Z,33.68,54.0,1006.95,SYNTHETIC_SIMULATION,SCN_CLEAN_BASELINE,CLEAN_NORMAL,NONE,NONE,NORMAL,0,0,,,none,Normal ambient weather telemetry with diurnal solar cycles
HYD_AWS_01,Hyderabad (AWS030),2026-08-01T10:00:00Z,35.83,49.7,1008.0,SYNTHETIC_SIMULATION,SCN_CLEAN_BASELINE,CLEAN_NORMAL,NONE,NONE,NORMAL,0,0,,,none,Normal ambient weather telemetry with diurnal solar cycles
HYD_AWS_01,Hyderabad (AWS030),2026-08-01T11:00:00Z,37.58,47.3,1007.85,SYNTHETIC_SIMULATION,SCN_CLEAN_BASELINE,CLEAN_NORMAL,NONE,NONE,NORMAL,0,0,,,none,Normal ambient weather telemetry with diurnal solar cycles
HYD_AWS_01,Hyderabad (AWS030),2026-08-01T12:00:00Z,39.33,41.4,1008.38,SYNTHETIC_SIMULATION,SCN_CLEAN_BASELINE,CLEAN_NORMAL,NONE,NONE,NORMAL,0,0,,,none,Normal ambient weather telemetry with diurnal solar cycles
HYD_AWS_01,Hyderabad (AWS030),2026-08-01T13:00:00Z,40.45,38.8,1007.99,SYNTHETIC_SIMULATION,SCN_CLEAN_BASELINE,CLEAN_NORMAL,NONE,NONE,NORMAL,0,0,,,none,Normal ambient weather telemetry with diurnal solar cycles
HYD_AWS_01,Hyderabad (AWS030),2026-08-01T14:00:00Z,40.96,34.9,1007.36,SYNTHETIC_SIMULATION,SCN_CLEAN_BASELINE,CLEAN_NORMAL,NONE,NONE,NORMAL,0,0,,,none,Normal ambient weather telemetry with diurnal solar cycles
HYD_AWS_01,Hyderabad (AWS030),2026-08-01T15:00:00Z,40.65,36.6,1006.74,SYNTHETIC_SIMULATION,SCN_CLEAN_BASELINE,CLEAN_NORMAL,NONE,NONE,NORMAL,0,0,,,none,Normal ambient weather telemetry with diurnal solar cycles
HYD_AWS_01,Hyderabad (AWS030),2026-08-01T16:00:00Z,40.66,36.5,1005.67,SYNTHETIC_SIMULATION,SCN_CLEAN_BASELINE,CLEAN_NORMAL,NONE,NONE,NORMAL,0,0,,,none,Normal ambient weather telemetry with diurnal solar cycles
HYD_AWS_01,Hyderabad (AWS030),2026-08-01T17:00:00Z,40.05,41.0,1005.24,SYNTHETIC_SIMULATION,SCN_CLEAN_BASELINE,CLEAN_NORMAL,NONE,NONE,NORMAL,0,0,,,none,Normal ambient weather telemetry with diurnal solar cycles
HYD_AWS_01,Hyderabad (AWS030),2026-08-01T18:00:00Z,37.6,44.6,1004.68,SYNTHETIC_SIMULATION,SCN_CLEAN_BASELINE,CLEAN_NORMAL,NONE,NONE,NORMAL,0,0,,,none,Normal ambient weather telemetry with diurnal solar cycles
HYD_AWS_01,Hyderabad (AWS030),2026-08-01T19:00:00Z,36.39,47.6,1005.23,SYNTHETIC_SIMULATION,SCN_CLEAN_BASELINE,CLEAN_NORMAL,NONE,NONE,NORMAL,0,0,,,none,Normal ambient weather telemetry with diurnal solar cycles
HYD_AWS_01,Hyderabad (AWS030),2026-08-01T20:00:00Z,34.74,54.6,1005.41,SYNTHETIC_SIMULATION,SCN_CLEAN_BASELINE,CLEAN_NORMAL,NONE,NONE,NORMAL,0,0,,,none,Normal ambient weather telemetry with diurnal solar cycles
HYD_AWS_01,Hyderabad (AWS030),2026-08-01T21:00:00Z,32.73,57.0,1006.14,SYNTHETIC_SIMULATION,SCN_CLEAN_BASELINE,CLEAN_NORMAL,NONE,NONE,NORMAL,0,0,,,none,Normal ambient weather telemetry with diurnal solar cycles
HYD_AWS_01,Hyderabad (AWS030),2026-08-01T22:00:00Z,30.57,65.0,1006.59,SYNTHETIC_SIMULATION,SCN_CLEAN_BASELINE,CLEAN_NORMAL,NONE,NONE,NORMAL,0,0,,,none,Normal ambient weather telemetry with diurnal solar cycles
HYD_AWS_01,Hyderabad (AWS030),2026-08-01T23:00:00Z,28.91,69.2,1006.81,SYNTHETIC_SIMULATION,SCN_CLEAN_BASELINE,CLEAN_NORMAL,NONE,NONE,NORMAL,0,0,,,none,Normal ambient weather telemetry with diurnal solar cycles
HYD_AWS_01,Hyderabad (AWS030),2026-08-02T00:00:00Z,28.09,74.0,1006.77,SYNTHETIC_SIMULATION,SCN_CLEAN_BASELINE,CLEAN_NORMAL,NONE,NONE,NORMAL,0,0,,,none,Normal ambient weather telemetry with diurnal solar cycles
HYD_AWS_01,Hyderabad (AWS030),2026-08-02T01:00:00Z,27.41,77.1,1006.21,SYNTHETIC_SIMULATION,SCN_CLEAN_BASELINE,CLEAN_NORMAL,NONE,NONE,NORMAL,0,0,,,none,Normal ambient weather telemetry with diurnal solar cycles
HYD_AWS_01,Hyderabad (AWS030),2026-08-02T02:00:00Z,25.86,80.0,1005.86,SYNTHETIC_SIMULATION,SCN_CLEAN_BASELINE,CLEAN_NORMAL,NONE,NONE,NORMAL,0,0,,,none,Normal ambient weather telemetry with diurnal solar cycles
HYD_AWS_01,Hyderabad (AWS030),2026-08-02T03:00:00Z,26.07,74.8,1005.37,SYNTHETIC_SIMULATION,SCN_CLEAN_BASELINE,CLEAN_NORMAL,NONE,NONE,NORMAL,0,0,,,none,Normal ambient weather telemetry with diurnal solar cycles
HYD_AWS_01,Hyderabad (AWS030),2026-08-02T04:00:00Z,26.43,77.4,1004.76,SYNTHETIC_SIMULATION,SCN_CLEAN_BASELINE,CLEAN_NORMAL,NONE,NONE,NORMAL,0,0,,,none,Normal ambient weather telemetry with diurnal solar cycles
HYD_AWS_01,Hyderabad (AWS030),2026-08-02T05:00:00Z,27.25,73.6,1004.0,SYNTHETIC_SIMULATION,SCN_CLEAN_BASELINE,CLEAN_NORMAL,NONE,NONE,NORMAL,0,0,,,none,Normal ambient weather telemetry with diurnal solar cycles
HYD_AWS_01,Hyderabad (AWS030),2026-08-02T06:00:00Z,29.05,69.7,1003.68,SYNTHETIC_SIMULATION,SCN_CLEAN_BASELINE,CLEAN_NORMAL,NONE,NONE,NORMAL,0,0,,,none,Normal ambient weather telemetry with diurnal solar cycles
HYD_AWS_01,Hyderabad (AWS030),2026-08-02T07:00:00Z,30.97,62.8,1004.23,SYNTHETIC_SIMULATION,SCN_CLEAN_BASELINE,CLEAN_NORMAL,NONE,NONE,NORMAL,0,0,,,none,Normal ambient weather telemetry with diurnal solar cycles
HYD_AWS_01,Hyderabad (AWS030),2026-08-02T08:00:00Z,33.35,59.8,1004.3,SYNTHETIC_SIMULATION,SCN_CLEAN_BASELINE,CLEAN_NORMAL,NONE,NONE,NORMAL,0,0,,,none,Normal ambient weather telemetry with diurnal solar cycles
HYD_AWS_01,Hyderabad (AWS030),2026-08-02T09:00:00Z,34.63,53.3,1005.11,SYNTHETIC_SIMULATION,SCN_CLEAN_BASELINE,CLEAN_NORMAL,NONE,NONE,NORMAL,0,0,,,none,Normal ambient weather telemetry with diurnal solar cycles
HYD_AWS_01,Hyderabad (AWS030),2026-08-02T10:00:00Z,36.88,48.0,1005.99,SYNTHETIC_SIMULATION,SCN_CLEAN_BASELINE,CLEAN_NORMAL,NONE,NONE,NORMAL,0,0,,,none,Normal ambient weather telemetry with diurnal solar cycles
HYD_AWS_01,Hyderabad (AWS030),2026-08-02T11:00:00Z,39.13,42.5,1006.21,SYNTHETIC_SIMULATION,SCN_CLEAN_BASELINE,CLEAN_NORMAL,NONE,NONE,NORMAL,0,0,,,none,Normal ambient weather telemetry with diurnal solar cycles
HYD_AWS_01,Hyderabad (AWS030),2026-08-02T12:00:00Z,39.7,38.1,1006.61,SYNTHETIC_SIMULATION,SCN_CLEAN_BASELINE,CLEAN_NORMAL,NONE,NONE,NORMAL,0,0,,,none,Normal ambient weather telemetry with diurnal solar cycles
HYD_AWS_01,Hyderabad (AWS030),2026-08-02T13:00:00Z,41.14,34.6,1006.26,SYNTHETIC_SIMULATION,SCN_CLEAN_BASELINE,CLEAN_NORMAL,NONE,NONE,NORMAL,0,0,,,none,Normal ambient weather telemetry with diurnal solar cycles
HYD_AWS_01,Hyderabad (AWS030),2026-08-02T14:00:00Z,41.5,36.7,1005.86,SYNTHETIC_SIMULATION,SCN_CLEAN_BASELINE,CLEAN_NORMAL,NONE,NONE,NORMAL,0,0,,,none,Normal ambient weather telemetry with diurnal solar cycles
HYD_AWS_01,Hyderabad (AWS030),2026-08-02T15:00:00Z,42.06,35.8,1005.56,SYNTHETIC_SIMULATION,SCN_CLEAN_BASELINE,CLEAN_NORMAL,NONE,NONE,NORMAL,0,0,,,none,Normal ambient weather telemetry with diurnal solar cycles
HYD_AWS_01,Hyderabad (AWS030),2026-08-02T16:00:00Z,41.1,36.2,1004.8,SYNTHETIC_SIMULATION,SCN_CLEAN_BASELINE,CLEAN_NORMAL,NONE,NONE,NORMAL,0,0,,,none,Normal ambient weather telemetry with diurnal solar cycles
HYD_AWS_01,Hyderabad (AWS030),2026-08-02T17:00:00Z,39.75,39.8,1004.08,SYNTHETIC_SIMULATION,SCN_CLEAN_BASELINE,CLEAN_NORMAL,NONE,NONE,NORMAL,0,0,,,none,Normal ambient weather telemetry with diurnal solar cycles
HYD_AWS_01,Hyderabad (AWS030),2026-08-02T18:00:00Z,38.86,42.7,1004.02,SYNTHETIC_SIMULATION,SCN_CLEAN_BASELINE,CLEAN_NORMAL,NONE,NONE,NORMAL,0,0,,,none,Normal ambient weather telemetry with diurnal solar cycles
HYD_AWS_01,Hyderabad (AWS030),2026-08-02T19:00:00Z,36.76,46.8,1004.14,SYNTHETIC_SIMULATION,SCN_CLEAN_BASELINE,CLEAN_NORMAL,NONE,NONE,NORMAL,0,0,,,none,Normal ambient weather telemetry with diurnal solar cycles
HYD_AWS_01,Hyderabad (AWS030),2026-08-02T20:00:00Z,34.69,53.2,1004.83,SYNTHETIC_SIMULATION,SCN_CLEAN_BASELINE,CLEAN_NORMAL,NONE,NONE,NORMAL,0,0,,,none,Normal ambient weather telemetry with diurnal solar cycles
HYD_AWS_01,Hyderabad (AWS030),2026-08-02T21:00:00Z,32.52,58.6,1005.55,SYNTHETIC_SIMULATION,SCN_CLEAN_BASELINE,CLEAN_NORMAL,NONE,NONE,NORMAL,0,0,,,none,Normal ambient weather telemetry with diurnal solar cycles
HYD_AWS_01,Hyderabad (AWS030),2026-08-02T22:00:00Z,30.77,65.5,1006.29,SYNTHETIC_SIMULATION,SCN_CLEAN_BASELINE,CLEAN_NORMAL,NONE,NONE,NORMAL,0,0,,,none,Normal ambient weather telemetry with diurnal solar cycles
HYD_AWS_01,Hyderabad (AWS030),2026-08-02T23:00:00Z,29.4,71.5,1006.85,SYNTHETIC_SIMULATION,SCN_CLEAN_BASELINE,CLEAN_NORMAL,NONE,NONE,NORMAL,0,0,,,none,Normal ambient weather telemetry with diurnal solar cycles
HYD_AWS_01,Hyderabad (AWS030),2026-08-03T00:00:00Z,26.9,73.8,1007.15,SYNTHETIC_SIMULATION,SCN_CLEAN_BASELINE,CLEAN_NORMAL,NONE,NONE,NORMAL,0,0,,,none,Normal ambient weather telemetry with diurnal solar cycles
HYD_AWS_01,Hyderabad (AWS030),2026-08-03T01:00:00Z,26.38,78.1,1007.42,SYNTHETIC_SIMULATION,SCN_CLEAN_BASELINE,CLEAN_NORMAL,NONE,NONE,NORMAL,0,0,,,none,Normal ambient weather telemetry with diurnal solar cycles
HYD_AWS_01,Hyderabad (AWS030),2026-08-03T02:00:00Z,26.0,81.2,1007.27,SYNTHETIC_SIMULATION,SCN_CLEAN_BASELINE,CLEAN_NORMAL,NONE,NONE,NORMAL,0,0,,,none,Normal ambient weather telemetry with diurnal solar cycles
HYD_AWS_01,Hyderabad (AWS030),2026-08-03T03:00:00Z,24.86,79.4,1006.25,SYNTHETIC_SIMULATION,SCN_CLEAN_BASELINE,CLEAN_NORMAL,NONE,NONE,NORMAL,0,0,,,none,Normal ambient weather telemetry with diurnal solar cycles
HYD_AWS_01,Hyderabad (AWS030),2026-08-03T04:00:00Z,25.86,79.0,1005.91,SYNTHETIC_SIMULATION,SCN_CLEAN_BASELINE,CLEAN_NORMAL,NONE,NONE,NORMAL,0,0,,,none,Normal ambient weather telemetry with diurnal solar cycles
HYD_AWS_01,Hyderabad (AWS030),2026-08-03T05:00:00Z,27.65,75.7,1005.62,SYNTHETIC_SIMULATION,SCN_CLEAN_BASELINE,CLEAN_NORMAL,NONE,NONE,NORMAL,0,0,,,none,Normal ambient weather telemetry with diurnal solar cycles
HYD_AWS_01,Hyderabad (AWS030),2026-08-03T06:00:00Z,28.32,72.0,1005.23,SYNTHETIC_SIMULATION,SCN_CLEAN_BASELINE,CLEAN_NORMAL,NONE,NONE,NORMAL,0,0,,,none,Normal ambient weather telemetry with diurnal solar cycles
HYD_AWS_01,Hyderabad (AWS030),2026-08-03T07:00:00Z,30.06,66.7,1005.78,SYNTHETIC_SIMULATION,SCN_CLEAN_BASELINE,CLEAN_NORMAL,NONE,NONE,NORMAL,0,0,,,none,Normal ambient weather telemetry with diurnal solar cycles
HYD_AWS_01,Hyderabad (AWS030),2026-08-03T08:00:00Z,31.85,62.8,1006.63,SYNTHETIC_SIMULATION,SCN_CLEAN_BASELINE,CLEAN_NORMAL,NONE,NONE,NORMAL,0,0,,,none,Normal ambient weather telemetry with diurnal solar cycles
HYD_AWS_01,Hyderabad (AWS030),2026-08-03T09:00:00Z,34.21,56.2,1007.11,SYNTHETIC_SIMULATION,SCN_CLEAN_BASELINE,CLEAN_NORMAL,NONE,NONE,NORMAL,0,0,,,none,Normal ambient weather telemetry with diurnal solar cycles
HYD_AWS_01,Hyderabad (AWS030),2026-08-03T10:00:00Z,35.46,51.3,1008.04,SYNTHETIC_SIMULATION,SCN_CLEAN_BASELINE,CLEAN_NORMAL,NONE,NONE,NORMAL,0,0,,,none,Normal ambient weather telemetry with diurnal solar cycles
HYD_AWS_01,Hyderabad (AWS030),2026-08-03T11:00:00Z,37.82,47.7,1008.66,SYNTHETIC_SIMULATION,SCN_CLEAN_BASELINE,CLEAN_NORMAL,NONE,NONE,NORMAL,0,0,,,none,Normal ambient weather telemetry with diurnal solar cycles
HYD_AWS_01,Hyderabad (AWS030),2026-08-03T12:00:00Z,38.72,42.8,1008.98,SYNTHETIC_SIMULATION,SCN_CLEAN_BASELINE,CLEAN_NORMAL,NONE,NONE,NORMAL,0,0,,,none,Normal ambient weather telemetry with diurnal solar cycles
HYD_AWS_01,Hyderabad (AWS030),2026-08-03T13:00:00Z,39.59,40.8,1009.57,SYNTHETIC_SIMULATION,SCN_CLEAN_BASELINE,CLEAN_NORMAL,NONE,NONE,NORMAL,0,0,,,none,Normal ambient weather telemetry with diurnal solar cycles
HYD_AWS_01,Hyderabad (AWS030),2026-08-03T14:00:00Z,40.07,37.2,1008.7,SYNTHETIC_SIMULATION,SCN_CLEAN_BASELINE,CLEAN_NORMAL,NONE,NONE,NORMAL,0,0,,,none,Normal ambient weather telemetry with diurnal solar cycles
HYD_AWS_01,Hyderabad (AWS030),2026-08-03T15:00:00Z,39.56,38.9,1008.48,SYNTHETIC_SIMULATION,SCN_CLEAN_BASELINE,CLEAN_NORMAL,NONE,NONE,NORMAL,0,0,,,none,Normal ambient weather telemetry with diurnal solar cycles
HYD_AWS_01,Hyderabad (AWS030),2026-08-03T16:00:00Z,39.41,40.9,1007.82,SYNTHETIC_SIMULATION,SCN_CLEAN_BASELINE,CLEAN_NORMAL,NONE,NONE,NORMAL,0,0,,,none,Normal ambient weather telemetry with diurnal solar cycles
HYD_AWS_01,Hyderabad (AWS030),2026-08-03T17:00:00Z,37.94,42.3,1007.23,SYNTHETIC_SIMULATION,SCN_CLEAN_BASELINE,CLEAN_NORMAL,NONE,NONE,NORMAL,0,0,,,none,Normal ambient weather telemetry with diurnal solar cycles
HYD_AWS_01,Hyderabad (AWS030),2026-08-03T18:00:00Z,36.43,47.4,1007.39,SYNTHETIC_SIMULATION,SCN_CLEAN_BASELINE,CLEAN_NORMAL,NONE,NONE,NORMAL,0,0,,,none,Normal ambient weather telemetry with diurnal solar cycles
HYD_AWS_01,Hyderabad (AWS030),2026-08-03T19:00:00Z,35.41,53.5,1007.87,SYNTHETIC_SIMULATION,SCN_CLEAN_BASELINE,CLEAN_NORMAL,NONE,NONE,NORMAL,0,0,,,none,Normal ambient weather telemetry with diurnal solar cycles
HYD_AWS_01,Hyderabad (AWS030),2026-08-03T20:00:00Z,33.13,61.1,1008.56,SYNTHETIC_SIMULATION,SCN_CLEAN_BASELINE,CLEAN_NORMAL,NONE,NONE,NORMAL,0,0,,,none,Normal ambient weather telemetry with diurnal solar cycles
HYD_AWS_01,Hyderabad (AWS030),2026-08-03T21:00:00Z,30.52,65.1,1009.26,SYNTHETIC_SIMULATION,SCN_CLEAN_BASELINE,CLEAN_NORMAL,NONE,NONE,NORMAL,0,0,,,none,Normal ambient weather telemetry with diurnal solar cycles
HYD_AWS_01,Hyderabad (AWS030),2026-08-03T22:00:00Z,28.09,72.4,1009.87,SYNTHETIC_SIMULATION,SCN_CLEAN_BASELINE,CLEAN_NORMAL,NONE,NONE,NORMAL,0,0,,,none,Normal ambient weather telemetry with diurnal solar cycles
HYD_AWS_01,Hyderabad (AWS030),2026-08-03T23:00:00Z,26.87,74.6,1010.58,SYNTHETIC_SIMULATION,SCN_CLEAN_BASELINE,CLEAN_NORMAL,NONE,NONE,NORMAL,0,0,,,none,Normal ambient weather telemetry with diurnal solar cycles
HYD_AWS_01,Hyderabad (AWS030),2026-08-04T00:00:00Z,25.6,79.6,1011.19,SYNTHETIC_SIMULATION,SCN_CLEAN_BASELINE,CLEAN_NORMAL,NONE,NONE,NORMAL,0,0,,,none,Normal ambient weather telemetry with diurnal solar cycles
HYD_AWS_01,Hyderabad (AWS030),2026-08-04T01:00:00Z,23.89,82.5,1010.84,SYNTHETIC_SIMULATION,SCN_CLEAN_BASELINE,CLEAN_NORMAL,NONE,NONE,NORMAL,0,0,,,none,Normal ambient weather telemetry with diurnal solar cycles
HYD_AWS_01,Hyderabad (AWS030),2026-08-04T02:00:00Z,22.72,85.2,1011.02,SYNTHETIC_SIMULATION,SCN_CLEAN_BASELINE,CLEAN_NORMAL,NONE,NONE,NORMAL,0,0,,,none,Normal ambient weather telemetry with diurnal solar cycles
HYD_AWS_01,Hyderabad (AWS030),2026-08-04T03:00:00Z,23.02,85.1,1010.04,SYNTHETIC_SIMULATION,SCN_CLEAN_BASELINE,CLEAN_NORMAL,NONE,NONE,NORMAL,0,0,,,none,Normal ambient weather telemetry with diurnal solar cycles
HYD_AWS_01,Hyderabad (AWS030),2026-08-04T04:00:00Z,23.88,85.4,1009.45,SYNTHETIC_SIMULATION,SCN_CLEAN_BASELINE,CLEAN_NORMAL,NONE,NONE,NORMAL,0,0,,,none,Normal ambient weather telemetry with diurnal solar cycles
HYD_AWS_01,Hyderabad (AWS030),2026-08-04T05:00:00Z,24.29,80.5,1009.16,SYNTHETIC_SIMULATION,SCN_CLEAN_BASELINE,CLEAN_NORMAL,NONE,NONE,NORMAL,0,0,,,none,Normal ambient weather telemetry with diurnal solar cycles
HYD_AWS_01,Hyderabad (AWS030),2026-08-04T06:00:00Z,26.3,78.9,1009.89,SYNTHETIC_SIMULATION,SCN_CLEAN_BASELINE,CLEAN_NORMAL,NONE,NONE,NORMAL,0,0,,,none,Normal ambient weather telemetry with diurnal solar cycles
HYD_AWS_01,Hyderabad (AWS030),2026-08-04T07:00:00Z,27.06,73.7,1009.67,SYNTHETIC_SIMULATION,SCN_CLEAN_BASELINE,CLEAN_NORMAL,NONE,NONE,NORMAL,0,0,,,none,Normal ambient weather telemetry with diurnal solar cycles
HYD_AWS_01,Hyderabad (AWS030),2026-08-04T08:00:00Z,29.08,67.7,1009.96,SYNTHETIC_SIMULATION,SCN_CLEAN_BASELINE,CLEAN_NORMAL,NONE,NONE,NORMAL,0,0,,,none,Normal ambient weather telemetry with diurnal solar cycles
HYD_AWS_01,Hyderabad (AWS030),2026-08-04T09:00:00Z,31.29,61.7,1011.16,SYNTHETIC_SIMULATION,SCN_CLEAN_BASELINE,CLEAN_NORMAL,NONE,NONE,NORMAL,0,0,,,none,Normal ambient weather telemetry with diurnal solar cycles
HYD_AWS_01,Hyderabad (AWS030),2026-08-04T10:00:00Z,33.21,54.8,1012.12,SYNTHETIC_SIMULATION,SCN_CLEAN_BASELINE,CLEAN_NORMAL,NONE,NONE,NORMAL,0,0,,,none,Normal ambient weather telemetry with diurnal solar cycles
HYD_AWS_01,Hyderabad (AWS030),2026-08-04T11:00:00Z,34.58,53.8,1012.5,SYNTHETIC_SIMULATION,SCN_CLEAN_BASELINE,CLEAN_NORMAL,NONE,NONE,NORMAL,0,0,,,none,Normal ambient weather telemetry with diurnal solar cycles
HYD_AWS_01,Hyderabad (AWS030),2026-08-04T12:00:00Z,36.62,45.0,1012.85,SYNTHETIC_SIMULATION,SCN_CLEAN_BASELINE,CLEAN_NORMAL,NONE,NONE,NORMAL,0,0,,,none,Normal ambient weather telemetry with diurnal solar cycles
HYD_AWS_01,Hyderabad (AWS030),2026-08-04T13:00:00Z,37.39,45.3,1013.12,SYNTHETIC_SIMULATION,SCN_CLEAN_BASELINE,CLEAN_NORMAL,NONE,NONE,NORMAL,0,0,,,none,Normal ambient weather telemetry with diurnal solar cycles
HYD_AWS_01,Hyderabad (AWS030),2026-08-04T14:00:00Z,37.63,45.0,1011.94,SYNTHETIC_SIMULATION,SCN_CLEAN_BASELINE,CLEAN_NORMAL,NONE,NONE,NORMAL,0,0,,,none,Normal ambient weather telemetry with diurnal solar cycles
HYD_AWS_01,Hyderabad (AWS030),2026-08-04T15:00:00Z,37.33,44.4,1011.89,SYNTHETIC_SIMULATION,SCN_CLEAN_BASELINE,CLEAN_NORMAL,NONE,NONE,NORMAL,0,0,,,none,Normal ambient weather telemetry with diurnal solar cycles
HYD_AWS_01,Hyderabad (AWS030),2026-08-04T16:00:00Z,37.21,44.9,1010.99,SYNTHETIC_SIMULATION,SCN_CLEAN_BASELINE,CLEAN_NORMAL,NONE,NONE,NORMAL,0,0,,,none,Normal ambient weather telemetry with diurnal solar cycles
HYD_AWS_01,Hyderabad (AWS030),2026-08-04T17:00:00Z,35.79,48.4,1010.86,SYNTHETIC_SIMULATION,SCN_CLEAN_BASELINE,CLEAN_NORMAL,NONE,NONE,NORMAL,0,0,,,none,Normal ambient weather telemetry with diurnal solar cycles
HYD_AWS_01,Hyderabad (AWS030),2026-08-04T18:00:00Z,34.72,53.2,1010.73,SYNTHETIC_SIMULATION,SCN_CLEAN_BASELINE,CLEAN_NORMAL,NONE,NONE,NORMAL,0,0,,,none,Normal ambient weather telemetry with diurnal solar cycles
HYD_AWS_01,Hyderabad (AWS030),2026-08-04T19:00:00Z,32.65,56.5,1010.45,SYNTHETIC_SIMULATION,SCN_CLEAN_BASELINE,CLEAN_NORMAL,NONE,NONE,NORMAL,0,0,,,none,Normal ambient weather telemetry with diurnal solar cycles
HYD_AWS_01,Hyderabad (AWS030),2026-08-04T20:00:00Z,30.56,65.8,1011.27,SYNTHETIC_SIMULATION,SCN_CLEAN_BASELINE,CLEAN_NORMAL,NONE,NONE,NORMAL,0,0,,,none,Normal ambient weather telemetry with diurnal solar cycles
HYD_AWS_01,Hyderabad (AWS030),2026-08-04T21:00:00Z,28.45,69.0,1012.67,SYNTHETIC_SIMULATION,SCN_CLEAN_BASELINE,CLEAN_NORMAL,NONE,NONE,NORMAL,0,0,,,none,Normal ambient weather telemetry with diurnal solar cycles
HYD_AWS_01,Hyderabad (AWS030),2026-08-04T22:00:00Z,26.38,75.1,1012.74,SYNTHETIC_SIMULATION,SCN_CLEAN_BASELINE,CLEAN_NORMAL,NONE,NONE,NORMAL,0,0,,,none,Normal ambient weather telemetry with diurnal solar cycles
HYD_AWS_01,Hyderabad (AWS030),2026-08-04T23:00:00Z,25.04,79.5,1012.76,SYNTHETIC_SIMULATION,SCN_CLEAN_BASELINE,CLEAN_NORMAL,NONE,NONE,NORMAL,0,0,,,none,Normal ambient weather telemetry with diurnal solar cycles
HYD_AWS_01,Hyderabad (AWS030),2026-08-05T00:00:00Z,23.12,84.3,1014.02,SYNTHETIC_SIMULATION,SCN_CLEAN_BASELINE,CLEAN_NORMAL,NONE,NONE,NORMAL,0,0,,,none,Normal ambient weather telemetry with diurnal solar cycles
HYD_AWS_01,Hyderabad (AWS030),2026-08-05T01:00:00Z,22.59,89.2,1013.47,SYNTHETIC_SIMULATION,SCN_CLEAN_BASELINE,CLEAN_NORMAL,NONE,NONE,NORMAL,0,0,,,none,Normal ambient weather telemetry with diurnal solar cycles
HYD_AWS_01,Hyderabad (AWS030),2026-08-05T02:00:00Z,21.77,89.5,1013.08,SYNTHETIC_SIMULATION,SCN_CLEAN_BASELINE,CLEAN_NORMAL,NONE,NONE,NORMAL,0,0,,,none,Normal ambient weather telemetry with diurnal solar cycles
HYD_AWS_01,Hyderabad (AWS030),2026-08-05T03:00:00Z,21.78,91.2,1012.05,SYNTHETIC_SIMULATION,SCN_CLEAN_BASELINE,CLEAN_NORMAL,NONE,NONE,NORMAL,0,0,,,none,Normal ambient weather telemetry with diurnal solar cycles
HYD_AWS_01,Hyderabad (AWS030),2026-08-05T04:00:00Z,22.14,88.1,1011.56,SYNTHETIC_SIMULATION,SCN_CLEAN_BASELINE,CLEAN_NORMAL,NONE,NONE,NORMAL,0,0,,,none,Normal ambient weather telemetry with diurnal solar cycles
HYD_AWS_01,Hyderabad (AWS030),2026-08-05T05:00:00Z,23.25,84.5,1010.74,SYNTHETIC_SIMULATION,SCN_CLEAN_BASELINE,CLEAN_NORMAL,NONE,NONE,NORMAL,0,0,,,none,Normal ambient weather telemetry with diurnal solar cycles
HYD_AWS_01,Hyderabad (AWS030),2026-08-05T06:00:00Z,24.86,80.8,1010.94,SYNTHETIC_SIMULATION,SCN_CLEAN_BASELINE,CLEAN_NORMAL,NONE,NONE,NORMAL,0,0,,,none,Normal ambient weather telemetry with diurnal solar cycles
HYD_AWS_01,Hyderabad (AWS030),2026-08-05T07:00:00Z,26.57,75.4,1010.87,SYNTHETIC_SIMULATION,SCN_CLEAN_BASELINE,CLEAN_NORMAL,NONE,NONE,NORMAL,0,0,,,none,Normal ambient weather telemetry with diurnal solar cycles
HYD_AWS_01,Hyderabad (AWS030),2026-08-05T08:00:00Z,29.0,69.9,1011.55,SYNTHETIC_SIMULATION,SCN_CLEAN_BASELINE,CLEAN_NORMAL,NONE,NONE,NORMAL,0,0,,,none,Normal ambient weather telemetry with diurnal solar cycles
HYD_AWS_01,Hyderabad (AWS030),2026-08-05T09:00:00Z,30.91,64.3,1011.65,SYNTHETIC_SIMULATION,SCN_CLEAN_BASELINE,CLEAN_NORMAL,NONE,NONE,NORMAL,0,0,,,none,Normal ambient weather telemetry with diurnal solar cycles
HYD_AWS_01,Hyderabad (AWS030),2026-08-05T10:00:00Z,32.64,58.4,1012.43,SYNTHETIC_SIMULATION,SCN_CLEAN_BASELINE,CLEAN_NORMAL,NONE,NONE,NORMAL,0,0,,,none,Normal ambient weather telemetry with diurnal solar cycles
HYD_AWS_01,Hyderabad (AWS030),2026-08-05T11:00:00Z,33.99,53.5,1013.03,SYNTHETIC_SIMULATION,SCN_CLEAN_BASELINE,CLEAN_NORMAL,NONE,NONE,NORMAL,0,0,,,none,Normal ambient weather telemetry with diurnal solar cycles
HYD_AWS_01,Hyderabad (AWS030),2026-08-05T12:00:00Z,35.89,48.6,1012.94,SYNTHETIC_SIMULATION,SCN_CLEAN_BASELINE,CLEAN_NORMAL,NONE,NONE,NORMAL,0,0,,,none,Normal ambient weather telemetry with diurnal solar cycles
HYD_AWS_01,Hyderabad (AWS030),2026-08-05T13:00:00Z,37.03,45.7,1012.94,SYNTHETIC_SIMULATION,SCN_CLEAN_BASELINE,CLEAN_NORMAL,NONE,NONE,NORMAL,0,0,,,none,Normal ambient weather telemetry with diurnal solar cycles
HYD_AWS_01,Hyderabad (AWS030),2026-08-05T14:00:00Z,37.06,43.7,1012.55,SYNTHETIC_SIMULATION,SCN_CLEAN_BASELINE,CLEAN_NORMAL,NONE,NONE,NORMAL,0,0,,,none,Normal ambient weather telemetry with diurnal solar cycles
HYD_AWS_01,Hyderabad (AWS030),2026-08-05T15:00:00Z,37.57,41.9,1011.97,SYNTHETIC_SIMULATION,SCN_CLEAN_BASELINE,CLEAN_NORMAL,NONE,NONE,NORMAL,0,0,,,none,Normal ambient weather telemetry with diurnal solar cycles
HYD_AWS_01,Hyderabad (AWS030),2026-08-05T16:00:00Z,37.64,47.1,1010.82,SYNTHETIC_SIMULATION,SCN_CLEAN_BASELINE,CLEAN_NORMAL,NONE,NONE,NORMAL,0,0,,,none,Normal ambient weather telemetry with diurnal solar cycles
HYD_AWS_01,Hyderabad (AWS030),2026-08-05T17:00:00Z,36.42,47.7,1010.15,SYNTHETIC_SIMULATION,SCN_CLEAN_BASELINE,CLEAN_NORMAL,NONE,NONE,NORMAL,0,0,,,none,Normal ambient weather telemetry with diurnal solar cycles
HYD_AWS_01,Hyderabad (AWS030),2026-08-05T18:00:00Z,34.95,52.7,1010.21,SYNTHETIC_SIMULATION,SCN_CLEAN_BASELINE,CLEAN_NORMAL,NONE,NONE,NORMAL,0,0,,,none,Normal ambient weather telemetry with diurnal solar cycles
HYD_AWS_01,Hyderabad (AWS030),2026-08-05T19:00:00Z,33.41,56.2,1010.07,SYNTHETIC_SIMULATION,SCN_CLEAN_BASELINE,CLEAN_NORMAL,NONE,NONE,NORMAL,0,0,,,none,Normal ambient weather telemetry with diurnal solar cycles
HYD_AWS_01,Hyderabad (AWS030),2026-08-05T20:00:00Z,31.21,61.3,1010.26,SYNTHETIC_SIMULATION,SCN_CLEAN_BASELINE,CLEAN_NORMAL,NONE,NONE,NORMAL,0,0,,,none,Normal ambient weather telemetry with diurnal solar cycles
HYD_AWS_01,Hyderabad (AWS030),2026-08-05T21:00:00Z,29.41,69.0,1010.82,SYNTHETIC_SIMULATION,SCN_CLEAN_BASELINE,CLEAN_NORMAL,NONE,NONE,NORMAL,0,0,,,none,Normal ambient weather telemetry with diurnal solar cycles
HYD_AWS_01,Hyderabad (AWS030),2026-08-05T22:00:00Z,27.87,73.2,1011.37,SYNTHETIC_SIMULATION,SCN_CLEAN_BASELINE,CLEAN_NORMAL,NONE,NONE,NORMAL,0,0,,,none,Normal ambient weather telemetry with diurnal solar cycles
HYD_AWS_01,Hyderabad (AWS030),2026-08-05T23:00:00Z,25.97,77.6,1012.03,SYNTHETIC_SIMULATION,SCN_CLEAN_BASELINE,CLEAN_NORMAL,NONE,NONE,NORMAL,0,0,,,none,Normal ambient weather telemetry with diurnal solar cycles
HYD_AWS_01,Hyderabad (AWS030),2026-08-06T00:00:00Z,24.07,81.6,1011.79,SYNTHETIC_SIMULATION,SCN_CLEAN_BASELINE,CLEAN_NORMAL,NONE,NONE,NORMAL,0,0,,,none,Normal ambient weather telemetry with diurnal solar cycles
HYD_AWS_01,Hyderabad (AWS030),2026-08-06T01:00:00Z,23.58,84.6,1011.34,SYNTHETIC_SIMULATION,SCN_CLEAN_BASELINE,CLEAN_NORMAL,NONE,NONE,NORMAL,0,0,,,none,Normal ambient weather telemetry with diurnal solar cycles
HYD_AWS_01,Hyderabad (AWS030),2026-08-06T02:00:00Z,22.98,86.5,1010.75,SYNTHETIC_SIMULATION,SCN_CLEAN_BASELINE,CLEAN_NORMAL,NONE,NONE,NORMAL,0,0,,,none,Normal ambient weather telemetry with diurnal solar cycles
HYD_AWS_01,Hyderabad (AWS030),2026-08-06T03:00:00Z,22.98,85.1,1010.39,SYNTHETIC_SIMULATION,SCN_CLEAN_BASELINE,CLEAN_NORMAL,NONE,NONE,NORMAL,0,0,,,none,Normal ambient weather telemetry with diurnal solar cycles
HYD_AWS_01,Hyderabad (AWS030),2026-08-06T04:00:00Z,23.84,83.4,1009.61,SYNTHETIC_SIMULATION,SCN_CLEAN_BASELINE,CLEAN_NORMAL,NONE,NONE,NORMAL,0,0,,,none,Normal ambient weather telemetry with diurnal solar cycles
HYD_AWS_01,Hyderabad (AWS030),2026-08-06T05:00:00Z,24.96,80.9,1008.57,SYNTHETIC_SIMULATION,SCN_CLEAN_BASELINE,CLEAN_NORMAL,NONE,NONE,NORMAL,0,0,,,none,Normal ambient weather telemetry with diurnal solar cycles
HYD_AWS_01,Hyderabad (AWS030),2026-08-06T06:00:00Z,26.45,77.1,1008.35,SYNTHETIC_SIMULATION,SCN_CLEAN_BASELINE,CLEAN_NORMAL,NONE,NONE,NORMAL,0,0,,,none,Normal ambient weather telemetry with diurnal solar cycles
HYD_AWS_01,Hyderabad (AWS030),2026-08-06T07:00:00Z,28.71,72.1,1008.56,SYNTHETIC_SIMULATION,SCN_CLEAN_BASELINE,CLEAN_NORMAL,NONE,NONE,NORMAL,0,0,,,none,Normal ambient weather telemetry with diurnal solar cycles
HYD_AWS_01,Hyderabad (AWS030),2026-08-06T08:00:00Z,30.52,66.1,1008.66,SYNTHETIC_SIMULATION,SCN_CLEAN_BASELINE,CLEAN_NORMAL,NONE,NONE,NORMAL,0,0,,,none,Normal ambient weather telemetry with diurnal solar cycles
HYD_AWS_01,Hyderabad (AWS030),2026-08-06T09:00:00Z,32.43,59.8,1009.44,SYNTHETIC_SIMULATION,SCN_CLEAN_BASELINE,CLEAN_NORMAL,NONE,NONE,NORMAL,0,0,,,none,Normal ambient weather telemetry with diurnal solar cycles
HYD_AWS_01,Hyderabad (AWS030),2026-08-06T10:00:00Z,34.46,52.5,1009.22,SYNTHETIC_SIMULATION,SCN_CLEAN_BASELINE,CLEAN_NORMAL,NONE,NONE,NORMAL,0,0,,,none,Normal ambient weather telemetry with diurnal solar cycles
HYD_AWS_01,Hyderabad (AWS030),2026-08-06T11:00:00Z,35.91,49.6,1010.23,SYNTHETIC_SIMULATION,SCN_CLEAN_BASELINE,CLEAN_NORMAL,NONE,NONE,NORMAL,0,0,,,none,Normal ambient weather telemetry with diurnal solar cycles
HYD_AWS_01,Hyderabad (AWS030),2026-08-06T12:00:00Z,37.68,41.5,1010.15,SYNTHETIC_SIMULATION,SCN_CLEAN_BASELINE,CLEAN_NORMAL,NONE,NONE,NORMAL,0,0,,,none,Normal ambient weather telemetry with diurnal solar cycles
HYD_AWS_01,Hyderabad (AWS030),2026-08-06T13:00:00Z,39.02,41.8,1009.94,SYNTHETIC_SIMULATION,SCN_CLEAN_BASELINE,CLEAN_NORMAL,NONE,NONE,NORMAL,0,0,,,none,Normal ambient weather telemetry with diurnal solar cycles
HYD_AWS_01,Hyderabad (AWS030),2026-08-06T14:00:00Z,39.33,38.0,1009.37,SYNTHETIC_SIMULATION,SCN_CLEAN_BASELINE,CLEAN_NORMAL,NONE,NONE,NORMAL,0,0,,,none,Normal ambient weather telemetry with diurnal solar cycles
HYD_AWS_01,Hyderabad (AWS030),2026-08-06T15:00:00Z,39.14,37.7,1008.12,SYNTHETIC_SIMULATION,SCN_CLEAN_BASELINE,CLEAN_NORMAL,NONE,NONE,NORMAL,0,0,,,none,Normal ambient weather telemetry with diurnal solar cycles
HYD_AWS_01,Hyderabad (AWS030),2026-08-06T16:00:00Z,39.08,39.0,1007.06,SYNTHETIC_SIMULATION,SCN_CLEAN_BASELINE,CLEAN_NORMAL,NONE,NONE,NORMAL,0,0,,,none,Normal ambient weather telemetry with diurnal solar cycles
HYD_AWS_01,Hyderabad (AWS030),2026-08-06T17:00:00Z,38.49,43.2,1006.92,SYNTHETIC_SIMULATION,SCN_CLEAN_BASELINE,CLEAN_NORMAL,NONE,NONE,NORMAL,0,0,,,none,Normal ambient weather telemetry with diurnal solar cycles
HYD_AWS_01,Hyderabad (AWS030),2026-08-06T18:00:00Z,37.08,47.3,1006.44,SYNTHETIC_SIMULATION,SCN_CLEAN_BASELINE,CLEAN_NORMAL,NONE,NONE,NORMAL,0,0,,,none,Normal ambient weather telemetry with diurnal solar cycles
HYD_AWS_01,Hyderabad (AWS030),2026-08-06T19:00:00Z,35.61,49.9,1006.76,SYNTHETIC_SIMULATION,SCN_CLEAN_BASELINE,CLEAN_NORMAL,NONE,NONE,NORMAL,0,0,,,none,Normal ambient weather telemetry with diurnal solar cycles
HYD_AWS_01,Hyderabad (AWS030),2026-08-06T20:00:00Z,33.37,55.4,1006.74,SYNTHETIC_SIMULATION,SCN_CLEAN_BASELINE,CLEAN_NORMAL,NONE,NONE,NORMAL,0,0,,,none,Normal ambient weather telemetry with diurnal solar cycles
HYD_AWS_01,Hyderabad (AWS030),2026-08-06T21:00:00Z,31.62,62.3,1007.17,SYNTHETIC_SIMULATION,SCN_CLEAN_BASELINE,CLEAN_NORMAL,NONE,NONE,NORMAL,0,0,,,none,Normal ambient weather telemetry with diurnal solar cycles
HYD_AWS_01,Hyderabad (AWS030),2026-08-06T22:00:00Z,30.08,64.8,1008.17,SYNTHETIC_SIMULATION,SCN_CLEAN_BASELINE,CLEAN_NORMAL,NONE,NONE,NORMAL,0,0,,,none,Normal ambient weather telemetry with diurnal solar cycles
HYD_AWS_01,Hyderabad (AWS030),2026-08-06T23:00:00Z,27.53,71.8,1008.14,SYNTHETIC_SIMULATION,SCN_CLEAN_BASELINE,CLEAN_NORMAL,NONE,NONE,NORMAL,0,0,,,none,Normal ambient weather telemetry with diurnal solar cycles
HYD_AWS_01,Hyderabad (AWS030),2026-08-07T00:00:00Z,26.13,74.9,1007.9,SYNTHETIC_SIMULATION,SCN_CLEAN_BASELINE,CLEAN_NORMAL,NONE,NONE,NORMAL,0,0,,,none,Normal ambient weather telemetry with diurnal solar cycles
HYD_AWS_01,Hyderabad (AWS030),2026-08-07T01:00:00Z,25.52,80.0,1007.5,SYNTHETIC_SIMULATION,SCN_CLEAN_BASELINE,CLEAN_NORMAL,NONE,NONE,NORMAL,0,0,,,none,Normal ambient weather telemetry with diurnal solar cycles
HYD_AWS_01,Hyderabad (AWS030),2026-08-07T02:00:00Z,25.35,81.9,1007.28,SYNTHETIC_SIMULATION,SCN_CLEAN_BASELINE,CLEAN_NORMAL,NONE,NONE,NORMAL,0,0,,,none,Normal ambient weather telemetry with diurnal solar cycles
HYD_AWS_01,Hyderabad (AWS030),2026-08-07T03:00:00Z,24.97,79.9,1006.64,SYNTHETIC_SIMULATION,SCN_CLEAN_BASELINE,CLEAN_NORMAL,NONE,NONE,NORMAL,0,0,,,none,Normal ambient weather telemetry with diurnal solar cycles
HYD_AWS_01,Hyderabad (AWS030),2026-08-07T04:00:00Z,26.73,79.1,1005.32,SYNTHETIC_SIMULATION,SCN_CLEAN_BASELINE,CLEAN_NORMAL,NONE,NONE,NORMAL,0,0,,,none,Normal ambient weather telemetry with diurnal solar cycles
HYD_AWS_01,Hyderabad (AWS030),2026-08-07T05:00:00Z,27.33,73.4,1005.21,SYNTHETIC_SIMULATION,SCN_CLEAN_BASELINE,CLEAN_NORMAL,NONE,NONE,NORMAL,0,0,,,none,Normal ambient weather telemetry with diurnal solar cycles
HYD_AWS_01,Hyderabad (AWS030),2026-08-07T06:00:00Z,28.7,69.1,1004.56,SYNTHETIC_SIMULATION,SCN_CLEAN_BASELINE,CLEAN_NORMAL,NONE,NONE,NORMAL,0,0,,,none,Normal ambient weather telemetry with diurnal solar cycles
HYD_AWS_01,Hyderabad (AWS030),2026-08-07T07:00:00Z,30.39,63.4,1004.69,SYNTHETIC_SIMULATION,SCN_CLEAN_BASELINE,CLEAN_NORMAL,NONE,NONE,NORMAL,0,0,,,none,Normal ambient weather telemetry with diurnal solar cycles
HYD_AWS_01,Hyderabad (AWS030),2026-08-07T08:00:00Z,32.83,59.4,1005.0,SYNTHETIC_SIMULATION,SCN_CLEAN_BASELINE,CLEAN_NORMAL,NONE,NONE,NORMAL,0,0,,,none,Normal ambient weather telemetry with diurnal solar cycles
HYD_AWS_01,Hyderabad (AWS030),2026-08-07T09:00:00Z,34.66,53.6,1005.98,SYNTHETIC_SIMULATION,SCN_CLEAN_BASELINE,CLEAN_NORMAL,NONE,NONE,NORMAL,0,0,,,none,Normal ambient weather telemetry with diurnal solar cycles
HYD_AWS_01,Hyderabad (AWS030),2026-08-07T10:00:00Z,36.75,47.0,1006.24,SYNTHETIC_SIMULATION,SCN_CLEAN_BASELINE,CLEAN_NORMAL,NONE,NONE,NORMAL,0,0,,,none,Normal ambient weather telemetry with diurnal solar cycles
HYD_AWS_01,Hyderabad (AWS030),2026-08-07T11:00:00Z,38.62,43.3,1006.65,SYNTHETIC_SIMULATION,SCN_CLEAN_BASELINE,CLEAN_NORMAL,NONE,NONE,NORMAL,0,0,,,none,Normal ambient weather telemetry with diurnal solar cycles
HYD_AWS_01,Hyderabad (AWS030),2026-08-07T12:00:00Z,,38.0,1006.73,SYNTHETIC_SIMULATION,SCN_CLEAN_BASELINE,CLEAN_NORMAL,NONE,NONE,NORMAL,0,0,,,none,Normal ambient weather telemetry with diurnal solar cycles
HYD_AWS_01,Hyderabad (AWS030),2026-08-07T13:00:00Z,40.61,35.3,1006.68,SYNTHETIC_SIMULATION,SCN_CLEAN_BASELINE,CLEAN_NORMAL,NONE,NONE,NORMAL,0,0,,,none,Normal ambient weather telemetry with diurnal solar cycles
HYD_AWS_01,Hyderabad (AWS030),2026-08-07T14:00:00Z,42.37,34.6,1006.19,SYNTHETIC_SIMULATION,SCN_CLEAN_BASELINE,CLEAN_NORMAL,NONE,NONE,NORMAL,0,0,,,none,Normal ambient weather telemetry with diurnal solar cycles
HYD_AWS_01,Hyderabad (AWS030),2026-08-07T15:00:00Z,40.8,34.4,1005.05,SYNTHETIC_SIMULATION,SCN_CLEAN_BASELINE,CLEAN_NORMAL,NONE,NONE,NORMAL,0,0,,,none,Normal ambient weather telemetry with diurnal solar cycles
HYD_AWS_01,Hyderabad (AWS030),2026-08-07T16:00:00Z,40.72,35.8,1004.72,SYNTHETIC_SIMULATION,SCN_CLEAN_BASELINE,CLEAN_NORMAL,NONE,NONE,NORMAL,0,0,,,none,Normal ambient weather telemetry with diurnal solar cycles
HYD_AWS_01,Hyderabad (AWS030),2026-08-07T17:00:00Z,40.12,37.8,1004.46,SYNTHETIC_SIMULATION,SCN_CLEAN_BASELINE,CLEAN_NORMAL,NONE,NONE,NORMAL,0,0,,,none,Normal ambient weather telemetry with diurnal solar cycles
HYD_AWS_01,Hyderabad (AWS030),2026-08-07T18:00:00Z,38.99,42.5,1003.71,SYNTHETIC_SIMULATION,SCN_CLEAN_BASELINE,CLEAN_NORMAL,NONE,NONE,NORMAL,0,0,,,none,Normal ambient weather telemetry with diurnal solar cycles
HYD_AWS_01,Hyderabad (AWS030),2026-08-07T19:00:00Z,37.54,48.3,1004.27,SYNTHETIC_SIMULATION,SCN_CLEAN_BASELINE,CLEAN_NORMAL,NONE,NONE,NORMAL,0,0,,,none,Normal ambient weather telemetry with diurnal solar cycles
HYD_AWS_01,Hyderabad (AWS030),2026-08-07T20:00:00Z,34.9,53.7,1004.55,SYNTHETIC_SIMULATION,SCN_CLEAN_BASELINE,CLEAN_NORMAL,NONE,NONE,NORMAL,0,0,,,none,Normal ambient weather telemetry with diurnal solar cycles
HYD_AWS_01,Hyderabad (AWS030),2026-08-07T21:00:00Z,33.72,59.7,1005.13,SYNTHETIC_SIMULATION,SCN_CLEAN_BASELINE,CLEAN_NORMAL,NONE,NONE,NORMAL,0,0,,,none,Normal ambient weather telemetry with diurnal solar cycles
HYD_AWS_01,Hyderabad (AWS030),2026-08-07T22:00:00Z,31.27,65.2,1006.04,SYNTHETIC_SIMULATION,SCN_CLEAN_BASELINE,CLEAN_NORMAL,NONE,NONE,NORMAL,0,0,,,none,Normal ambient weather telemetry with diurnal solar cycles
HYD_AWS_01,Hyderabad (AWS030),2026-08-07T23:00:00Z,29.0,68.8,1006.52,SYNTHETIC_SIMULATION,SCN_CLEAN_BASELINE,CLEAN_NORMAL,NONE,NONE,NORMAL,0,0,,,none,Normal ambient weather telemetry with diurnal solar cycles
HYD_AWS_01,Hyderabad (AWS030),2026-08-08T00:00:00Z,27.48,73.0,1006.53,SYNTHETIC_SIMULATION,SCN_CLEAN_BASELINE,CLEAN_NORMAL,NONE,NONE,NORMAL,0,0,,,none,Normal ambient weather telemetry with diurnal solar cycles
HYD_AWS_01,Hyderabad (AWS030),2026-08-08T01:00:00Z,26.68,75.9,1006.16,SYNTHETIC_SIMULATION,SCN_CLEAN_BASELINE,CLEAN_NORMAL,NONE,NONE,NORMAL,0,0,,,none,Normal ambient weather telemetry with diurnal solar cycles
HYD_AWS_01,Hyderabad (AWS030),2026-08-08T02:00:00Z,26.31,76.5,1005.57,SYNTHETIC_SIMULATION,SCN_CLEAN_BASELINE,CLEAN_NORMAL,NONE,NONE,NORMAL,0,0,,,none,Normal ambient weather telemetry with diurnal solar cycles
HYD_AWS_01,Hyderabad (AWS030),2026-08-08T03:00:00Z,25.69,79.5,1005.26,SYNTHETIC_SIMULATION,SCN_CLEAN_BASELINE,CLEAN_NORMAL,NONE,NONE,NORMAL,0,0,,,none,Normal ambient weather telemetry with diurnal solar cycles
HYD_AWS_01,Hyderabad (AWS030),2026-08-08T04:00:00Z,26.77,75.7,1005.25,SYNTHETIC_SIMULATION,SCN_CLEAN_BASELINE,CLEAN_NORMAL,NONE,NONE,NORMAL,0,0,,,none,Normal ambient weather telemetry with diurnal solar cycles
HYD_AWS_01,Hyderabad (AWS030),2026-08-08T05:00:00Z,28.25,74.6,1004.37,SYNTHETIC_SIMULATION,SCN_CLEAN_BASELINE,CLEAN_NORMAL,NONE,NONE,NORMAL,0,0,,,none,Normal ambient weather telemetry with diurnal solar cycles
HYD_AWS_01,Hyderabad (AWS030),2026-08-08T06:00:00Z,28.82,69.3,1004.31,SYNTHETIC_SIMULATION,SCN_CLEAN_BASELINE,CLEAN_NORMAL,NONE,NONE,NORMAL,0,0,,,none,Normal ambient weather telemetry with diurnal solar cycles
HYD_AWS_01,Hyderabad (AWS030),2026-08-08T07:00:00Z,30.46,65.5,1004.2,SYNTHETIC_SIMULATION,SCN_CLEAN_BASELINE,CLEAN_NORMAL,NONE,NONE,NORMAL,0,0,,,none,Normal ambient weather telemetry with diurnal solar cycles
HYD_AWS_01,Hyderabad (AWS030),2026-08-08T08:00:00Z,32.78,60.8,1004.94,SYNTHETIC_SIMULATION,SCN_CLEAN_BASELINE,CLEAN_NORMAL,NONE,NONE,NORMAL,0,0,,,none,Normal ambient weather telemetry with diurnal solar cycles
HYD_AWS_01,Hyderabad (AWS030),2026-08-08T09:00:00Z,35.07,54.8,1005.8,SYNTHETIC_SIMULATION,SCN_CLEAN_BASELINE,CLEAN_NORMAL,NONE,NONE,NORMAL,0,0,,,none,Normal ambient weather telemetry with diurnal solar cycles
HYD_AWS_01,Hyderabad (AWS030),2026-08-08T10:00:00Z,36.25,48.1,1006.09,SYNTHETIC_SIMULATION,SCN_CLEAN_BASELINE,CLEAN_NORMAL,NONE,NONE,NORMAL,0,0,,,none,Normal ambient weather telemetry with diurnal solar cycles
HYD_AWS_01,Hyderabad (AWS030),2026-08-08T11:00:00Z,38.42,43.9,1007.13,SYNTHETIC_SIMULATION,SCN_CLEAN_BASELINE,CLEAN_NORMAL,NONE,NONE,NORMAL,0,0,,,none,Normal ambient weather telemetry with diurnal solar cycles
HYD_AWS_01,Hyderabad (AWS030),2026-08-08T12:00:00Z,39.04,40.7,,SYNTHETIC_SIMULATION,SCN_CLEAN_BASELINE,CLEAN_NORMAL,NONE,NONE,NORMAL,0,0,,,none,Normal ambient weather telemetry with diurnal solar cycles
HYD_AWS_01,Hyderabad (AWS030),2026-08-08T13:00:00Z,40.03,37.0,1007.46,SYNTHETIC_SIMULATION,SCN_CLEAN_BASELINE,CLEAN_NORMAL,NONE,NONE,NORMAL,0,0,,,none,Normal ambient weather telemetry with diurnal solar cycles
HYD_AWS_01,Hyderabad (AWS030),2026-08-08T14:00:00Z,41.29,35.6,1007.09,SYNTHETIC_SIMULATION,SCN_CLEAN_BASELINE,CLEAN_NORMAL,NONE,NONE,NORMAL,0,0,,,none,Normal ambient weather telemetry with diurnal solar cycles
HYD_AWS_01,Hyderabad (AWS030),2026-08-08T15:00:00Z,40.67,36.7,1005.82,SYNTHETIC_SIMULATION,SCN_CLEAN_BASELINE,CLEAN_NORMAL,NONE,NONE,NORMAL,0,0,,,none,Normal ambient weather telemetry with diurnal solar cycles
HYD_AWS_01,Hyderabad (AWS030),2026-08-08T16:00:00Z,40.76,38.6,1006.15,SYNTHETIC_SIMULATION,SCN_CLEAN_BASELINE,CLEAN_NORMAL,NONE,NONE,NORMAL,0,0,,,none,Normal ambient weather telemetry with diurnal solar cycles
HYD_AWS_01,Hyderabad (AWS030),2026-08-08T17:00:00Z,39.09,40.1,1005.73,SYNTHETIC_SIMULATION,SCN_CLEAN_BASELINE,CLEAN_NORMAL,NONE,NONE,NORMAL,0,0,,,none,Normal ambient weather telemetry with diurnal solar cycles
HYD_AWS_01,Hyderabad (AWS030),2026-08-08T18:00:00Z,37.48,46.8,1005.24,SYNTHETIC_SIMULATION,SCN_CLEAN_BASELINE,CLEAN_NORMAL,NONE,NONE,NORMAL,0,0,,,none,Normal ambient weather telemetry with diurnal solar cycles
HYD_AWS_01,Hyderabad (AWS030),2026-08-08T19:00:00Z,35.67,49.4,1005.62,SYNTHETIC_SIMULATION,SCN_CLEAN_BASELINE,CLEAN_NORMAL,NONE,NONE,NORMAL,0,0,,,none,Normal ambient weather telemetry with diurnal solar cycles
HYD_AWS_01,Hyderabad (AWS030),2026-08-08T20:00:00Z,34.31,54.8,1006.76,SYNTHETIC_SIMULATION,SCN_CLEAN_BASELINE,CLEAN_NORMAL,NONE,NONE,NORMAL,0,0,,,none,Normal ambient weather telemetry with diurnal solar cycles
HYD_AWS_01,Hyderabad (AWS030),2026-08-08T21:00:00Z,31.36,60.0,1006.89,SYNTHETIC_SIMULATION,SCN_CLEAN_BASELINE,CLEAN_NORMAL,NONE,NONE,NORMAL,0,0,,,none,Normal ambient weather telemetry with diurnal solar cycles
HYD_AWS_01,Hyderabad (AWS030),2026-08-08T22:00:00Z,29.2,67.1,1008.46,SYNTHETIC_SIMULATION,SCN_CLEAN_BASELINE,CLEAN_NORMAL,NONE,NONE,NORMAL,0,0,,,none,Normal ambient weather telemetry with diurnal solar cycles
HYD_AWS_01,Hyderabad (AWS030),2026-08-08T23:00:00Z,26.9,73.6,1008.87,SYNTHETIC_SIMULATION,SCN_CLEAN_BASELINE,CLEAN_NORMAL,NONE,NONE,NORMAL,0,0,,,none,Normal ambient weather telemetry with diurnal solar cycles
HYD_AWS_01,Hyderabad (AWS030),2026-08-09T00:00:00Z,25.95,76.8,1009.49,SYNTHETIC_SIMULATION,SCN_CLEAN_BASELINE,CLEAN_NORMAL,NONE,NONE,NORMAL,0,0,,,none,Normal ambient weather telemetry with diurnal solar cycles
HYD_AWS_01,Hyderabad (AWS030),2026-08-09T01:00:00Z,25.09,79.1,1009.2,SYNTHETIC_SIMULATION,SCN_CLEAN_BASELINE,CLEAN_NORMAL,NONE,NONE,NORMAL,0,0,,,none,Normal ambient weather telemetry with diurnal solar cycles
HYD_AWS_01,Hyderabad (AWS030),2026-08-09T02:00:00Z,23.97,81.0,1008.29,SYNTHETIC_SIMULATION,SCN_CLEAN_BASELINE,CLEAN_NORMAL,NONE,NONE,NORMAL,0,0,,,none,Normal ambient weather telemetry with diurnal solar cycles
HYD_AWS_01,Hyderabad (AWS030),2026-08-09T03:00:00Z,24.01,84.1,1008.45,SYNTHETIC_SIMULATION,SCN_CLEAN_BASELINE,CLEAN_NORMAL,NONE,NONE,NORMAL,0,0,,,none,Normal ambient weather telemetry with diurnal solar cycles
HYD_AWS_01,Hyderabad (AWS030),2026-08-09T04:00:00Z,24.65,83.2,1007.93,SYNTHETIC_SIMULATION,SCN_CLEAN_BASELINE,CLEAN_NORMAL,NONE,NONE,NORMAL,0,0,,,none,Normal ambient weather telemetry with diurnal solar cycles
HYD_AWS_01,Hyderabad (AWS030),2026-08-09T05:00:00Z,25.55,78.4,1007.33,SYNTHETIC_SIMULATION,SCN_CLEAN_BASELINE,CLEAN_NORMAL,NONE,NONE,NORMAL,0,0,,,none,Normal ambient weather telemetry with diurnal solar cycles
HYD_AWS_01,Hyderabad (AWS030),2026-08-09T06:00:00Z,26.95,74.2,1007.58,SYNTHETIC_SIMULATION,SCN_CLEAN_BASELINE,CLEAN_NORMAL,NONE,NONE,NORMAL,0,0,,,none,Normal ambient weather telemetry with diurnal solar cycles
HYD_AWS_01,Hyderabad (AWS030),2026-08-09T07:00:00Z,28.85,69.7,1007.49,SYNTHETIC_SIMULATION,SCN_CLEAN_BASELINE,CLEAN_NORMAL,NONE,NONE,NORMAL,0,0,,,none,Normal ambient weather telemetry with diurnal solar cycles
HYD_AWS_01,Hyderabad (AWS030),2026-08-09T08:00:00Z,30.78,64.6,1008.83,SYNTHETIC_SIMULATION,SCN_CLEAN_BASELINE,CLEAN_NORMAL,NONE,NONE,NORMAL,0,0,,,none,Normal ambient weather telemetry with diurnal solar cycles
HYD_AWS_01,Hyderabad (AWS030),2026-08-09T09:00:00Z,33.16,59.5,1009.4,SYNTHETIC_SIMULATION,SCN_CLEAN_BASELINE,CLEAN_NORMAL,NONE,NONE,NORMAL,0,0,,,none,Normal ambient weather telemetry with diurnal solar cycles
HYD_AWS_01,Hyderabad (AWS030),2026-08-09T10:00:00Z,33.92,54.6,1009.77,SYNTHETIC_SIMULATION,SCN_CLEAN_BASELINE,CLEAN_NORMAL,NONE,NONE,NORMAL,0,0,,,none,Normal ambient weather telemetry with diurnal solar cycles
HYD_AWS_01,Hyderabad (AWS030),2026-08-09T11:00:00Z,36.17,48.9,1010.61,SYNTHETIC_SIMULATION,SCN_CLEAN_BASELINE,CLEAN_NORMAL,NONE,NONE,NORMAL,0,0,,,none,Normal ambient weather telemetry with diurnal solar cycles
HYD_AWS_01,Hyderabad (AWS030),2026-08-09T12:00:00Z,37.61,44.5,1011.05,SYNTHETIC_SIMULATION,SCN_CLEAN_BASELINE,CLEAN_NORMAL,NONE,NONE,NORMAL,0,0,,,none,Normal ambient weather telemetry with diurnal solar cycles
HYD_AWS_01,Hyderabad (AWS030),2026-08-09T13:00:00Z,38.05,42.4,1011.24,SYNTHETIC_SIMULATION,SCN_CLEAN_BASELINE,CLEAN_NORMAL,NONE,NONE,NORMAL,0,0,,,none,Normal ambient weather telemetry with diurnal solar cycles
HYD_AWS_01,Hyderabad (AWS030),2026-08-09T14:00:00Z,38.96,42.0,1010.65,SYNTHETIC_SIMULATION,SCN_CLEAN_BASELINE,CLEAN_NORMAL,NONE,NONE,NORMAL,0,0,,,none,Normal ambient weather telemetry with diurnal solar cycles
HYD_AWS_01,Hyderabad (AWS030),2026-08-09T15:00:00Z,38.75,41.5,1010.27,SYNTHETIC_SIMULATION,SCN_CLEAN_BASELINE,CLEAN_NORMAL,NONE,NONE,NORMAL,0,0,,,none,Normal ambient weather telemetry with diurnal solar cycles
HYD_AWS_01,Hyderabad (AWS030),2026-08-09T16:00:00Z,37.42,44.4,1009.25,SYNTHETIC_SIMULATION,SCN_CLEAN_BASELINE,CLEAN_NORMAL,NONE,NONE,NORMAL,0,0,,,none,Normal ambient weather telemetry with diurnal solar cycles
HYD_AWS_01,Hyderabad (AWS030),2026-08-09T17:00:00Z,37.14,45.6,1009.21,SYNTHETIC_SIMULATION,SCN_CLEAN_BASELINE,CLEAN_NORMAL,NONE,NONE,NORMAL,0,0,,,none,Normal ambient weather telemetry with diurnal solar cycles
HYD_AWS_01,Hyderabad (AWS030),2026-08-09T18:00:00Z,35.22,51.0,1009.34,SYNTHETIC_SIMULATION,SCN_CLEAN_BASELINE,CLEAN_NORMAL,NONE,NONE,NORMAL,0,0,,,none,Normal ambient weather telemetry with diurnal solar cycles
HYD_AWS_01,Hyderabad (AWS030),2026-08-09T19:00:00Z,33.3,56.0,1009.68,SYNTHETIC_SIMULATION,SCN_CLEAN_BASELINE,CLEAN_NORMAL,NONE,NONE,NORMAL,0,0,,,none,Normal ambient weather telemetry with diurnal solar cycles
HYD_AWS_01,Hyderabad (AWS030),2026-08-09T20:00:00Z,31.41,62.9,1009.96,SYNTHETIC_SIMULATION,SCN_CLEAN_BASELINE,CLEAN_NORMAL,NONE,NONE,NORMAL,0,0,,,none,Normal ambient weather telemetry with diurnal solar cycles
HYD_AWS_01,Hyderabad (AWS030),2026-08-09T21:00:00Z,30.05,66.6,1010.78,SYNTHETIC_SIMULATION,SCN_CLEAN_BASELINE,CLEAN_NORMAL,NONE,NONE,NORMAL,0,0,,,none,Normal ambient weather telemetry with diurnal solar cycles
HYD_AWS_01,Hyderabad (AWS030),2026-08-09T22:00:00Z,27.04,72.5,1011.47,SYNTHETIC_SIMULATION,SCN_CLEAN_BASELINE,CLEAN_NORMAL,NONE,NONE,NORMAL,0,0,,,none,Normal ambient weather telemetry with diurnal solar cycles
HYD_AWS_01,Hyderabad (AWS030),2026-08-09T23:00:00Z,25.67,79.3,1012.39,SYNTHETIC_SIMULATION,SCN_CLEAN_BASELINE,CLEAN_NORMAL,NONE,NONE,NORMAL,0,0,,,none,Normal ambient weather telemetry with diurnal solar cycles
HYD_AWS_01,Hyderabad (AWS030),2026-08-10T00:00:00Z,23.65,84.0,1012.78,SYNTHETIC_SIMULATION,SCN_CLEAN_BASELINE,CLEAN_NORMAL,NONE,NONE,NORMAL,0,0,,,none,Normal ambient weather telemetry with diurnal solar cycles
HYD_AWS_01,Hyderabad (AWS030),2026-08-10T01:00:00Z,22.48,85.2,1012.83,SYNTHETIC_SIMULATION,SCN_CLEAN_BASELINE,CLEAN_NORMAL,NONE,NONE,NORMAL,0,0,,,none,Normal ambient weather telemetry with diurnal solar cycles
HYD_AWS_01,Hyderabad (AWS030),2026-08-10T02:00:00Z,22.18,87.8,1011.88,SYNTHETIC_SIMULATION,SCN_CLEAN_BASELINE,CLEAN_NORMAL,NONE,NONE,NORMAL,0,0,,,none,Normal ambient weather telemetry with diurnal solar cycles
HYD_AWS_01,Hyderabad (AWS030),2026-08-10T03:00:00Z,22.32,88.7,1011.94,SYNTHETIC_SIMULATION,SCN_CLEAN_BASELINE,CLEAN_NORMAL,NONE,NONE,NORMAL,0,0,,,none,Normal ambient weather telemetry with diurnal solar cycles
HYD_AWS_01,Hyderabad (AWS030),2026-08-10T04:00:00Z,22.24,85.4,1011.17,SYNTHETIC_SIMULATION,SCN_CLEAN_BASELINE,CLEAN_NORMAL,NONE,NONE,NORMAL,0,0,,,none,Normal ambient weather telemetry with diurnal solar cycles
HYD_AWS_01,Hyderabad (AWS030),2026-08-10T05:00:00Z,23.28,84.2,1011.17,SYNTHETIC_SIMULATION,SCN_CLEAN_BASELINE,CLEAN_NORMAL,NONE,NONE,NORMAL,0,0,,,none,Normal ambient weather telemetry with diurnal solar cycles
HYD_AWS_01,Hyderabad (AWS030),2026-08-10T06:00:00Z,24.65,80.3,1010.45,SYNTHETIC_SIMULATION,SCN_CLEAN_BASELINE,CLEAN_NORMAL,NONE,NONE,NORMAL,0,0,,,none,Normal ambient weather telemetry with diurnal solar cycles
HYD_AWS_01,Hyderabad (AWS030),2026-08-10T07:00:00Z,26.42,75.3,1011.18,SYNTHETIC_SIMULATION,SCN_CLEAN_BASELINE,CLEAN_NORMAL,NONE,NONE,NORMAL,0,0,,,none,Normal ambient weather telemetry with diurnal solar cycles
HYD_AWS_01,Hyderabad (AWS030),2026-08-10T08:00:00Z,28.39,68.9,1011.26,SYNTHETIC_SIMULATION,SCN_CLEAN_BASELINE,CLEAN_NORMAL,NONE,NONE,NORMAL,0,0,,,none,Normal ambient weather telemetry with diurnal solar cycles
HYD_AWS_01,Hyderabad (AWS030),2026-08-10T09:00:00Z,30.53,64.4,1011.79,SYNTHETIC_SIMULATION,SCN_CLEAN_BASELINE,CLEAN_NORMAL,NONE,NONE,NORMAL,0,0,,,none,Normal ambient weather telemetry with diurnal solar cycles
HYD_AWS_01,Hyderabad (AWS030),2026-08-10T10:00:00Z,32.98,58.0,1012.52,SYNTHETIC_SIMULATION,SCN_CLEAN_BASELINE,CLEAN_NORMAL,NONE,NONE,NORMAL,0,0,,,none,Normal ambient weather telemetry with diurnal solar cycles
HYD_AWS_01,Hyderabad (AWS030),2026-08-10T11:00:00Z,34.54,53.2,1013.27,SYNTHETIC_SIMULATION,SCN_CLEAN_BASELINE,CLEAN_NORMAL,NONE,NONE,NORMAL,0,0,,,none,Normal ambient weather telemetry with diurnal solar cycles
HYD_AWS_01,Hyderabad (AWS030),2026-08-10T12:00:00Z,36.16,50.4,1013.48,SYNTHETIC_SIMULATION,SCN_CLEAN_BASELINE,CLEAN_NORMAL,NONE,NONE,NORMAL,0,0,,,none,Normal ambient weather telemetry with diurnal solar cycles
HYD_AWS_01,Hyderabad (AWS030),2026-08-10T13:00:00Z,36.68,45.9,1013.47,SYNTHETIC_SIMULATION,SCN_CLEAN_BASELINE,CLEAN_NORMAL,NONE,NONE,NORMAL,0,0,,,none,Normal ambient weather telemetry with diurnal solar cycles
HYD_AWS_01,Hyderabad (AWS030),2026-08-10T14:00:00Z,36.86,44.9,1012.63,SYNTHETIC_SIMULATION,SCN_CLEAN_BASELINE,CLEAN_NORMAL,NONE,NONE,NORMAL,0,0,,,none,Normal ambient weather telemetry with diurnal solar cycles
HYD_AWS_01,Hyderabad (AWS030),2026-08-10T15:00:00Z,36.84,45.6,1011.93,SYNTHETIC_SIMULATION,SCN_CLEAN_BASELINE,CLEAN_NORMAL,NONE,NONE,NORMAL,0,0,,,none,Normal ambient weather telemetry with diurnal solar cycles
HYD_AWS_01,Hyderabad (AWS030),2026-08-10T16:00:00Z,37.03,47.9,1011.59,SYNTHETIC_SIMULATION,SCN_CLEAN_BASELINE,CLEAN_NORMAL,NONE,NONE,NORMAL,0,0,,,none,Normal ambient weather telemetry with diurnal solar cycles
HYD_AWS_01,Hyderabad (AWS030),2026-08-10T17:00:00Z,36.0,50.5,1011.12,SYNTHETIC_SIMULATION,SCN_CLEAN_BASELINE,CLEAN_NORMAL,NONE,NONE,NORMAL,0,0,,,none,Normal ambient weather telemetry with diurnal solar cycles
HYD_AWS_01,Hyderabad (AWS030),2026-08-10T18:00:00Z,34.65,53.1,1010.87,SYNTHETIC_SIMULATION,SCN_CLEAN_BASELINE,CLEAN_NORMAL,NONE,NONE,NORMAL,0,0,,,none,Normal ambient weather telemetry with diurnal solar cycles
HYD_AWS_01,Hyderabad (AWS030),2026-08-10T19:00:00Z,31.95,59.7,1010.46,SYNTHETIC_SIMULATION,SCN_CLEAN_BASELINE,CLEAN_NORMAL,NONE,NONE,NORMAL,0,0,,,none,Normal ambient weather telemetry with diurnal solar cycles
HYD_AWS_01,Hyderabad (AWS030),2026-08-10T20:00:00Z,31.55,62.3,1010.95,SYNTHETIC_SIMULATION,SCN_CLEAN_BASELINE,CLEAN_NORMAL,NONE,NONE,NORMAL,0,0,,,none,Normal ambient weather telemetry with diurnal solar cycles
HYD_AWS_01,Hyderabad (AWS030),2026-08-10T21:00:00Z,28.43,70.8,1011.86,SYNTHETIC_SIMULATION,SCN_CLEAN_BASELINE,CLEAN_NORMAL,NONE,NONE,NORMAL,0,0,,,none,Normal ambient weather telemetry with diurnal solar cycles
HYD_AWS_01,Hyderabad (AWS030),2026-08-10T22:00:00Z,26.77,74.0,1012.56,SYNTHETIC_SIMULATION,SCN_CLEAN_BASELINE,CLEAN_NORMAL,NONE,NONE,NORMAL,0,0,,,none,Normal ambient weather telemetry with diurnal solar cycles
HYD_AWS_01,Hyderabad (AWS030),2026-08-10T23:00:00Z,25.1,80.0,1013.38,SYNTHETIC_SIMULATION,SCN_CLEAN_BASELINE,CLEAN_NORMAL,NONE,NONE,NORMAL,0,0,,,none,Normal ambient weather telemetry with diurnal solar cycles
HYD_AWS_01,Hyderabad (AWS030),2026-08-11T00:00:00Z,22.64,85.8,1013.5,SYNTHETIC_SIMULATION,SCN_CLEAN_BASELINE,CLEAN_NORMAL,NONE,NONE,NORMAL,0,0,,,none,Normal ambient weather telemetry with diurnal solar cycles
HYD_AWS_01,Hyderabad (AWS030),2026-08-11T01:00:00Z,22.44,88.8,1012.96,SYNTHETIC_SIMULATION,SCN_CLEAN_BASELINE,CLEAN_NORMAL,NONE,NONE,NORMAL,0,0,,,none,Normal ambient weather telemetry with diurnal solar cycles
HYD_AWS_01,Hyderabad (AWS030),2026-08-11T02:00:00Z,22.41,89.1,1012.21,SYNTHETIC_SIMULATION,SCN_CLEAN_BASELINE,CLEAN_NORMAL,NONE,NONE,NORMAL,0,0,,,none,Normal ambient weather telemetry with diurnal solar cycles
HYD_AWS_01,Hyderabad (AWS030),2026-08-11T03:00:00Z,22.51,89.2,1011.85,SYNTHETIC_SIMULATION,SCN_CLEAN_BASELINE,CLEAN_NORMAL,NONE,NONE,NORMAL,0,0,,,none,Normal ambient weather telemetry with diurnal solar cycles
HYD_AWS_01,Hyderabad (AWS030),2026-08-11T04:00:00Z,21.94,85.9,1011.02,SYNTHETIC_SIMULATION,SCN_CLEAN_BASELINE,CLEAN_NORMAL,NONE,NONE,NORMAL,0,0,,,none,Normal ambient weather telemetry with diurnal solar cycles
HYD_AWS_01,Hyderabad (AWS030),2026-08-11T05:00:00Z,23.93,82.5,1010.71,SYNTHETIC_SIMULATION,SCN_CLEAN_BASELINE,CLEAN_NORMAL,NONE,NONE,NORMAL,0,0,,,none,Normal ambient weather telemetry with diurnal solar cycles
HYD_AWS_01,Hyderabad (AWS030),2026-08-11T06:00:00Z,25.86,78.3,1009.83,SYNTHETIC_SIMULATION,SCN_CLEAN_BASELINE,CLEAN_NORMAL,NONE,NONE,NORMAL,0,0,,,none,Normal ambient weather telemetry with diurnal solar cycles
HYD_AWS_01,Hyderabad (AWS030),2026-08-11T07:00:00Z,26.71,72.9,1009.73,SYNTHETIC_SIMULATION,SCN_CLEAN_BASELINE,CLEAN_NORMAL,NONE,NONE,NORMAL,0,0,,,none,Normal ambient weather telemetry with diurnal solar cycles
HYD_AWS_01,Hyderabad (AWS030),2026-08-11T08:00:00Z,29.52,67.7,1010.16,SYNTHETIC_SIMULATION,SCN_CLEAN_BASELINE,CLEAN_NORMAL,NONE,NONE,NORMAL,0,0,,,none,Normal ambient weather telemetry with diurnal solar cycles
HYD_AWS_01,Hyderabad (AWS030),2026-08-11T09:00:00Z,31.64,61.4,1010.92,SYNTHETIC_SIMULATION,SCN_CLEAN_BASELINE,CLEAN_NORMAL,NONE,NONE,NORMAL,0,0,,,none,Normal ambient weather telemetry with diurnal solar cycles
HYD_AWS_01,Hyderabad (AWS030),2026-08-11T10:00:00Z,33.67,57.4,1011.46,SYNTHETIC_SIMULATION,SCN_CLEAN_BASELINE,CLEAN_NORMAL,NONE,NONE,NORMAL,0,0,,,none,Normal ambient weather telemetry with diurnal solar cycles
HYD_AWS_01,Hyderabad (AWS030),2026-08-11T11:00:00Z,35.71,51.1,1011.45,SYNTHETIC_SIMULATION,SCN_CLEAN_BASELINE,CLEAN_NORMAL,NONE,NONE,NORMAL,0,0,,,none,Normal ambient weather telemetry with diurnal solar cycles
HYD_AWS_01,Hyderabad (AWS030),2026-08-11T12:00:00Z,37.54,47.7,1011.72,SYNTHETIC_SIMULATION,SCN_CLEAN_BASELINE,CLEAN_NORMAL,NONE,NONE,NORMAL,0,0,,,none,Normal ambient weather telemetry with diurnal solar cycles
HYD_AWS_01,Hyderabad (AWS030),2026-08-11T13:00:00Z,38.72,45.6,1011.46,SYNTHETIC_SIMULATION,SCN_CLEAN_BASELINE,CLEAN_NORMAL,NONE,NONE,NORMAL,0,0,,,none,Normal ambient weather telemetry with diurnal solar cycles
HYD_AWS_01,Hyderabad (AWS030),2026-08-11T14:00:00Z,38.3,42.6,1011.4,SYNTHETIC_SIMULATION,SCN_CLEAN_BASELINE,CLEAN_NORMAL,NONE,NONE,NORMAL,0,0,,,none,Normal ambient weather telemetry with diurnal solar cycles
HYD_AWS_01,Hyderabad (AWS030),2026-08-11T15:00:00Z,38.93,41.0,1010.12,SYNTHETIC_SIMULATION,SCN_CLEAN_BASELINE,CLEAN_NORMAL,NONE,NONE,NORMAL,0,0,,,none,Normal ambient weather telemetry with diurnal solar cycles
HYD_AWS_01,Hyderabad (AWS030),2026-08-11T16:00:00Z,38.18,43.9,1009.15,SYNTHETIC_SIMULATION,SCN_CLEAN_BASELINE,CLEAN_NORMAL,NONE,NONE,NORMAL,0,0,,,none,Normal ambient weather telemetry with diurnal solar cycles
HYD_AWS_01,Hyderabad (AWS030),2026-08-11T17:00:00Z,37.2,43.8,1008.34,SYNTHETIC_SIMULATION,SCN_CLEAN_BASELINE,CLEAN_NORMAL,NONE,NONE,NORMAL,0,0,,,none,Normal ambient weather telemetry with diurnal solar cycles
HYD_AWS_01,Hyderabad (AWS030),2026-08-11T18:00:00Z,36.19,51.4,1008.33,SYNTHETIC_SIMULATION,SCN_CLEAN_BASELINE,CLEAN_NORMAL,NONE,NONE,NORMAL,0,0,,,none,Normal ambient weather telemetry with diurnal solar cycles
HYD_AWS_01,Hyderabad (AWS030),2026-08-11T19:00:00Z,34.36,55.0,1008.38,SYNTHETIC_SIMULATION,SCN_CLEAN_BASELINE,CLEAN_NORMAL,NONE,NONE,NORMAL,0,0,,,none,Normal ambient weather telemetry with diurnal solar cycles
HYD_AWS_01,Hyderabad (AWS030),2026-08-11T20:00:00Z,32.8,59.5,1009.0,SYNTHETIC_SIMULATION,SCN_CLEAN_BASELINE,CLEAN_NORMAL,NONE,NONE,NORMAL,0,0,,,none,Normal ambient weather telemetry with diurnal solar cycles
HYD_AWS_01,Hyderabad (AWS030),2026-08-11T21:00:00Z,29.39,65.8,1009.0,SYNTHETIC_SIMULATION,SCN_CLEAN_BASELINE,CLEAN_NORMAL,NONE,NONE,NORMAL,0,0,,,none,Normal ambient weather telemetry with diurnal solar cycles
HYD_AWS_01,Hyderabad (AWS030),2026-08-11T22:00:00Z,28.95,70.7,1009.9,SYNTHETIC_SIMULATION,SCN_CLEAN_BASELINE,CLEAN_NORMAL,NONE,NONE,NORMAL,0,0,,,none,Normal ambient weather telemetry with diurnal solar cycles
HYD_AWS_01,Hyderabad (AWS030),2026-08-11T23:00:00Z,26.66,75.0,1009.95,SYNTHETIC_SIMULATION,SCN_CLEAN_BASELINE,CLEAN_NORMAL,NONE,NONE,NORMAL,0,0,,,none,Normal ambient weather telemetry with diurnal solar cycles
HYD_AWS_01,Hyderabad (AWS030),2026-08-12T00:00:00Z,25.4,78.1,1010.1,SYNTHETIC_SIMULATION,SCN_CLEAN_BASELINE,CLEAN_NORMAL,NONE,NONE,NORMAL,0,0,,,none,Normal ambient weather telemetry with diurnal solar cycles
HYD_AWS_01,Hyderabad (AWS030),2026-08-12T01:00:00Z,24.16,80.0,1009.83,SYNTHETIC_SIMULATION,SCN_CLEAN_BASELINE,CLEAN_NORMAL,NONE,NONE,NORMAL,0,0,,,none,Normal ambient weather telemetry with diurnal solar cycles
HYD_AWS_01,Hyderabad (AWS030),2026-08-12T02:00:00Z,24.07,82.5,1009.16,SYNTHETIC_SIMULATION,SCN_CLEAN_BASELINE,CLEAN_NORMAL,NONE,NONE,NORMAL,0,0,,,none,Normal ambient weather telemetry with diurnal solar cycles
HYD_AWS_01,Hyderabad (AWS030),2026-08-12T03:00:00Z,24.18,82.4,1008.06,SYNTHETIC_SIMULATION,SCN_CLEAN_BASELINE,CLEAN_NORMAL,NONE,NONE,NORMAL,0,0,,,none,Normal ambient weather telemetry with diurnal solar cycles
HYD_AWS_01,Hyderabad (AWS030),2026-08-12T04:00:00Z,25.62,81.6,1007.33,SYNTHETIC_SIMULATION,SCN_CLEAN_BASELINE,CLEAN_NORMAL,NONE,NONE,NORMAL,0,0,,,none,Normal ambient weather telemetry with diurnal solar cycles
HYD_AWS_01,Hyderabad (AWS030),2026-08-12T05:00:00Z,26.41,78.1,1006.63,SYNTHETIC_SIMULATION,SCN_CLEAN_BASELINE,CLEAN_NORMAL,NONE,NONE,NORMAL,0,0,,,none,Normal ambient weather telemetry with diurnal solar cycles
HYD_AWS_01,Hyderabad (AWS030),2026-08-12T06:00:00Z,27.24,71.8,1006.53,SYNTHETIC_SIMULATION,SCN_CLEAN_BASELINE,CLEAN_NORMAL,NONE,NONE,NORMAL,0,0,,,none,Normal ambient weather telemetry with diurnal solar cycles
HYD_AWS_01,Hyderabad (AWS030),2026-08-12T07:00:00Z,29.34,68.7,1006.46,SYNTHETIC_SIMULATION,SCN_CLEAN_BASELINE,CLEAN_NORMAL,NONE,NONE,NORMAL,0,0,,,none,Normal ambient weather telemetry with diurnal solar cycles
HYD_AWS_01,Hyderabad (AWS030),2026-08-12T08:00:00Z,31.56,61.5,1006.42,SYNTHETIC_SIMULATION,SCN_CLEAN_BASELINE,CLEAN_NORMAL,NONE,NONE,NORMAL,0,0,,,none,Normal ambient weather telemetry with diurnal solar cycles
HYD_AWS_01,Hyderabad (AWS030),2026-08-12T09:00:00Z,33.69,56.6,1007.48,SYNTHETIC_SIMULATION,SCN_CLEAN_BASELINE,CLEAN_NORMAL,NONE,NONE,NORMAL,0,0,,,none,Normal ambient weather telemetry with diurnal solar cycles
HYD_AWS_01,Hyderabad (AWS030),2026-08-12T10:00:00Z,36.56,49.9,1007.42,SYNTHETIC_SIMULATION,SCN_CLEAN_BASELINE,CLEAN_NORMAL,NONE,NONE,NORMAL,0,0,,,none,Normal ambient weather telemetry with diurnal solar cycles
HYD_AWS_01,Hyderabad (AWS030),2026-08-12T11:00:00Z,37.05,46.1,1008.19,SYNTHETIC_SIMULATION,SCN_CLEAN_BASELINE,CLEAN_NORMAL,NONE,NONE,NORMAL,0,0,,,none,Normal ambient weather telemetry with diurnal solar cycles
HYD_AWS_01,Hyderabad (AWS030),2026-08-12T12:00:00Z,39.63,39.9,1007.95,SYNTHETIC_SIMULATION,SCN_CLEAN_BASELINE,CLEAN_NORMAL,NONE,NONE,NORMAL,0,0,,,none,Normal ambient weather telemetry with diurnal solar cycles
HYD_AWS_01,Hyderabad (AWS030),2026-08-12T13:00:00Z,40.88,37.7,1007.37,SYNTHETIC_SIMULATION,SCN_CLEAN_BASELINE,CLEAN_NORMAL,NONE,NONE,NORMAL,0,0,,,none,Normal ambient weather telemetry with diurnal solar cycles
HYD_AWS_01,Hyderabad (AWS030),2026-08-12T14:00:00Z,40.85,36.2,1006.96,SYNTHETIC_SIMULATION,SCN_CLEAN_BASELINE,CLEAN_NORMAL,NONE,NONE,NORMAL,0,0,,,none,Normal ambient weather telemetry with diurnal solar cycles
HYD_AWS_01,Hyderabad (AWS030),2026-08-12T15:00:00Z,41.22,36.1,1006.37,SYNTHETIC_SIMULATION,SCN_CLEAN_BASELINE,CLEAN_NORMAL,NONE,NONE,NORMAL,0,0,,,none,Normal ambient weather telemetry with diurnal solar cycles
HYD_AWS_01,Hyderabad (AWS030),2026-08-12T16:00:00Z,40.36,38.4,1005.67,SYNTHETIC_SIMULATION,SCN_CLEAN_BASELINE,CLEAN_NORMAL,NONE,NONE,NORMAL,0,0,,,none,Normal ambient weather telemetry with diurnal solar cycles
HYD_AWS_01,Hyderabad (AWS030),2026-08-12T17:00:00Z,39.41,40.6,1004.78,SYNTHETIC_SIMULATION,SCN_CLEAN_BASELINE,CLEAN_NORMAL,NONE,NONE,NORMAL,0,0,,,none,Normal ambient weather telemetry with diurnal solar cycles
HYD_AWS_01,Hyderabad (AWS030),2026-08-12T18:00:00Z,38.33,44.7,1004.72,SYNTHETIC_SIMULATION,SCN_CLEAN_BASELINE,CLEAN_NORMAL,NONE,NONE,NORMAL,0,0,,,none,Normal ambient weather telemetry with diurnal solar cycles
HYD_AWS_01,Hyderabad (AWS030),2026-08-12T19:00:00Z,36.2,48.8,1005.09,SYNTHETIC_SIMULATION,SCN_CLEAN_BASELINE,CLEAN_NORMAL,NONE,NONE,NORMAL,0,0,,,none,Normal ambient weather telemetry with diurnal solar cycles
HYD_AWS_01,Hyderabad (AWS030),2026-08-12T20:00:00Z,34.61,53.3,1005.18,SYNTHETIC_SIMULATION,SCN_CLEAN_BASELINE,CLEAN_NORMAL,NONE,NONE,NORMAL,0,0,,,none,Normal ambient weather telemetry with diurnal solar cycles
HYD_AWS_01,Hyderabad (AWS030),2026-08-12T21:00:00Z,32.93,58.0,1005.79,SYNTHETIC_SIMULATION,SCN_CLEAN_BASELINE,CLEAN_NORMAL,NONE,NONE,NORMAL,0,0,,,none,Normal ambient weather telemetry with diurnal solar cycles
HYD_AWS_01,Hyderabad (AWS030),2026-08-12T22:00:00Z,31.24,64.6,1006.07,SYNTHETIC_SIMULATION,SCN_CLEAN_BASELINE,CLEAN_NORMAL,NONE,NONE,NORMAL,0,0,,,none,Normal ambient weather telemetry with diurnal solar cycles
HYD_AWS_01,Hyderabad (AWS030),2026-08-12T23:00:00Z,29.32,67.5,1006.93,SYNTHETIC_SIMULATION,SCN_CLEAN_BASELINE,CLEAN_NORMAL,NONE,NONE,NORMAL,0,0,,,none,Normal ambient weather telemetry with diurnal solar cycles
HYD_AWS_01,Hyderabad (AWS030),2026-08-13T00:00:00Z,28.06,73.8,1007.14,SYNTHETIC_SIMULATION,SCN_CLEAN_BASELINE,CLEAN_NORMAL,NONE,NONE,NORMAL,0,0,,,none,Normal ambient weather telemetry with diurnal solar cycles
HYD_AWS_01,Hyderabad (AWS030),2026-08-13T01:00:00Z,26.72,77.9,1006.52,SYNTHETIC_SIMULATION,SCN_CLEAN_BASELINE,CLEAN_NORMAL,NONE,NONE,NORMAL,0,0,,,none,Normal ambient weather telemetry with diurnal solar cycles
HYD_AWS_01,Hyderabad (AWS030),2026-08-13T02:00:00Z,26.2,77.5,1006.18,SYNTHETIC_SIMULATION,SCN_CLEAN_BASELINE,CLEAN_NORMAL,NONE,NONE,NORMAL,0,0,,,none,Normal ambient weather telemetry with diurnal solar cycles
HYD_AWS_01,Hyderabad (AWS030),2026-08-13T03:00:00Z,26.25,78.0,1005.29,SYNTHETIC_SIMULATION,SCN_CLEAN_BASELINE,CLEAN_NORMAL,NONE,NONE,NORMAL,0,0,,,none,Normal ambient weather telemetry with diurnal solar cycles
HYD_AWS_01,Hyderabad (AWS030),2026-08-13T04:00:00Z,26.61,75.2,1004.75,SYNTHETIC_SIMULATION,SCN_CLEAN_BASELINE,CLEAN_NORMAL,NONE,NONE,NORMAL,0,0,,,none,Normal ambient weather telemetry with diurnal solar cycles
HYD_AWS_01,Hyderabad (AWS030),2026-08-13T05:00:00Z,28.09,73.5,1004.24,SYNTHETIC_SIMULATION,SCN_CLEAN_BASELINE,CLEAN_NORMAL,NONE,NONE,NORMAL,0,0,,,none,Normal ambient weather telemetry with diurnal solar cycles
HYD_AWS_01,Hyderabad (AWS030),2026-08-13T06:00:00Z,29.38,69.6,1003.8,SYNTHETIC_SIMULATION,SCN_CLEAN_BASELINE,CLEAN_NORMAL,NONE,NONE,NORMAL,0,0,,,none,Normal ambient weather telemetry with diurnal solar cycles
HYD_AWS_01,Hyderabad (AWS030),2026-08-13T07:00:00Z,30.85,66.3,1004.19,SYNTHETIC_SIMULATION,SCN_CLEAN_BASELINE,CLEAN_NORMAL,NONE,NONE,NORMAL,0,0,,,none,Normal ambient weather telemetry with diurnal solar cycles
HYD_AWS_01,Hyderabad (AWS030),2026-08-13T08:00:00Z,32.77,59.9,1004.58,SYNTHETIC_SIMULATION,SCN_CLEAN_BASELINE,CLEAN_NORMAL,NONE,NONE,NORMAL,0,0,,,none,Normal ambient weather telemetry with diurnal solar cycles
HYD_AWS_01,Hyderabad (AWS030),2026-08-13T09:00:00Z,34.51,52.9,1005.11,SYNTHETIC_SIMULATION,SCN_CLEAN_BASELINE,CLEAN_NORMAL,NONE,NONE,NORMAL,0,0,,,none,Normal ambient weather telemetry with diurnal solar cycles
HYD_AWS_01,Hyderabad (AWS030),2026-08-13T10:00:00Z,36.26,46.9,1006.07,SYNTHETIC_SIMULATION,SCN_CLEAN_BASELINE,CLEAN_NORMAL,NONE,NONE,NORMAL,0,0,,,none,Normal ambient weather telemetry with diurnal solar cycles
HYD_AWS_01,Hyderabad (AWS030),2026-08-13T11:00:00Z,38.62,41.1,1006.27,SYNTHETIC_SIMULATION,SCN_CLEAN_BASELINE,CLEAN_NORMAL,NONE,NONE,NORMAL,0,0,,,none,Normal ambient weather telemetry with diurnal solar cycles
HYD_AWS_01,Hyderabad (AWS030),2026-08-13T12:00:00Z,40.67,38.1,1006.56,SYNTHETIC_SIMULATION,SCN_CLEAN_BASELINE,CLEAN_NORMAL,NONE,NONE,NORMAL,0,0,,,none,Normal ambient weather telemetry with diurnal solar cycles
HYD_AWS_01,Hyderabad (AWS030),2026-08-13T13:00:00Z,41.02,35.0,1005.97,SYNTHETIC_SIMULATION,SCN_CLEAN_BASELINE,CLEAN_NORMAL,NONE,NONE,NORMAL,0,0,,,none,Normal ambient weather telemetry with diurnal solar cycles
HYD_AWS_01,Hyderabad (AWS030),2026-08-13T14:00:00Z,41.95,34.8,1005.88,SYNTHETIC_SIMULATION,SCN_CLEAN_BASELINE,CLEAN_NORMAL,NONE,NONE,NORMAL,0,0,,,none,Normal ambient weather telemetry with diurnal solar cycles
HYD_AWS_01,Hyderabad (AWS030),2026-08-13T15:00:00Z,41.4,34.1,1005.53,SYNTHETIC_SIMULATION,SCN_CLEAN_BASELINE,CLEAN_NORMAL,NONE,NONE,NORMAL,0,0,,,none,Normal ambient weather telemetry with diurnal solar cycles
HYD_AWS_01,Hyderabad (AWS030),2026-08-13T16:00:00Z,41.05,36.2,1005.14,SYNTHETIC_SIMULATION,SCN_CLEAN_BASELINE,CLEAN_NORMAL,NONE,NONE,NORMAL,0,0,,,none,Normal ambient weather telemetry with diurnal solar cycles
HYD_AWS_01,Hyderabad (AWS030),2026-08-13T17:00:00Z,40.76,38.0,1004.3,SYNTHETIC_SIMULATION,SCN_CLEAN_BASELINE,CLEAN_NORMAL,NONE,NONE,NORMAL,0,0,,,none,Normal ambient weather telemetry with diurnal solar cycles
HYD_AWS_01,Hyderabad (AWS030),2026-08-13T18:00:00Z,38.56,41.7,1004.2,SYNTHETIC_SIMULATION,SCN_CLEAN_BASELINE,CLEAN_NORMAL,NONE,NONE,NORMAL,0,0,,,none,Normal ambient weather telemetry with diurnal solar cycles
HYD_AWS_01,Hyderabad (AWS030),2026-08-13T19:00:00Z,36.91,48.1,1004.65,SYNTHETIC_SIMULATION,SCN_CLEAN_BASELINE,CLEAN_NORMAL,NONE,NONE,NORMAL,0,0,,,none,Normal ambient weather telemetry with diurnal solar cycles
HYD_AWS_01,Hyderabad (AWS030),2026-08-13T20:00:00Z,34.86,56.2,1004.95,SYNTHETIC_SIMULATION,SCN_CLEAN_BASELINE,CLEAN_NORMAL,NONE,NONE,NORMAL,0,0,,,none,Normal ambient weather telemetry with diurnal solar cycles
HYD_AWS_01,Hyderabad (AWS030),2026-08-13T21:00:00Z,32.87,60.6,1005.43,SYNTHETIC_SIMULATION,SCN_CLEAN_BASELINE,CLEAN_NORMAL,NONE,NONE,NORMAL,0,0,,,none,Normal ambient weather telemetry with diurnal solar cycles
HYD_AWS_01,Hyderabad (AWS030),2026-08-13T22:00:00Z,30.55,63.9,1006.7,SYNTHETIC_SIMULATION,SCN_CLEAN_BASELINE,CLEAN_NORMAL,NONE,NONE,NORMAL,0,0,,,none,Normal ambient weather telemetry with diurnal solar cycles
HYD_AWS_01,Hyderabad (AWS030),2026-08-13T23:00:00Z,29.13,71.4,1006.93,SYNTHETIC_SIMULATION,SCN_CLEAN_BASELINE,CLEAN_NORMAL,NONE,NONE,NORMAL,0,0,,,none,Normal ambient weather telemetry with diurnal solar cycles
HYD_AWS_01,Hyderabad (AWS030),2026-08-14T00:00:00Z,27.49,74.2,1007.61,SYNTHETIC_SIMULATION,SCN_CLEAN_BASELINE,CLEAN_NORMAL,NONE,NONE,NORMAL,0,0,,,none,Normal ambient weather telemetry with diurnal solar cycles
HYD_AWS_01,Hyderabad (AWS030),2026-08-14T01:00:00Z,26.48,77.3,1007.24,SYNTHETIC_SIMULATION,SCN_CLEAN_BASELINE,CLEAN_NORMAL,NONE,NONE,NORMAL,0,0,,,none,Normal ambient weather telemetry with diurnal solar cycles
HYD_AWS_01,Hyderabad (AWS030),2026-08-14T02:00:00Z,25.99,79.0,1006.94,SYNTHETIC_SIMULATION,SCN_CLEAN_BASELINE,CLEAN_NORMAL,NONE,NONE,NORMAL,0,0,,,none,Normal ambient weather telemetry with diurnal solar cycles
HYD_AWS_01,Hyderabad (AWS030),2026-08-14T03:00:00Z,26.39,80.8,1006.29,SYNTHETIC_SIMULATION,SCN_CLEAN_BASELINE,CLEAN_NORMAL,NONE,NONE,NORMAL,0,0,,,none,Normal ambient weather telemetry with diurnal solar cycles
HYD_AWS_01,Hyderabad (AWS030),2026-08-14T04:00:00Z,25.65,79.7,1006.1,SYNTHETIC_SIMULATION,SCN_CLEAN_BASELINE,CLEAN_NORMAL,NONE,NONE,NORMAL,0,0,,,none,Normal ambient weather telemetry with diurnal solar cycles
HYD_AWS_01,Hyderabad (AWS030),2026-08-14T05:00:00Z,27.54,75.0,1005.25,SYNTHETIC_SIMULATION,SCN_CLEAN_BASELINE,CLEAN_NORMAL,NONE,NONE,NORMAL,0,0,,,none,Normal ambient weather telemetry with diurnal solar cycles
HYD_AWS_01,Hyderabad (AWS030),2026-08-14T06:00:00Z,28.17,70.8,1005.13,SYNTHETIC_SIMULATION,SCN_CLEAN_BASELINE,CLEAN_NORMAL,NONE,NONE,NORMAL,0,0,,,none,Normal ambient weather telemetry with diurnal solar cycles
HYD_AWS_01,Hyderabad (AWS030),2026-08-14T07:00:00Z,29.36,66.3,1005.84,SYNTHETIC_SIMULATION,SCN_CLEAN_BASELINE,CLEAN_NORMAL,NONE,NONE,NORMAL,0,0,,,none,Normal ambient weather telemetry with diurnal solar cycles
HYD_AWS_01,Hyderabad (AWS030),2026-08-14T08:00:00Z,32.34,60.8,1005.96,SYNTHETIC_SIMULATION,SCN_CLEAN_BASELINE,CLEAN_NORMAL,NONE,NONE,NORMAL,0,0,,,none,Normal ambient weather telemetry with diurnal solar cycles
HYD_AWS_01,Hyderabad (AWS030),2026-08-14T09:00:00Z,33.01,56.0,1007.27,SYNTHETIC_SIMULATION,SCN_CLEAN_BASELINE,CLEAN_NORMAL,NONE,NONE,NORMAL,0,0,,,none,Normal ambient weather telemetry with diurnal solar cycles
HYD_AWS_01,Hyderabad (AWS030),2026-08-14T10:00:00Z,35.44,52.4,1007.79,SYNTHETIC_SIMULATION,SCN_CLEAN_BASELINE,CLEAN_NORMAL,NONE,NONE,NORMAL,0,0,,,none,Normal ambient weather telemetry with diurnal solar cycles
HYD_AWS_01,Hyderabad (AWS030),2026-08-14T11:00:00Z,37.31,47.2,1008.64,SYNTHETIC_SIMULATION,SCN_CLEAN_BASELINE,CLEAN_NORMAL,NONE,NONE,NORMAL,0,0,,,none,Normal ambient weather telemetry with diurnal solar cycles
HYD_AWS_01,Hyderabad (AWS030),2026-08-14T12:00:00Z,39.53,43.9,1009.21,SYNTHETIC_SIMULATION,SCN_CLEAN_BASELINE,CLEAN_NORMAL,NONE,NONE,NORMAL,0,0,,,none,Normal ambient weather telemetry with diurnal solar cycles
HYD_AWS_01,Hyderabad (AWS030),2026-08-14T13:00:00Z,39.7,40.7,1009.31,SYNTHETIC_SIMULATION,SCN_CLEAN_BASELINE,CLEAN_NORMAL,NONE,NONE,NORMAL,0,0,,,none,Normal ambient weather telemetry with diurnal solar cycles
HYD_AWS_01,Hyderabad (AWS030),2026-08-14T14:00:00Z,39.21,37.7,1008.95,SYNTHETIC_SIMULATION,SCN_CLEAN_BASELINE,CLEAN_NORMAL,NONE,NONE,NORMAL,0,0,,,none,Normal ambient weather telemetry with diurnal solar cycles
HYD_AWS_01,Hyderabad (AWS030),2026-08-14T15:00:00Z,40.43,39.4,1007.97,SYNTHETIC_SIMULATION,SCN_CLEAN_BASELINE,CLEAN_NORMAL,NONE,NONE,NORMAL,0,0,,,none,Normal ambient weather telemetry with diurnal solar cycles
HYD_AWS_01,Hyderabad (AWS030),2026-08-14T16:00:00Z,38.79,40.9,1008.13,SYNTHETIC_SIMULATION,SCN_CLEAN_BASELINE,CLEAN_NORMAL,NONE,NONE,NORMAL,0,0,,,none,Normal ambient weather telemetry with diurnal solar cycles
HYD_AWS_01,Hyderabad (AWS030),2026-08-14T17:00:00Z,38.51,43.9,1007.68,SYNTHETIC_SIMULATION,SCN_CLEAN_BASELINE,CLEAN_NORMAL,NONE,NONE,NORMAL,0,0,,,none,Normal ambient weather telemetry with diurnal solar cycles
HYD_AWS_01,Hyderabad (AWS030),2026-08-14T18:00:00Z,36.51,51.6,1007.62,SYNTHETIC_SIMULATION,SCN_CLEAN_BASELINE,CLEAN_NORMAL,NONE,NONE,NORMAL,0,0,,,none,Normal ambient weather telemetry with diurnal solar cycles
HYD_AWS_01,Hyderabad (AWS030),2026-08-14T19:00:00Z,34.48,52.8,1007.38,SYNTHETIC_SIMULATION,SCN_CLEAN_BASELINE,CLEAN_NORMAL,NONE,NONE,NORMAL,0,0,,,none,Normal ambient weather telemetry with diurnal solar cycles
HYD_AWS_01,Hyderabad (AWS030),2026-08-14T20:00:00Z,33.33,59.3,1008.07,SYNTHETIC_SIMULATION,SCN_CLEAN_BASELINE,CLEAN_NORMAL,NONE,NONE,NORMAL,0,0,,,none,Normal ambient weather telemetry with diurnal solar cycles
HYD_AWS_01,Hyderabad (AWS030),2026-08-14T21:00:00Z,30.34,64.9,1009.13,SYNTHETIC_SIMULATION,SCN_CLEAN_BASELINE,CLEAN_NORMAL,NONE,NONE,NORMAL,0,0,,,none,Normal ambient weather telemetry with diurnal solar cycles
HYD_AWS_01,Hyderabad (AWS030),2026-08-14T22:00:00Z,28.76,69.4,1009.75,SYNTHETIC_SIMULATION,SCN_CLEAN_BASELINE,CLEAN_NORMAL,NONE,NONE,NORMAL,0,0,,,none,Normal ambient weather telemetry with diurnal solar cycles
HYD_AWS_01,Hyderabad (AWS030),2026-08-14T23:00:00Z,26.43,77.1,1010.68,SYNTHETIC_SIMULATION,SCN_CLEAN_BASELINE,CLEAN_NORMAL,NONE,NONE,NORMAL,0,0,,,none,Normal ambient weather telemetry with diurnal solar cycles
HYD_AWS_01,Hyderabad (AWS030),2026-08-15T00:00:00Z,24.97,77.8,1011.2,SYNTHETIC_SIMULATION,SCN_CLEAN_BASELINE,CLEAN_NORMAL,NONE,NONE,NORMAL,0,0,,,none,Normal ambient weather telemetry with diurnal solar cycles
HYD_AWS_01,Hyderabad (AWS030),2026-08-15T01:00:00Z,24.18,85.2,1011.02,SYNTHETIC_SIMULATION,SCN_CLEAN_BASELINE,CLEAN_NORMAL,NONE,NONE,NORMAL,0,0,,,none,Normal ambient weather telemetry with diurnal solar cycles
HYD_AWS_01,Hyderabad (AWS030),2026-08-15T02:00:00Z,23.26,85.4,1010.69,SYNTHETIC_SIMULATION,SCN_CLEAN_BASELINE,CLEAN_NORMAL,NONE,NONE,NORMAL,0,0,,,none,Normal ambient weather telemetry with diurnal solar cycles
HYD_AWS_01,Hyderabad (AWS030),2026-08-15T03:00:00Z,22.62,86.0,1010.05,SYNTHETIC_SIMULATION,SCN_CLEAN_BASELINE,CLEAN_NORMAL,NONE,NONE,NORMAL,0,0,,,none,Normal ambient weather telemetry with diurnal solar cycles
HYD_AWS_01,Hyderabad (AWS030),2026-08-15T04:00:00Z,23.46,86.6,1009.82,SYNTHETIC_SIMULATION,SCN_CLEAN_BASELINE,CLEAN_NORMAL,NONE,NONE,NORMAL,0,0,,,none,Normal ambient weather telemetry with diurnal solar cycles
HYD_AWS_01,Hyderabad (AWS030),2026-08-15T05:00:00Z,24.74,82.2,1009.51,SYNTHETIC_SIMULATION,SCN_CLEAN_BASELINE,CLEAN_NORMAL,NONE,NONE,NORMAL,0,0,,,none,Normal ambient weather telemetry with diurnal solar cycles
HYD_AWS_01,Hyderabad (AWS030),2026-08-15T06:00:00Z,25.19,78.0,1009.5,SYNTHETIC_SIMULATION,SCN_CLEAN_BASELINE,CLEAN_NORMAL,NONE,NONE,NORMAL,0,0,,,none,Normal ambient weather telemetry with diurnal solar cycles
HYD_AWS_01,Hyderabad (AWS030),2026-08-15T07:00:00Z,27.73,74.9,1009.52,SYNTHETIC_SIMULATION,SCN_CLEAN_BASELINE,CLEAN_NORMAL,NONE,NONE,NORMAL,0,0,,,none,Normal ambient weather telemetry with diurnal solar cycles
HYD_AWS_01,Hyderabad (AWS030),2026-08-15T08:00:00Z,29.1,68.9,1010.38,SYNTHETIC_SIMULATION,SCN_CLEAN_BASELINE,CLEAN_NORMAL,NONE,NONE,NORMAL,0,0,,,none,Normal ambient weather telemetry with diurnal solar cycles
HYD_AWS_01,Hyderabad (AWS030),2026-08-15T09:00:00Z,31.23,61.9,1010.71,SYNTHETIC_SIMULATION,SCN_CLEAN_BASELINE,CLEAN_NORMAL,NONE,NONE,NORMAL,0,0,,,none,Normal ambient weather telemetry with diurnal solar cycles
HYD_AWS_01,Hyderabad (AWS030),2026-08-15T10:00:00Z,32.93,57.2,1011.89,SYNTHETIC_SIMULATION,SCN_CLEAN_BASELINE,CLEAN_NORMAL,NONE,NONE,NORMAL,0,0,,,none,Normal ambient weather telemetry with diurnal solar cycles
HYD_AWS_01,Hyderabad (AWS030),2026-08-15T11:00:00Z,35.36,51.7,1012.51,SYNTHETIC_SIMULATION,SCN_CLEAN_BASELINE,CLEAN_NORMAL,NONE,NONE,NORMAL,0,0,,,none,Normal ambient weather telemetry with diurnal solar cycles
HYD_AWS_01,Hyderabad (AWS030),2026-08-15T12:00:00Z,36.74,48.1,1012.88,SYNTHETIC_SIMULATION,SCN_CLEAN_BASELINE,CLEAN_NORMAL,NONE,NONE,NORMAL,0,0,,,none,Normal ambient weather telemetry with diurnal solar cycles
HYD_AWS_01,Hyderabad (AWS030),2026-08-15T13:00:00Z,36.88,46.8,1012.37,SYNTHETIC_SIMULATION,SCN_CLEAN_BASELINE,CLEAN_NORMAL,NONE,NONE,NORMAL,0,0,,,none,Normal ambient weather telemetry with diurnal solar cycles
HYD_AWS_01,Hyderabad (AWS030),2026-08-15T14:00:00Z,37.82,43.0,1012.28,SYNTHETIC_SIMULATION,SCN_CLEAN_BASELINE,CLEAN_NORMAL,NONE,NONE,NORMAL,0,0,,,none,Normal ambient weather telemetry with diurnal solar cycles
HYD_AWS_01,Hyderabad (AWS030),2026-08-15T15:00:00Z,37.98,44.1,1011.32,SYNTHETIC_SIMULATION,SCN_CLEAN_BASELINE,CLEAN_NORMAL,NONE,NONE,NORMAL,0,0,,,none,Normal ambient weather telemetry with diurnal solar cycles
HYD_AWS_01,Hyderabad (AWS030),2026-08-15T16:00:00Z,37.42,45.2,1011.41,SYNTHETIC_SIMULATION,SCN_CLEAN_BASELINE,CLEAN_NORMAL,NONE,NONE,NORMAL,0,0,,,none,Normal ambient weather telemetry with diurnal solar cycles
HYD_AWS_01,Hyderabad (AWS030),2026-08-15T17:00:00Z,36.0,48.6,1010.64,SYNTHETIC_SIMULATION,SCN_CLEAN_BASELINE,CLEAN_NORMAL,NONE,NONE,NORMAL,0,0,,,none,Normal ambient weather telemetry with diurnal solar cycles
HYD_AWS_01,Hyderabad (AWS030),2026-08-15T18:00:00Z,34.64,50.8,1010.71,SYNTHETIC_SIMULATION,SCN_CLEAN_BASELINE,CLEAN_NORMAL,NONE,NONE,NORMAL,0,0,,,none,Normal ambient weather telemetry with diurnal solar cycles
HYD_AWS_01,Hyderabad (AWS030),2026-08-15T19:00:00Z,33.13,58.8,1010.68,SYNTHETIC_SIMULATION,SCN_CLEAN_BASELINE,CLEAN_NORMAL,NONE,NONE,NORMAL,0,0,,,none,Normal ambient weather telemetry with diurnal solar cycles
HYD_AWS_01,Hyderabad (AWS030),2026-08-15T20:00:00Z,30.64,63.0,1011.34,SYNTHETIC_SIMULATION,SCN_CLEAN_BASELINE,CLEAN_NORMAL,NONE,NONE,NORMAL,0,0,,,none,Normal ambient weather telemetry with diurnal solar cycles
HYD_AWS_01,Hyderabad (AWS030),2026-08-15T21:00:00Z,28.38,71.1,1012.33,SYNTHETIC_SIMULATION,SCN_CLEAN_BASELINE,CLEAN_NORMAL,NONE,NONE,NORMAL,0,0,,,none,Normal ambient weather telemetry with diurnal solar cycles
HYD_AWS_01,Hyderabad (AWS030),2026-08-15T22:00:00Z,27.01,75.5,1012.64,SYNTHETIC_SIMULATION,SCN_CLEAN_BASELINE,CLEAN_NORMAL,NONE,NONE,NORMAL,0,0,,,none,Normal ambient weather telemetry with diurnal solar cycles
HYD_AWS_01,Hyderabad (AWS030),2026-08-15T23:00:00Z,24.81,78.3,1013.47,SYNTHETIC_SIMULATION,SCN_CLEAN_BASELINE,CLEAN_NORMAL,NONE,NONE,NORMAL,0,0,,,none,Normal ambient weather telemetry with diurnal solar cycles
HYD_AWS_01,Hyderabad (AWS030),2026-08-16T00:00:00Z,23.31,84.4,1013.6,SYNTHETIC_SIMULATION,SCN_CLEAN_BASELINE,CLEAN_NORMAL,NONE,NONE,NORMAL,0,0,,,none,Normal ambient weather telemetry with diurnal solar cycles
HYD_AWS_01,Hyderabad (AWS030),2026-08-16T01:00:00Z,22.54,87.3,1013.77,SYNTHETIC_SIMULATION,SCN_CLEAN_BASELINE,CLEAN_NORMAL,NONE,NONE,NORMAL,0,0,,,none,Normal ambient weather telemetry with diurnal solar cycles
HYD_AWS_01,Hyderabad (AWS030),2026-08-16T02:00:00Z,21.71,88.3,1012.66,SYNTHETIC_SIMULATION,SCN_CLEAN_BASELINE,CLEAN_NORMAL,NONE,NONE,NORMAL,0,0,,,none,Normal ambient weather telemetry with diurnal solar cycles
HYD_AWS_01,Hyderabad (AWS030),2026-08-16T03:00:00Z,21.71,90.1,1012.09,SYNTHETIC_SIMULATION,SCN_CLEAN_BASELINE,CLEAN_NORMAL,NONE,NONE,NORMAL,0,0,,,none,Normal ambient weather telemetry with diurnal solar cycles
HYD_AWS_01,Hyderabad (AWS030),2026-08-16T04:00:00Z,22.14,88.7,1011.48,SYNTHETIC_SIMULATION,SCN_CLEAN_BASELINE,CLEAN_NORMAL,NONE,NONE,NORMAL,0,0,,,none,Normal ambient weather telemetry with diurnal solar cycles
HYD_AWS_01,Hyderabad (AWS030),2026-08-16T05:00:00Z,23.04,83.9,1010.86,SYNTHETIC_SIMULATION,SCN_CLEAN_BASELINE,CLEAN_NORMAL,NONE,NONE,NORMAL,0,0,,,none,Normal ambient weather telemetry with diurnal solar cycles
HYD_AWS_01,Hyderabad (AWS030),2026-08-16T06:00:00Z,24.76,79.8,1010.82,SYNTHETIC_SIMULATION,SCN_CLEAN_BASELINE,CLEAN_NORMAL,NONE,NONE,NORMAL,0,0,,,none,Normal ambient weather telemetry with diurnal solar cycles
HYD_AWS_01,Hyderabad (AWS030),2026-08-16T07:00:00Z,26.99,75.7,1010.65,SYNTHETIC_SIMULATION,SCN_CLEAN_BASELINE,CLEAN_NORMAL,NONE,NONE,NORMAL,0,0,,,none,Normal ambient weather telemetry with diurnal solar cycles
HYD_AWS_01,Hyderabad (AWS030),2026-08-16T08:00:00Z,29.02,68.1,1011.74,SYNTHETIC_SIMULATION,SCN_CLEAN_BASELINE,CLEAN_NORMAL,NONE,NONE,NORMAL,0,0,,,none,Normal ambient weather telemetry with diurnal solar cycles
HYD_AWS_01,Hyderabad (AWS030),2026-08-16T09:00:00Z,30.59,64.2,1011.84,SYNTHETIC_SIMULATION,SCN_CLEAN_BASELINE,CLEAN_NORMAL,NONE,NONE,NORMAL,0,0,,,none,Normal ambient weather telemetry with diurnal solar cycles
HYD_AWS_01,Hyderabad (AWS030),2026-08-16T10:00:00Z,32.87,58.8,1012.69,SYNTHETIC_SIMULATION,SCN_CLEAN_BASELINE,CLEAN_NORMAL,NONE,NONE,NORMAL,0,0,,,none,Normal ambient weather telemetry with diurnal solar cycles
HYD_AWS_01,Hyderabad (AWS030),2026-08-16T11:00:00Z,34.91,54.3,1012.87,SYNTHETIC_SIMULATION,SCN_CLEAN_BASELINE,CLEAN_NORMAL,NONE,NONE,NORMAL,0,0,,,none,Normal ambient weather telemetry with diurnal solar cycles
HYD_AWS_01,Hyderabad (AWS030),2026-08-16T12:00:00Z,35.78,48.9,1013.06,SYNTHETIC_SIMULATION,SCN_CLEAN_BASELINE,CLEAN_NORMAL,NONE,NONE,NORMAL,0,0,,,none,Normal ambient weather telemetry with diurnal solar cycles
HYD_AWS_01,Hyderabad (AWS030),2026-08-16T13:00:00Z,37.22,46.3,1012.88,SYNTHETIC_SIMULATION,SCN_CLEAN_BASELINE,CLEAN_NORMAL,NONE,NONE,NORMAL,0,0,,,none,Normal ambient weather telemetry with diurnal solar cycles
HYD_AWS_01,Hyderabad (AWS030),2026-08-16T14:00:00Z,37.68,44.8,1012.76,SYNTHETIC_SIMULATION,SCN_CLEAN_BASELINE,CLEAN_NORMAL,NONE,NONE,NORMAL,0,0,,,none,Normal ambient weather telemetry with diurnal solar cycles
HYD_AWS_01,Hyderabad (AWS030),2026-08-16T15:00:00Z,37.59,44.4,1011.94,SYNTHETIC_SIMULATION,SCN_CLEAN_BASELINE,CLEAN_NORMAL,NONE,NONE,NORMAL,0,0,,,none,Normal ambient weather telemetry with diurnal solar cycles
HYD_AWS_01,Hyderabad (AWS030),2026-08-16T16:00:00Z,37.2,45.7,1010.86,SYNTHETIC_SIMULATION,SCN_CLEAN_BASELINE,CLEAN_NORMAL,NONE,NONE,NORMAL,0,0,,,none,Normal ambient weather telemetry with diurnal solar cycles
HYD_AWS_01,Hyderabad (AWS030),2026-08-16T17:00:00Z,35.99,48.0,1010.05,SYNTHETIC_SIMULATION,SCN_CLEAN_BASELINE,CLEAN_NORMAL,NONE,NONE,NORMAL,0,0,,,none,Normal ambient weather telemetry with diurnal solar cycles
HYD_AWS_01,Hyderabad (AWS030),2026-08-16T18:00:00Z,35.23,52.3,1009.94,SYNTHETIC_SIMULATION,SCN_CLEAN_BASELINE,CLEAN_NORMAL,NONE,NONE,NORMAL,0,0,,,none,Normal ambient weather telemetry with diurnal solar cycles
HYD_AWS_01,Hyderabad (AWS030),2026-08-16T19:00:00Z,33.62,57.0,1009.89,SYNTHETIC_SIMULATION,SCN_CLEAN_BASELINE,CLEAN_NORMAL,NONE,NONE,NORMAL,0,0,,,none,Normal ambient weather telemetry with diurnal solar cycles
HYD_AWS_01,Hyderabad (AWS030),2026-08-16T20:00:00Z,31.06,61.7,1010.86,SYNTHETIC_SIMULATION,SCN_CLEAN_BASELINE,CLEAN_NORMAL,NONE,NONE,NORMAL,0,0,,,none,Normal ambient weather telemetry with diurnal solar cycles
HYD_AWS_01,Hyderabad (AWS030),2026-08-16T21:00:00Z,29.48,68.5,1011.21,SYNTHETIC_SIMULATION,SCN_CLEAN_BASELINE,CLEAN_NORMAL,NONE,NONE,NORMAL,0,0,,,none,Normal ambient weather telemetry with diurnal solar cycles
HYD_AWS_01,Hyderabad (AWS030),2026-08-16T22:00:00Z,27.31,72.3,1011.33,SYNTHETIC_SIMULATION,SCN_CLEAN_BASELINE,CLEAN_NORMAL,NONE,NONE,NORMAL,0,0,,,none,Normal ambient weather telemetry with diurnal solar cycles
HYD_AWS_01,Hyderabad (AWS030),2026-08-16T23:00:00Z,25.82,79.9,,SYNTHETIC_SIMULATION,SCN_CLEAN_BASELINE,CLEAN_NORMAL,NONE,NONE,NORMAL,0,0,,,none,Normal ambient weather telemetry with diurnal solar cycles
HYD_AWS_01,Hyderabad (AWS030),2026-08-17T00:00:00Z,24.39,81.2,1012.02,SYNTHETIC_SIMULATION,SCN_CLEAN_BASELINE,CLEAN_NORMAL,NONE,NONE,NORMAL,0,0,,,none,Normal ambient weather telemetry with diurnal solar cycles
HYD_AWS_01,Hyderabad (AWS030),2026-08-17T01:00:00Z,23.55,85.1,1011.71,SYNTHETIC_SIMULATION,SCN_CLEAN_BASELINE,CLEAN_NORMAL,NONE,NONE,NORMAL,0,0,,,none,Normal ambient weather telemetry with diurnal solar cycles
HYD_AWS_01,Hyderabad (AWS030),2026-08-17T02:00:00Z,22.54,85.3,1010.56,SYNTHETIC_SIMULATION,SCN_CLEAN_BASELINE,CLEAN_NORMAL,NONE,NONE,NORMAL,0,0,,,none,Normal ambient weather telemetry with diurnal solar cycles
HYD_AWS_01,Hyderabad (AWS030),2026-08-17T03:00:00Z,23.15,85.3,1009.86,SYNTHETIC_SIMULATION,SCN_CLEAN_BASELINE,CLEAN_NORMAL,NONE,NONE,NORMAL,0,0,,,none,Normal ambient weather telemetry with diurnal solar cycles
HYD_AWS_01,Hyderabad (AWS030),2026-08-17T04:00:00Z,23.55,84.5,1009.25,SYNTHETIC_SIMULATION,SCN_CLEAN_BASELINE,CLEAN_NORMAL,NONE,NONE,NORMAL,0,0,,,none,Normal ambient weather telemetry with diurnal solar cycles
HYD_AWS_01,Hyderabad (AWS030),2026-08-17T05:00:00Z,24.39,81.0,1008.57,SYNTHETIC_SIMULATION,SCN_CLEAN_BASELINE,CLEAN_NORMAL,NONE,NONE,NORMAL,0,0,,,none,Normal ambient weather telemetry with diurnal solar cycles
HYD_AWS_01,Hyderabad (AWS030),2026-08-17T06:00:00Z,26.43,74.9,1008.48,SYNTHETIC_SIMULATION,SCN_CLEAN_BASELINE,CLEAN_NORMAL,NONE,NONE,NORMAL,0,0,,,none,Normal ambient weather telemetry with diurnal solar cycles
HYD_AWS_01,Hyderabad (AWS030),2026-08-17T07:00:00Z,28.21,71.9,1008.51,SYNTHETIC_SIMULATION,SCN_CLEAN_BASELINE,CLEAN_NORMAL,NONE,NONE,NORMAL,0,0,,,none,Normal ambient weather telemetry with diurnal solar cycles
HYD_AWS_01,Hyderabad (AWS030),2026-08-17T08:00:00Z,29.77,65.7,1008.73,SYNTHETIC_SIMULATION,SCN_CLEAN_BASELINE,CLEAN_NORMAL,NONE,NONE,NORMAL,0,0,,,none,Normal ambient weather telemetry with diurnal solar cycles
HYD_AWS_01,Hyderabad (AWS030),2026-08-17T09:00:00Z,32.58,58.3,1009.35,SYNTHETIC_SIMULATION,SCN_CLEAN_BASELINE,CLEAN_NORMAL,NONE,NONE,NORMAL,0,0,,,none,Normal ambient weather telemetry with diurnal solar cycles
HYD_AWS_01,Hyderabad (AWS030),2026-08-17T10:00:00Z,34.9,54.8,1009.55,SYNTHETIC_SIMULATION,SCN_CLEAN_BASELINE,CLEAN_NORMAL,NONE,NONE,NORMAL,0,0,,,none,Normal ambient weather telemetry with diurnal solar cycles
HYD_AWS_01,Hyderabad (AWS030),2026-08-17T11:00:00Z,36.71,47.6,1010.06,SYNTHETIC_SIMULATION,SCN_CLEAN_BASELINE,CLEAN_NORMAL,NONE,NONE,NORMAL,0,0,,,none,Normal ambient weather telemetry with diurnal solar cycles
HYD_AWS_01,Hyderabad (AWS030),2026-08-17T12:00:00Z,38.29,44.6,1009.76,SYNTHETIC_SIMULATION,SCN_CLEAN_BASELINE,CLEAN_NORMAL,NONE,NONE,NORMAL,0,0,,,none,Normal ambient weather telemetry with diurnal solar cycles
HYD_AWS_01,Hyderabad (AWS030),2026-08-17T13:00:00Z,39.13,39.1,1009.8,SYNTHETIC_SIMULATION,SCN_CLEAN_BASELINE,CLEAN_NORMAL,NONE,NONE,NORMAL,0,0,,,none,Normal ambient weather telemetry with diurnal solar cycles
HYD_AWS_01,Hyderabad (AWS030),2026-08-17T14:00:00Z,40.03,40.4,1009.15,SYNTHETIC_SIMULATION,SCN_CLEAN_BASELINE,CLEAN_NORMAL,NONE,NONE,NORMAL,0,0,,,none,Normal ambient weather telemetry with diurnal solar cycles
HYD_AWS_01,Hyderabad (AWS030),2026-08-17T15:00:00Z,39.88,39.9,1008.0,SYNTHETIC_SIMULATION,SCN_CLEAN_BASELINE,CLEAN_NORMAL,NONE,NONE,NORMAL,0,0,,,none,Normal ambient weather telemetry with diurnal solar cycles
HYD_AWS_01,Hyderabad (AWS030),2026-08-17T16:00:00Z,39.19,40.8,1007.66,SYNTHETIC_SIMULATION,SCN_CLEAN_BASELINE,CLEAN_NORMAL,NONE,NONE,NORMAL,0,0,,,none,Normal ambient weather telemetry with diurnal solar cycles
HYD_AWS_01,Hyderabad (AWS030),2026-08-17T17:00:00Z,39.02,43.2,1006.37,SYNTHETIC_SIMULATION,SCN_CLEAN_BASELINE,CLEAN_NORMAL,NONE,NONE,NORMAL,0,0,,,none,Normal ambient weather telemetry with diurnal solar cycles
HYD_AWS_01,Hyderabad (AWS030),2026-08-17T18:00:00Z,37.54,46.5,1006.64,SYNTHETIC_SIMULATION,SCN_CLEAN_BASELINE,CLEAN_NORMAL,NONE,NONE,NORMAL,0,0,,,none,Normal ambient weather telemetry with diurnal solar cycles
HYD_AWS_01,Hyderabad (AWS030),2026-08-17T19:00:00Z,35.88,51.2,1006.61,SYNTHETIC_SIMULATION,SCN_CLEAN_BASELINE,CLEAN_NORMAL,NONE,NONE,NORMAL,0,0,,,none,Normal ambient weather telemetry with diurnal solar cycles
HYD_AWS_01,Hyderabad (AWS030),2026-08-17T20:00:00Z,33.09,55.1,1006.42,SYNTHETIC_SIMULATION,SCN_CLEAN_BASELINE,CLEAN_NORMAL,NONE,NONE,NORMAL,0,0,,,none,Normal ambient weather telemetry with diurnal solar cycles
HYD_AWS_01,Hyderabad (AWS030),2026-08-17T21:00:00Z,31.38,59.7,1007.1,SYNTHETIC_SIMULATION,SCN_CLEAN_BASELINE,CLEAN_NORMAL,NONE,NONE,NORMAL,0,0,,,none,Normal ambient weather telemetry with diurnal solar cycles
HYD_AWS_01,Hyderabad (AWS030),2026-08-17T22:00:00Z,30.33,69.5,1008.15,SYNTHETIC_SIMULATION,SCN_CLEAN_BASELINE,CLEAN_NORMAL,NONE,NONE,NORMAL,0,0,,,none,Normal ambient weather telemetry with diurnal solar cycles
HYD_AWS_01,Hyderabad (AWS030),2026-08-17T23:00:00Z,28.3,71.1,1007.71,SYNTHETIC_SIMULATION,SCN_CLEAN_BASELINE,CLEAN_NORMAL,NONE,NONE,NORMAL,0,0,,,none,Normal ambient weather telemetry with diurnal solar cycles
HYD_AWS_01,Hyderabad (AWS030),2026-08-18T00:00:00Z,27.04,76.1,1008.15,SYNTHETIC_SIMULATION,SCN_CLEAN_BASELINE,CLEAN_NORMAL,NONE,NONE,NORMAL,0,0,,,none,Normal ambient weather telemetry with diurnal solar cycles
HYD_AWS_01,Hyderabad (AWS030),2026-08-18T01:00:00Z,25.94,77.2,1007.89,SYNTHETIC_SIMULATION,SCN_CLEAN_BASELINE,CLEAN_NORMAL,NONE,NONE,NORMAL,0,0,,,none,Normal ambient weather telemetry with diurnal solar cycles
HYD_AWS_01,Hyderabad (AWS030),2026-08-18T02:00:00Z,25.55,79.2,1007.08,SYNTHETIC_SIMULATION,SCN_CLEAN_BASELINE,CLEAN_NORMAL,NONE,NONE,NORMAL,0,0,,,none,Normal ambient weather telemetry with diurnal solar cycles
HYD_AWS_01,Hyderabad (AWS030),2026-08-18T03:00:00Z,25.46,78.6,1006.21,SYNTHETIC_SIMULATION,SCN_CLEAN_BASELINE,CLEAN_NORMAL,NONE,NONE,NORMAL,0,0,,,none,Normal ambient weather telemetry with diurnal solar cycles
HYD_AWS_01,Hyderabad (AWS030),2026-08-18T04:00:00Z,25.77,79.7,1005.29,SYNTHETIC_SIMULATION,SCN_CLEAN_BASELINE,CLEAN_NORMAL,NONE,NONE,NORMAL,0,0,,,none,Normal ambient weather telemetry with diurnal solar cycles
HYD_AWS_01,Hyderabad (AWS030),2026-08-18T05:00:00Z,27.25,74.1,1004.99,SYNTHETIC_SIMULATION,SCN_CLEAN_BASELINE,CLEAN_NORMAL,NONE,NONE,NORMAL,0,0,,,none,Normal ambient weather telemetry with diurnal solar cycles
HYD_AWS_01,Hyderabad (AWS030),2026-08-18T06:00:00Z,28.2,70.9,1004.73,SYNTHETIC_SIMULATION,SCN_CLEAN_BASELINE,CLEAN_NORMAL,NONE,NONE,NORMAL,0,0,,,none,Normal ambient weather telemetry with diurnal solar cycles
HYD_AWS_01,Hyderabad (AWS030),2026-08-18T07:00:00Z,30.52,65.9,1004.97,SYNTHETIC_SIMULATION,SCN_CLEAN_BASELINE,CLEAN_NORMAL,NONE,NONE,NORMAL,0,0,,,none,Normal ambient weather telemetry with diurnal solar cycles
HYD_AWS_01,Hyderabad (AWS030),2026-08-18T08:00:00Z,32.79,60.0,1005.39,SYNTHETIC_SIMULATION,SCN_CLEAN_BASELINE,CLEAN_NORMAL,NONE,NONE,NORMAL,0,0,,,none,Normal ambient weather telemetry with diurnal solar cycles
HYD_AWS_01,Hyderabad (AWS030),2026-08-18T09:00:00Z,34.87,55.4,1005.73,SYNTHETIC_SIMULATION,SCN_CLEAN_BASELINE,CLEAN_NORMAL,NONE,NONE,NORMAL,0,0,,,none,Normal ambient weather telemetry with diurnal solar cycles
HYD_AWS_01,Hyderabad (AWS030),2026-08-18T10:00:00Z,36.8,49.0,1006.29,SYNTHETIC_SIMULATION,SCN_CLEAN_BASELINE,CLEAN_NORMAL,NONE,NONE,NORMAL,0,0,,,none,Normal ambient weather telemetry with diurnal solar cycles
HYD_AWS_01,Hyderabad (AWS030),2026-08-18T11:00:00Z,38.43,42.2,1006.75,SYNTHETIC_SIMULATION,SCN_CLEAN_BASELINE,CLEAN_NORMAL,NONE,NONE,NORMAL,0,0,,,none,Normal ambient weather telemetry with diurnal solar cycles
HYD_AWS_01,Hyderabad (AWS030),2026-08-18T12:00:00Z,39.84,38.3,1006.67,SYNTHETIC_SIMULATION,SCN_CLEAN_BASELINE,CLEAN_NORMAL,NONE,NONE,NORMAL,0,0,,,none,Normal ambient weather telemetry with diurnal solar cycles
HYD_AWS_01,Hyderabad (AWS030),2026-08-18T13:00:00Z,41.27,36.9,1006.51,SYNTHETIC_SIMULATION,SCN_CLEAN_BASELINE,CLEAN_NORMAL,NONE,NONE,NORMAL,0,0,,,none,Normal ambient weather telemetry with diurnal solar cycles
HYD_AWS_01,Hyderabad (AWS030),2026-08-18T14:00:00Z,41.34,34.2,1006.51,SYNTHETIC_SIMULATION,SCN_CLEAN_BASELINE,CLEAN_NORMAL,NONE,NONE,NORMAL,0,0,,,none,Normal ambient weather telemetry with diurnal solar cycles
HYD_AWS_01,Hyderabad (AWS030),2026-08-18T15:00:00Z,41.95,35.2,1005.32,SYNTHETIC_SIMULATION,SCN_CLEAN_BASELINE,CLEAN_NORMAL,NONE,NONE,NORMAL,0,0,,,none,Normal ambient weather telemetry with diurnal solar cycles
HYD_AWS_01,Hyderabad (AWS030),2026-08-18T16:00:00Z,41.34,34.7,1004.82,SYNTHETIC_SIMULATION,SCN_CLEAN_BASELINE,CLEAN_NORMAL,NONE,NONE,NORMAL,0,0,,,none,Normal ambient weather telemetry with diurnal solar cycles
HYD_AWS_01,Hyderabad (AWS030),2026-08-18T17:00:00Z,39.95,38.4,1004.07,SYNTHETIC_SIMULATION,SCN_CLEAN_BASELINE,CLEAN_NORMAL,NONE,NONE,NORMAL,0,0,,,none,Normal ambient weather telemetry with diurnal solar cycles
HYD_AWS_01,Hyderabad (AWS030),2026-08-18T18:00:00Z,38.72,41.8,1004.02,SYNTHETIC_SIMULATION,SCN_CLEAN_BASELINE,CLEAN_NORMAL,NONE,NONE,NORMAL,0,0,,,none,Normal ambient weather telemetry with diurnal solar cycles
HYD_AWS_01,Hyderabad (AWS030),2026-08-18T19:00:00Z,37.31,49.6,1003.9,SYNTHETIC_SIMULATION,SCN_CLEAN_BASELINE,CLEAN_NORMAL,NONE,NONE,NORMAL,0,0,,,none,Normal ambient weather telemetry with diurnal solar cycles
HYD_AWS_01,Hyderabad (AWS030),2026-08-18T20:00:00Z,36.13,54.6,1004.28,SYNTHETIC_SIMULATION,SCN_CLEAN_BASELINE,CLEAN_NORMAL,NONE,NONE,NORMAL,0,0,,,none,Normal ambient weather telemetry with diurnal solar cycles
HYD_AWS_01,Hyderabad (AWS030),2026-08-18T21:00:00Z,32.84,59.9,1005.27,SYNTHETIC_SIMULATION,SCN_CLEAN_BASELINE,CLEAN_NORMAL,NONE,NONE,NORMAL,0,0,,,none,Normal ambient weather telemetry with diurnal solar cycles
HYD_AWS_01,Hyderabad (AWS030),2026-08-18T22:00:00Z,30.76,64.8,1005.93,SYNTHETIC_SIMULATION,SCN_CLEAN_BASELINE,CLEAN_NORMAL,NONE,NONE,NORMAL,0,0,,,none,Normal ambient weather telemetry with diurnal solar cycles
HYD_AWS_01,Hyderabad (AWS030),2026-08-18T23:00:00Z,29.35,69.1,1005.92,SYNTHETIC_SIMULATION,SCN_CLEAN_BASELINE,CLEAN_NORMAL,NONE,NONE,NORMAL,0,0,,,none,Normal ambient weather telemetry with diurnal solar cycles
HYD_AWS_01,Hyderabad (AWS030),2026-08-19T00:00:00Z,28.22,74.0,1006.91,SYNTHETIC_SIMULATION,SCN_CLEAN_BASELINE,CLEAN_NORMAL,NONE,NONE,NORMAL,0,0,,,none,Normal ambient weather telemetry with diurnal solar cycles
HYD_AWS_01,Hyderabad (AWS030),2026-08-19T01:00:00Z,26.43,78.8,1006.73,SYNTHETIC_SIMULATION,SCN_CLEAN_BASELINE,CLEAN_NORMAL,NONE,NONE,NORMAL,0,0,,,none,Normal ambient weather telemetry with diurnal solar cycles
HYD_AWS_01,Hyderabad (AWS030),2026-08-19T02:00:00Z,25.71,78.0,1005.83,SYNTHETIC_SIMULATION,SCN_CLEAN_BASELINE,CLEAN_NORMAL,NONE,NONE,NORMAL,0,0,,,none,Normal ambient weather telemetry with diurnal solar cycles
HYD_AWS_01,Hyderabad (AWS030),2026-08-19T03:00:00Z,26.26,75.4,1005.38,SYNTHETIC_SIMULATION,SCN_CLEAN_BASELINE,CLEAN_NORMAL,NONE,NONE,NORMAL,0,0,,,none,Normal ambient weather telemetry with diurnal solar cycles
HYD_AWS_01,Hyderabad (AWS030),2026-08-19T04:00:00Z,26.95,75.7,1004.38,SYNTHETIC_SIMULATION,SCN_CLEAN_BASELINE,CLEAN_NORMAL,NONE,NONE,NORMAL,0,0,,,none,Normal ambient weather telemetry with diurnal solar cycles
HYD_AWS_01,Hyderabad (AWS030),2026-08-19T05:00:00Z,26.99,73.6,1004.26,SYNTHETIC_SIMULATION,SCN_CLEAN_BASELINE,CLEAN_NORMAL,NONE,NONE,NORMAL,0,0,,,none,Normal ambient weather telemetry with diurnal solar cycles
HYD_AWS_01,Hyderabad (AWS030),2026-08-19T06:00:00Z,29.02,71.3,1004.27,SYNTHETIC_SIMULATION,SCN_CLEAN_BASELINE,CLEAN_NORMAL,NONE,NONE,NORMAL,0,0,,,none,Normal ambient weather telemetry with diurnal solar cycles
HYD_AWS_01,Hyderabad (AWS030),2026-08-19T07:00:00Z,31.37,68.0,1004.56,SYNTHETIC_SIMULATION,SCN_CLEAN_BASELINE,CLEAN_NORMAL,NONE,NONE,NORMAL,0,0,,,none,Normal ambient weather telemetry with diurnal solar cycles
HYD_AWS_01,Hyderabad (AWS030),2026-08-19T08:00:00Z,32.9,58.2,1004.75,SYNTHETIC_SIMULATION,SCN_CLEAN_BASELINE,CLEAN_NORMAL,NONE,NONE,NORMAL,0,0,,,none,Normal ambient weather telemetry with diurnal solar cycles
HYD_AWS_01,Hyderabad (AWS030),2026-08-19T09:00:00Z,34.32,54.6,1005.54,SYNTHETIC_SIMULATION,SCN_CLEAN_BASELINE,CLEAN_NORMAL,NONE,NONE,NORMAL,0,0,,,none,Normal ambient weather telemetry with diurnal solar cycles
HYD_AWS_01,Hyderabad (AWS030),2026-08-19T10:00:00Z,36.37,47.5,1006.15,SYNTHETIC_SIMULATION,SCN_CLEAN_BASELINE,CLEAN_NORMAL,NONE,NONE,NORMAL,0,0,,,none,Normal ambient weather telemetry with diurnal solar cycles
HYD_AWS_01,Hyderabad (AWS030),2026-08-19T11:00:00Z,38.81,43.2,1006.94,SYNTHETIC_SIMULATION,SCN_CLEAN_BASELINE,CLEAN_NORMAL,NONE,NONE,NORMAL,0,0,,,none,Normal ambient weather telemetry with diurnal solar cycles
HYD_AWS_01,Hyderabad (AWS030),2026-08-19T12:00:00Z,40.05,39.4,1007.56,SYNTHETIC_SIMULATION,SCN_CLEAN_BASELINE,CLEAN_NORMAL,NONE,NONE,NORMAL,0,0,,,none,Normal ambient weather telemetry with diurnal solar cycles
HYD_AWS_01,Hyderabad (AWS030),2026-08-19T13:00:00Z,40.36,37.1,1007.36,SYNTHETIC_SIMULATION,SCN_CLEAN_BASELINE,CLEAN_NORMAL,NONE,NONE,NORMAL,0,0,,,none,Normal ambient weather telemetry with diurnal solar cycles
HYD_AWS_01,Hyderabad (AWS030),2026-08-19T14:00:00Z,41.36,37.4,1006.85,SYNTHETIC_SIMULATION,SCN_CLEAN_BASELINE,CLEAN_NORMAL,NONE,NONE,NORMAL,0,0,,,none,Normal ambient weather telemetry with diurnal solar cycles
HYD_AWS_01,Hyderabad (AWS030),2026-08-19T15:00:00Z,40.43,37.3,1006.34,SYNTHETIC_SIMULATION,SCN_CLEAN_BASELINE,CLEAN_NORMAL,NONE,NONE,NORMAL,0,0,,,none,Normal ambient weather telemetry with diurnal solar cycles
HYD_AWS_01,Hyderabad (AWS030),2026-08-19T16:00:00Z,39.72,39.1,1006.01,SYNTHETIC_SIMULATION,SCN_CLEAN_BASELINE,CLEAN_NORMAL,NONE,NONE,NORMAL,0,0,,,none,Normal ambient weather telemetry with diurnal solar cycles
HYD_AWS_01,Hyderabad (AWS030),2026-08-19T17:00:00Z,39.4,41.2,1005.87,SYNTHETIC_SIMULATION,SCN_CLEAN_BASELINE,CLEAN_NORMAL,NONE,NONE,NORMAL,0,0,,,none,Normal ambient weather telemetry with diurnal solar cycles
HYD_AWS_01,Hyderabad (AWS030),2026-08-19T18:00:00Z,37.38,42.7,1005.59,SYNTHETIC_SIMULATION,SCN_CLEAN_BASELINE,CLEAN_NORMAL,NONE,NONE,NORMAL,0,0,,,none,Normal ambient weather telemetry with diurnal solar cycles
HYD_AWS_01,Hyderabad (AWS030),2026-08-19T19:00:00Z,36.23,52.3,1005.65,SYNTHETIC_SIMULATION,SCN_CLEAN_BASELINE,CLEAN_NORMAL,NONE,NONE,NORMAL,0,0,,,none,Normal ambient weather telemetry with diurnal solar cycles
HYD_AWS_01,Hyderabad (AWS030),2026-08-19T20:00:00Z,33.52,54.7,1006.22,SYNTHETIC_SIMULATION,SCN_CLEAN_BASELINE,CLEAN_NORMAL,NONE,NONE,NORMAL,0,0,,,none,Normal ambient weather telemetry with diurnal solar cycles
HYD_AWS_01,Hyderabad (AWS030),2026-08-19T21:00:00Z,31.63,61.2,1007.43,SYNTHETIC_SIMULATION,SCN_CLEAN_BASELINE,CLEAN_NORMAL,NONE,NONE,NORMAL,0,0,,,none,Normal ambient weather telemetry with diurnal solar cycles
HYD_AWS_01,Hyderabad (AWS030),2026-08-19T22:00:00Z,28.79,67.9,1007.7,SYNTHETIC_SIMULATION,SCN_CLEAN_BASELINE,CLEAN_NORMAL,NONE,NONE,NORMAL,0,0,,,none,Normal ambient weather telemetry with diurnal solar cycles
HYD_AWS_01,Hyderabad (AWS030),2026-08-19T23:00:00Z,27.77,72.4,1008.78,SYNTHETIC_SIMULATION,SCN_CLEAN_BASELINE,CLEAN_NORMAL,NONE,NONE,NORMAL,0,0,,,none,Normal ambient weather telemetry with diurnal solar cycles
HYD_AWS_01,Hyderabad (AWS030),2026-08-20T00:00:00Z,25.5,76.4,1008.97,SYNTHETIC_SIMULATION,SCN_CLEAN_BASELINE,CLEAN_NORMAL,NONE,NONE,NORMAL,0,0,,,none,Normal ambient weather telemetry with diurnal solar cycles
HYD_AWS_01,Hyderabad (AWS030),2026-08-20T01:00:00Z,25.17,80.4,1009.29,SYNTHETIC_SIMULATION,SCN_CLEAN_BASELINE,CLEAN_NORMAL,NONE,NONE,NORMAL,0,0,,,none,Normal ambient weather telemetry with diurnal solar cycles
HYD_AWS_01,Hyderabad (AWS030),2026-08-20T02:00:00Z,24.53,82.6,1009.13,SYNTHETIC_SIMULATION,SCN_CLEAN_BASELINE,CLEAN_NORMAL,NONE,NONE,NORMAL,0,0,,,none,Normal ambient weather telemetry with diurnal solar cycles
HYD_AWS_01,Hyderabad (AWS030),2026-08-20T03:00:00Z,24.87,82.4,1008.29,SYNTHETIC_SIMULATION,SCN_CLEAN_BASELINE,CLEAN_NORMAL,NONE,NONE,NORMAL,0,0,,,none,Normal ambient weather telemetry with diurnal solar cycles
HYD_AWS_01,Hyderabad (AWS030),2026-08-20T04:00:00Z,24.85,82.3,1007.69,SYNTHETIC_SIMULATION,SCN_CLEAN_BASELINE,CLEAN_NORMAL,NONE,NONE,NORMAL,0,0,,,none,Normal ambient weather telemetry with diurnal solar cycles
HYD_AWS_01,Hyderabad (AWS030),2026-08-20T05:00:00Z,26.17,77.6,1007.52,SYNTHETIC_SIMULATION,SCN_CLEAN_BASELINE,CLEAN_NORMAL,NONE,NONE,NORMAL,0,0,,,none,Normal ambient weather telemetry with diurnal solar cycles
HYD_AWS_01,Hyderabad (AWS030),2026-08-20T06:00:00Z,26.7,73.6,1007.59,SYNTHETIC_SIMULATION,SCN_CLEAN_BASELINE,CLEAN_NORMAL,NONE,NONE,NORMAL,0,0,,,none,Normal ambient weather telemetry with diurnal solar cycles
HYD_AWS_01,Hyderabad (AWS030),2026-08-20T07:00:00Z,28.79,69.1,1007.71,SYNTHETIC_SIMULATION,SCN_CLEAN_BASELINE,CLEAN_NORMAL,NONE,NONE,NORMAL,0,0,,,none,Normal ambient weather telemetry with diurnal solar cycles
HYD_AWS_01,Hyderabad (AWS030),2026-08-20T08:00:00Z,30.61,63.8,1008.78,SYNTHETIC_SIMULATION,SCN_CLEAN_BASELINE,CLEAN_NORMAL,NONE,NONE,NORMAL,0,0,,,none,Normal ambient weather telemetry with diurnal solar cycles
HYD_AWS_01,Hyderabad (AWS030),2026-08-20T09:00:00Z,32.11,61.0,1009.49,SYNTHETIC_SIMULATION,SCN_CLEAN_BASELINE,CLEAN_NORMAL,NONE,NONE,NORMAL,0,0,,,none,Normal ambient weather telemetry with diurnal solar cycles
HYD_AWS_01,Hyderabad (AWS030),2026-08-20T10:00:00Z,34.43,54.0,1009.92,SYNTHETIC_SIMULATION,SCN_CLEAN_BASELINE,CLEAN_NORMAL,NONE,NONE,NORMAL,0,0,,,none,Normal ambient weather telemetry with diurnal solar cycles
HYD_AWS_01,Hyderabad (AWS030),2026-08-20T11:00:00Z,36.0,49.8,1010.84,SYNTHETIC_SIMULATION,SCN_CLEAN_BASELINE,CLEAN_NORMAL,NONE,NONE,NORMAL,0,0,,,none,Normal ambient weather telemetry with diurnal solar cycles
HYD_AWS_01,Hyderabad (AWS030),2026-08-20T12:00:00Z,38.0,45.6,1011.17,SYNTHETIC_SIMULATION,SCN_CLEAN_BASELINE,CLEAN_NORMAL,NONE,NONE,NORMAL,0,0,,,none,Normal ambient weather telemetry with diurnal solar cycles
HYD_AWS_01,Hyderabad (AWS030),2026-08-20T13:00:00Z,37.76,42.4,1010.78,SYNTHETIC_SIMULATION,SCN_CLEAN_BASELINE,CLEAN_NORMAL,NONE,NONE,NORMAL,0,0,,,none,Normal ambient weather telemetry with diurnal solar cycles
HYD_AWS_01,Hyderabad (AWS030),2026-08-20T14:00:00Z,39.22,42.2,1010.66,SYNTHETIC_SIMULATION,SCN_CLEAN_BASELINE,CLEAN_NORMAL,NONE,NONE,NORMAL,0,0,,,none,Normal ambient weather telemetry with diurnal solar cycles
HYD_AWS_01,Hyderabad (AWS030),2026-08-20T15:00:00Z,38.02,41.4,1010.19,SYNTHETIC_SIMULATION,SCN_CLEAN_BASELINE,CLEAN_NORMAL,NONE,NONE,NORMAL,0,0,,,none,Normal ambient weather telemetry with diurnal solar cycles
HYD_AWS_01,Hyderabad (AWS030),2026-08-20T16:00:00Z,38.01,43.5,1009.62,SYNTHETIC_SIMULATION,SCN_CLEAN_BASELINE,CLEAN_NORMAL,NONE,NONE,NORMAL,0,0,,,none,Normal ambient weather telemetry with diurnal solar cycles
HYD_AWS_01,Hyderabad (AWS030),2026-08-20T17:00:00Z,36.81,46.3,1009.24,SYNTHETIC_SIMULATION,SCN_CLEAN_BASELINE,CLEAN_NORMAL,NONE,NONE,NORMAL,0,0,,,none,Normal ambient weather telemetry with diurnal solar cycles
HYD_AWS_01,Hyderabad (AWS030),2026-08-20T18:00:00Z,35.39,52.1,1009.35,SYNTHETIC_SIMULATION,SCN_CLEAN_BASELINE,CLEAN_NORMAL,NONE,NONE,NORMAL,0,0,,,none,Normal ambient weather telemetry with diurnal solar cycles
HYD_AWS_01,Hyderabad (AWS030),2026-08-20T19:00:00Z,33.04,56.3,1009.48,SYNTHETIC_SIMULATION,SCN_CLEAN_BASELINE,CLEAN_NORMAL,NONE,NONE,NORMAL,0,0,,,none,Normal ambient weather telemetry with diurnal solar cycles
HYD_AWS_01,Hyderabad (AWS030),2026-08-20T20:00:00Z,30.86,64.2,1010.23,SYNTHETIC_SIMULATION,SCN_CLEAN_BASELINE,CLEAN_NORMAL,NONE,NONE,NORMAL,0,0,,,none,Normal ambient weather telemetry with diurnal solar cycles
HYD_AWS_01,Hyderabad (AWS030),2026-08-20T21:00:00Z,30.03,66.7,1011.15,SYNTHETIC_SIMULATION,SCN_CLEAN_BASELINE,CLEAN_NORMAL,NONE,NONE,NORMAL,0,0,,,none,Normal ambient weather telemetry with diurnal solar cycles
HYD_AWS_01,Hyderabad (AWS030),2026-08-20T22:00:00Z,27.32,74.6,1012.27,SYNTHETIC_SIMULATION,SCN_CLEAN_BASELINE,CLEAN_NORMAL,NONE,NONE,NORMAL,0,0,,,none,Normal ambient weather telemetry with diurnal solar cycles
HYD_AWS_01,Hyderabad (AWS030),2026-08-20T23:00:00Z,25.9,77.1,1012.11,SYNTHETIC_SIMULATION,SCN_CLEAN_BASELINE,CLEAN_NORMAL,NONE,NONE,NORMAL,0,0,,,none,Normal ambient weather telemetry with diurnal solar cycles
HYD_AWS_01,Hyderabad (AWS030),2026-08-21T00:00:00Z,23.47,83.5,1013.04,SYNTHETIC_SIMULATION,SCN_CLEAN_BASELINE,CLEAN_NORMAL,NONE,NONE,NORMAL,0,0,,,none,Normal ambient weather telemetry with diurnal solar cycles
HYD_AWS_01,Hyderabad (AWS030),2026-08-21T01:00:00Z,22.81,87.2,1012.5,SYNTHETIC_SIMULATION,SCN_CLEAN_BASELINE,CLEAN_NORMAL,NONE,NONE,NORMAL,0,0,,,none,Normal ambient weather telemetry with diurnal solar cycles
HYD_AWS_01,Hyderabad (AWS030),2026-08-21T02:00:00Z,22.04,85.3,1012.04,SYNTHETIC_SIMULATION,SCN_CLEAN_BASELINE,CLEAN_NORMAL,NONE,NONE,NORMAL,0,0,,,none,Normal ambient weather telemetry with diurnal solar cycles
HYD_AWS_01,Hyderabad (AWS030),2026-08-21T03:00:00Z,22.0,86.2,1011.55,SYNTHETIC_SIMULATION,SCN_CLEAN_BASELINE,CLEAN_NORMAL,NONE,NONE,NORMAL,0,0,,,none,Normal ambient weather telemetry with diurnal solar cycles
HYD_AWS_01,Hyderabad (AWS030),2026-08-21T04:00:00Z,22.75,87.6,1010.83,SYNTHETIC_SIMULATION,SCN_CLEAN_BASELINE,CLEAN_NORMAL,NONE,NONE,NORMAL,0,0,,,none,Normal ambient weather telemetry with diurnal solar cycles
HYD_AWS_01,Hyderabad (AWS030),2026-08-21T05:00:00Z,23.58,84.5,1010.54,SYNTHETIC_SIMULATION,SCN_CLEAN_BASELINE,CLEAN_NORMAL,NONE,NONE,NORMAL,0,0,,,none,Normal ambient weather telemetry with diurnal solar cycles
HYD_AWS_01,Hyderabad (AWS030),2026-08-21T06:00:00Z,25.25,79.8,1010.57,SYNTHETIC_SIMULATION,SCN_CLEAN_BASELINE,CLEAN_NORMAL,NONE,NONE,NORMAL,0,0,,,none,Normal ambient weather telemetry with diurnal solar cycles
HYD_AWS_01,Hyderabad (AWS030),2026-08-21T07:00:00Z,27.15,75.2,1010.74,SYNTHETIC_SIMULATION,SCN_CLEAN_BASELINE,CLEAN_NORMAL,NONE,NONE,NORMAL,0,0,,,none,Normal ambient weather telemetry with diurnal solar cycles
HYD_AWS_01,Hyderabad (AWS030),2026-08-21T08:00:00Z,28.36,69.4,1011.3,SYNTHETIC_SIMULATION,SCN_CLEAN_BASELINE,CLEAN_NORMAL,NONE,NONE,NORMAL,0,0,,,none,Normal ambient weather telemetry with diurnal solar cycles
HYD_AWS_01,Hyderabad (AWS030),2026-08-21T09:00:00Z,31.17,62.9,1011.96,SYNTHETIC_SIMULATION,SCN_CLEAN_BASELINE,CLEAN_NORMAL,NONE,NONE,NORMAL,0,0,,,none,Normal ambient weather telemetry with diurnal solar cycles
HYD_AWS_01,Hyderabad (AWS030),2026-08-21T10:00:00Z,32.85,57.9,1012.97,SYNTHETIC_SIMULATION,SCN_CLEAN_BASELINE,CLEAN_NORMAL,NONE,NONE,NORMAL,0,0,,,none,Normal ambient weather telemetry with diurnal solar cycles
HYD_AWS_01,Hyderabad (AWS030),2026-08-21T11:00:00Z,34.9,53.7,1013.38,SYNTHETIC_SIMULATION,SCN_CLEAN_BASELINE,CLEAN_NORMAL,NONE,NONE,NORMAL,0,0,,,none,Normal ambient weather telemetry with diurnal solar cycles
HYD_AWS_01,Hyderabad (AWS030),2026-08-21T12:00:00Z,36.43,50.5,1012.95,SYNTHETIC_SIMULATION,SCN_CLEAN_BASELINE,CLEAN_NORMAL,NONE,NONE,NORMAL,0,0,,,none,Normal ambient weather telemetry with diurnal solar cycles
HYD_AWS_01,Hyderabad (AWS030),2026-08-21T13:00:00Z,36.84,47.2,1013.27,SYNTHETIC_SIMULATION,SCN_CLEAN_BASELINE,CLEAN_NORMAL,NONE,NONE,NORMAL,0,0,,,none,Normal ambient weather telemetry with diurnal solar cycles
HYD_AWS_01,Hyderabad (AWS030),2026-08-21T14:00:00Z,37.88,46.9,1012.77,SYNTHETIC_SIMULATION,SCN_CLEAN_BASELINE,CLEAN_NORMAL,NONE,NONE,NORMAL,0,0,,,none,Normal ambient weather telemetry with diurnal solar cycles
HYD_AWS_01,Hyderabad (AWS030),2026-08-21T15:00:00Z,36.9,45.1,1012.52,SYNTHETIC_SIMULATION,SCN_CLEAN_BASELINE,CLEAN_NORMAL,NONE,NONE,NORMAL,0,0,,,none,Normal ambient weather telemetry with diurnal solar cycles
HYD_AWS_01,Hyderabad (AWS030),2026-08-21T16:00:00Z,36.71,45.9,1011.34,SYNTHETIC_SIMULATION,SCN_CLEAN_BASELINE,CLEAN_NORMAL,NONE,NONE,NORMAL,0,0,,,none,Normal ambient weather telemetry with diurnal solar cycles
HYD_AWS_01,Hyderabad (AWS030),2026-08-21T17:00:00Z,35.69,48.8,1011.06,SYNTHETIC_SIMULATION,SCN_CLEAN_BASELINE,CLEAN_NORMAL,NONE,NONE,NORMAL,0,0,,,none,Normal ambient weather telemetry with diurnal solar cycles
HYD_AWS_01,Hyderabad (AWS030),2026-08-21T18:00:00Z,34.36,54.1,1011.2,SYNTHETIC_SIMULATION,SCN_CLEAN_BASELINE,CLEAN_NORMAL,NONE,NONE,NORMAL,0,0,,,none,Normal ambient weather telemetry with diurnal solar cycles
HYD_AWS_01,Hyderabad (AWS030),2026-08-21T19:00:00Z,32.73,58.9,1010.97,SYNTHETIC_SIMULATION,SCN_CLEAN_BASELINE,CLEAN_NORMAL,NONE,NONE,NORMAL,0,0,,,none,Normal ambient weather telemetry with diurnal solar cycles
HYD_AWS_01,Hyderabad (AWS030),2026-08-21T20:00:00Z,30.51,62.5,1011.37,SYNTHETIC_SIMULATION,SCN_CLEAN_BASELINE,CLEAN_NORMAL,NONE,NONE,NORMAL,0,0,,,none,Normal ambient weather telemetry with diurnal solar cycles
HYD_AWS_01,Hyderabad (AWS030),2026-08-21T21:00:00Z,28.71,68.9,1012.13,SYNTHETIC_SIMULATION,SCN_CLEAN_BASELINE,CLEAN_NORMAL,NONE,NONE,NORMAL,0,0,,,none,Normal ambient weather telemetry with diurnal solar cycles
HYD_AWS_01,Hyderabad (AWS030),2026-08-21T22:00:00Z,27.12,76.4,1012.52,SYNTHETIC_SIMULATION,SCN_CLEAN_BASELINE,CLEAN_NORMAL,NONE,NONE,NORMAL,0,0,,,none,Normal ambient weather telemetry with diurnal solar cycles
HYD_AWS_01,Hyderabad (AWS030),2026-08-21T23:00:00Z,25.36,78.4,1013.57,SYNTHETIC_SIMULATION,SCN_CLEAN_BASELINE,CLEAN_NORMAL,NONE,NONE,NORMAL,0,0,,,none,Normal ambient weather telemetry with diurnal solar cycles
HYD_AWS_01,Hyderabad (AWS030),2026-08-22T00:00:00Z,23.79,82.6,1013.49,SYNTHETIC_SIMULATION,SCN_CLEAN_BASELINE,CLEAN_NORMAL,NONE,NONE,NORMAL,0,0,,,none,Normal ambient weather telemetry with diurnal solar cycles
HYD_AWS_01,Hyderabad (AWS030),2026-08-22T01:00:00Z,22.59,85.3,1012.92,SYNTHETIC_SIMULATION,SCN_CLEAN_BASELINE,CLEAN_NORMAL,NONE,NONE,NORMAL,0,0,,,none,Normal ambient weather telemetry with diurnal solar cycles
HYD_AWS_01,Hyderabad (AWS030),2026-08-22T02:00:00Z,22.27,86.2,1012.26,SYNTHETIC_SIMULATION,SCN_CLEAN_BASELINE,CLEAN_NORMAL,NONE,NONE,NORMAL,0,0,,,none,Normal ambient weather telemetry with diurnal solar cycles
HYD_AWS_01,Hyderabad (AWS030),2026-08-22T03:00:00Z,22.12,87.3,1011.54,SYNTHETIC_SIMULATION,SCN_CLEAN_BASELINE,CLEAN_NORMAL,NONE,NONE,NORMAL,0,0,,,none,Normal ambient weather telemetry with diurnal solar cycles
HYD_AWS_01,Hyderabad (AWS030),2026-08-22T04:00:00Z,23.08,85.6,1010.77,SYNTHETIC_SIMULATION,SCN_CLEAN_BASELINE,CLEAN_NORMAL,NONE,NONE,NORMAL,0,0,,,none,Normal ambient weather telemetry with diurnal solar cycles
HYD_AWS_01,Hyderabad (AWS030),2026-08-22T05:00:00Z,23.78,83.7,1010.19,SYNTHETIC_SIMULATION,SCN_CLEAN_BASELINE,CLEAN_NORMAL,NONE,NONE,NORMAL,0,0,,,none,Normal ambient weather telemetry with diurnal solar cycles
HYD_AWS_01,Hyderabad (AWS030),2026-08-22T06:00:00Z,25.49,78.8,1010.05,SYNTHETIC_SIMULATION,SCN_CLEAN_BASELINE,CLEAN_NORMAL,NONE,NONE,NORMAL,0,0,,,none,Normal ambient weather telemetry with diurnal solar cycles
HYD_AWS_01,Hyderabad (AWS030),2026-08-22T07:00:00Z,27.3,74.2,1010.09,SYNTHETIC_SIMULATION,SCN_CLEAN_BASELINE,CLEAN_NORMAL,NONE,NONE,NORMAL,0,0,,,none,Normal ambient weather telemetry with diurnal solar cycles
HYD_AWS_01,Hyderabad (AWS030),2026-08-22T08:00:00Z,29.68,68.1,1010.52,SYNTHETIC_SIMULATION,SCN_CLEAN_BASELINE,CLEAN_NORMAL,NONE,NONE,NORMAL,0,0,,,none,Normal ambient weather telemetry with diurnal solar cycles
HYD_AWS_01,Hyderabad (AWS030),2026-08-22T09:00:00Z,32.12,61.8,1010.98,SYNTHETIC_SIMULATION,SCN_CLEAN_BASELINE,CLEAN_NORMAL,NONE,NONE,NORMAL,0,0,,,none,Normal ambient weather telemetry with diurnal solar cycles
HYD_AWS_01,Hyderabad (AWS030),2026-08-22T10:00:00Z,33.64,55.3,1011.69,SYNTHETIC_SIMULATION,SCN_CLEAN_BASELINE,CLEAN_NORMAL,NONE,NONE,NORMAL,0,0,,,none,Normal ambient weather telemetry with diurnal solar cycles
HYD_AWS_01,Hyderabad (AWS030),2026-08-22T11:00:00Z,35.83,50.2,1011.66,SYNTHETIC_SIMULATION,SCN_CLEAN_BASELINE,CLEAN_NORMAL,NONE,NONE,NORMAL,0,0,,,none,Normal ambient weather telemetry with diurnal solar cycles
HYD_AWS_01,Hyderabad (AWS030),2026-08-22T12:00:00Z,36.88,45.3,1012.11,SYNTHETIC_SIMULATION,SCN_CLEAN_BASELINE,CLEAN_NORMAL,NONE,NONE,NORMAL,0,0,,,none,Normal ambient weather telemetry with diurnal solar cycles
HYD_AWS_01,Hyderabad (AWS030),2026-08-22T13:00:00Z,38.36,45.9,1011.78,SYNTHETIC_SIMULATION,SCN_CLEAN_BASELINE,CLEAN_NORMAL,NONE,NONE,NORMAL,0,0,,,none,Normal ambient weather telemetry with diurnal solar cycles
HYD_AWS_01,Hyderabad (AWS030),2026-08-22T14:00:00Z,38.12,41.8,1011.14,SYNTHETIC_SIMULATION,SCN_CLEAN_BASELINE,CLEAN_NORMAL,NONE,NONE,NORMAL,0,0,,,none,Normal ambient weather telemetry with diurnal solar cycles
HYD_AWS_01,Hyderabad (AWS030),2026-08-22T15:00:00Z,38.74,41.7,1010.17,SYNTHETIC_SIMULATION,SCN_CLEAN_BASELINE,CLEAN_NORMAL,NONE,NONE,NORMAL,0,0,,,none,Normal ambient weather telemetry with diurnal solar cycles
HYD_AWS_01,Hyderabad (AWS030),2026-08-22T16:00:00Z,37.95,42.2,1009.29,SYNTHETIC_SIMULATION,SCN_CLEAN_BASELINE,CLEAN_NORMAL,NONE,NONE,NORMAL,0,0,,,none,Normal ambient weather telemetry with diurnal solar cycles
HYD_AWS_01,Hyderabad (AWS030),2026-08-22T17:00:00Z,37.24,46.9,1009.12,SYNTHETIC_SIMULATION,SCN_CLEAN_BASELINE,CLEAN_NORMAL,NONE,NONE,NORMAL,0,0,,,none,Normal ambient weather telemetry with diurnal solar cycles
HYD_AWS_01,Hyderabad (AWS030),2026-08-22T18:00:00Z,35.2,49.7,1008.6,SYNTHETIC_SIMULATION,SCN_CLEAN_BASELINE,CLEAN_NORMAL,NONE,NONE,NORMAL,0,0,,,none,Normal ambient weather telemetry with diurnal solar cycles
HYD_AWS_01,Hyderabad (AWS030),2026-08-22T19:00:00Z,33.98,54.5,1008.43,SYNTHETIC_SIMULATION,SCN_CLEAN_BASELINE,CLEAN_NORMAL,NONE,NONE,NORMAL,0,0,,,none,Normal ambient weather telemetry with diurnal solar cycles
HYD_AWS_01,Hyderabad (AWS030),2026-08-22T20:00:00Z,31.85,60.9,1008.59,SYNTHETIC_SIMULATION,SCN_CLEAN_BASELINE,CLEAN_NORMAL,NONE,NONE,NORMAL,0,0,,,none,Normal ambient weather telemetry with diurnal solar cycles
HYD_AWS_01,Hyderabad (AWS030),2026-08-22T21:00:00Z,30.71,65.2,1009.56,SYNTHETIC_SIMULATION,SCN_CLEAN_BASELINE,CLEAN_NORMAL,NONE,NONE,NORMAL,0,0,,,none,Normal ambient weather telemetry with diurnal solar cycles
HYD_AWS_01,Hyderabad (AWS030),2026-08-22T22:00:00Z,28.03,70.4,1009.81,SYNTHETIC_SIMULATION,SCN_CLEAN_BASELINE,CLEAN_NORMAL,NONE,NONE,NORMAL,0,0,,,none,Normal ambient weather telemetry with diurnal solar cycles
HYD_AWS_01,Hyderabad (AWS030),2026-08-22T23:00:00Z,27.22,75.1,1010.16,SYNTHETIC_SIMULATION,SCN_CLEAN_BASELINE,CLEAN_NORMAL,NONE,NONE,NORMAL,0,0,,,none,Normal ambient weather telemetry with diurnal solar cycles
HYD_AWS_01,Hyderabad (AWS030),2026-08-23T00:00:00Z,25.39,78.1,1009.71,SYNTHETIC_SIMULATION,SCN_CLEAN_BASELINE,CLEAN_NORMAL,NONE,NONE,NORMAL,0,0,,,none,Normal ambient weather telemetry with diurnal solar cycles
HYD_AWS_01,Hyderabad (AWS030),2026-08-23T01:00:00Z,24.03,81.2,1009.88,SYNTHETIC_SIMULATION,SCN_CLEAN_BASELINE,CLEAN_NORMAL,NONE,NONE,NORMAL,0,0,,,none,Normal ambient weather telemetry with diurnal solar cycles
HYD_AWS_01,Hyderabad (AWS030),2026-08-23T02:00:00Z,24.21,84.7,1008.62,SYNTHETIC_SIMULATION,SCN_CLEAN_BASELINE,CLEAN_NORMAL,NONE,NONE,NORMAL,0,0,,,none,Normal ambient weather telemetry with diurnal solar cycles
HYD_AWS_01,Hyderabad (AWS030),2026-08-23T03:00:00Z,24.56,83.3,1008.0,SYNTHETIC_SIMULATION,SCN_CLEAN_BASELINE,CLEAN_NORMAL,NONE,NONE,NORMAL,0,0,,,none,Normal ambient weather telemetry with diurnal solar cycles
HYD_AWS_01,Hyderabad (AWS030),2026-08-23T04:00:00Z,24.8,78.9,1007.31,SYNTHETIC_SIMULATION,SCN_CLEAN_BASELINE,CLEAN_NORMAL,NONE,NONE,NORMAL,0,0,,,none,Normal ambient weather telemetry with diurnal solar cycles
HYD_AWS_01,Hyderabad (AWS030),2026-08-23T05:00:00Z,26.19,76.7,1007.18,SYNTHETIC_SIMULATION,SCN_CLEAN_BASELINE,CLEAN_NORMAL,NONE,NONE,NORMAL,0,0,,,none,Normal ambient weather telemetry with diurnal solar cycles
HYD_AWS_01,Hyderabad (AWS030),2026-08-23T06:00:00Z,27.42,72.1,1006.39,SYNTHETIC_SIMULATION,SCN_CLEAN_BASELINE,CLEAN_NORMAL,NONE,NONE,NORMAL,0,0,,,none,Normal ambient weather telemetry with diurnal solar cycles
HYD_AWS_01,Hyderabad (AWS030),2026-08-23T07:00:00Z,29.39,69.9,1006.24,SYNTHETIC_SIMULATION,SCN_CLEAN_BASELINE,CLEAN_NORMAL,NONE,NONE,NORMAL,0,0,,,none,Normal ambient weather telemetry with diurnal solar cycles
HYD_AWS_01,Hyderabad (AWS030),2026-08-23T08:00:00Z,31.92,62.4,1006.94,SYNTHETIC_SIMULATION,SCN_CLEAN_BASELINE,CLEAN_NORMAL,NONE,NONE,NORMAL,0,0,,,none,Normal ambient weather telemetry with diurnal solar cycles
HYD_AWS_01,Hyderabad (AWS030),2026-08-23T09:00:00Z,33.68,54.3,1007.22,SYNTHETIC_SIMULATION,SCN_CLEAN_BASELINE,CLEAN_NORMAL,NONE,NONE,NORMAL,0,0,,,none,Normal ambient weather telemetry with diurnal solar cycles
HYD_AWS_01,Hyderabad (AWS030),2026-08-23T10:00:00Z,35.69,50.3,1007.71,SYNTHETIC_SIMULATION,SCN_CLEAN_BASELINE,CLEAN_NORMAL,NONE,NONE,NORMAL,0,0,,,none,Normal ambient weather telemetry with diurnal solar cycles
HYD_AWS_01,Hyderabad (AWS030),2026-08-23T11:00:00Z,37.3,42.4,1007.83,SYNTHETIC_SIMULATION,SCN_CLEAN_BASELINE,CLEAN_NORMAL,NONE,NONE,NORMAL,0,0,,,none,Normal ambient weather telemetry with diurnal solar cycles
HYD_AWS_01,Hyderabad (AWS030),2026-08-23T12:00:00Z,39.12,39.2,1008.12,SYNTHETIC_SIMULATION,SCN_CLEAN_BASELINE,CLEAN_NORMAL,NONE,NONE,NORMAL,0,0,,,none,Normal ambient weather telemetry with diurnal solar cycles
HYD_AWS_01,Hyderabad (AWS030),2026-08-23T13:00:00Z,40.37,36.1,1007.66,SYNTHETIC_SIMULATION,SCN_CLEAN_BASELINE,CLEAN_NORMAL,NONE,NONE,NORMAL,0,0,,,none,Normal ambient weather telemetry with diurnal solar cycles
HYD_AWS_01,Hyderabad (AWS030),2026-08-23T14:00:00Z,41.44,35.4,1007.17,SYNTHETIC_SIMULATION,SCN_CLEAN_BASELINE,CLEAN_NORMAL,NONE,NONE,NORMAL,0,0,,,none,Normal ambient weather telemetry with diurnal solar cycles
HYD_AWS_01,Hyderabad (AWS030),2026-08-23T15:00:00Z,40.66,37.4,1006.45,SYNTHETIC_SIMULATION,SCN_CLEAN_BASELINE,CLEAN_NORMAL,NONE,NONE,NORMAL,0,0,,,none,Normal ambient weather telemetry with diurnal solar cycles
HYD_AWS_01,Hyderabad (AWS030),2026-08-23T16:00:00Z,40.74,38.0,1005.72,SYNTHETIC_SIMULATION,SCN_CLEAN_BASELINE,CLEAN_NORMAL,NONE,NONE,NORMAL,0,0,,,none,Normal ambient weather telemetry with diurnal solar cycles
HYD_AWS_01,Hyderabad (AWS030),2026-08-23T17:00:00Z,39.64,40.3,1005.21,SYNTHETIC_SIMULATION,SCN_CLEAN_BASELINE,CLEAN_NORMAL,NONE,NONE,NORMAL,0,0,,,none,Normal ambient weather telemetry with diurnal solar cycles
HYD_AWS_01,Hyderabad (AWS030),2026-08-23T18:00:00Z,38.0,43.7,1004.69,SYNTHETIC_SIMULATION,SCN_CLEAN_BASELINE,CLEAN_NORMAL,NONE,NONE,NORMAL,0,0,,,none,Normal ambient weather telemetry with diurnal solar cycles
HYD_AWS_01,Hyderabad (AWS030),2026-08-23T19:00:00Z,36.4,47.5,1004.85,SYNTHETIC_SIMULATION,SCN_CLEAN_BASELINE,CLEAN_NORMAL,NONE,NONE,NORMAL,0,0,,,none,Normal ambient weather telemetry with diurnal solar cycles
HYD_AWS_01,Hyderabad (AWS030),2026-08-23T20:00:00Z,34.85,53.5,1005.35,SYNTHETIC_SIMULATION,SCN_CLEAN_BASELINE,CLEAN_NORMAL,NONE,NONE,NORMAL,0,0,,,none,Normal ambient weather telemetry with diurnal solar cycles
HYD_AWS_01,Hyderabad (AWS030),2026-08-23T21:00:00Z,32.79,60.9,1005.8,SYNTHETIC_SIMULATION,SCN_CLEAN_BASELINE,CLEAN_NORMAL,NONE,NONE,NORMAL,0,0,,,none,Normal ambient weather telemetry with diurnal solar cycles
HYD_AWS_01,Hyderabad (AWS030),2026-08-23T22:00:00Z,30.94,65.4,,SYNTHETIC_SIMULATION,SCN_CLEAN_BASELINE,CLEAN_NORMAL,NONE,NONE,NORMAL,0,0,,,none,Normal ambient weather telemetry with diurnal solar cycles
HYD_AWS_01,Hyderabad (AWS030),2026-08-23T23:00:00Z,28.69,69.9,1006.86,SYNTHETIC_SIMULATION,SCN_CLEAN_BASELINE,CLEAN_NORMAL,NONE,NONE,NORMAL,0,0,,,none,Normal ambient weather telemetry with diurnal solar cycles
HYD_AWS_01,Hyderabad (AWS030),2026-08-24T00:00:00Z,27.99,74.0,1006.92,SYNTHETIC_SIMULATION,SCN_CLEAN_BASELINE,CLEAN_NORMAL,NONE,NONE,NORMAL,0,0,,,none,Normal ambient weather telemetry with diurnal solar cycles
HYD_AWS_01,Hyderabad (AWS030),2026-08-24T01:00:00Z,26.7,77.7,1006.74,SYNTHETIC_SIMULATION,SCN_CLEAN_BASELINE,CLEAN_NORMAL,NONE,NONE,NORMAL,0,0,,,none,Normal ambient weather telemetry with diurnal solar cycles
HYD_AWS_01,Hyderabad (AWS030),2026-08-24T02:00:00Z,26.5,78.6,1005.73,SYNTHETIC_SIMULATION,SCN_CLEAN_BASELINE,CLEAN_NORMAL,NONE,NONE,NORMAL,0,0,,,none,Normal ambient weather telemetry with diurnal solar cycles
HYD_AWS_01,Hyderabad (AWS030),2026-08-24T03:00:00Z,26.68,78.8,1005.47,SYNTHETIC_SIMULATION,SCN_CLEAN_BASELINE,CLEAN_NORMAL,NONE,NONE,NORMAL,0,0,,,none,Normal ambient weather telemetry with diurnal solar cycles
HYD_AWS_01,Hyderabad (AWS030),2026-08-24T04:00:00Z,27.12,76.3,1004.48,SYNTHETIC_SIMULATION,SCN_CLEAN_BASELINE,CLEAN_NORMAL,NONE,NONE,NORMAL,0,0,,,none,Normal ambient weather telemetry with diurnal solar cycles
HYD_AWS_01,Hyderabad (AWS030),2026-08-24T05:00:00Z,27.58,73.4,1004.1,SYNTHETIC_SIMULATION,SCN_CLEAN_BASELINE,CLEAN_NORMAL,NONE,NONE,NORMAL,0,0,,,none,Normal ambient weather telemetry with diurnal solar cycles
HYD_AWS_01,Hyderabad (AWS030),2026-08-24T06:00:00Z,28.55,68.4,1004.37,SYNTHETIC_SIMULATION,SCN_CLEAN_BASELINE,CLEAN_NORMAL,NONE,NONE,NORMAL,0,0,,,none,Normal ambient weather telemetry with diurnal solar cycles
HYD_AWS_01,Hyderabad (AWS030),2026-08-24T07:00:00Z,31.24,64.3,1003.97,SYNTHETIC_SIMULATION,SCN_CLEAN_BASELINE,CLEAN_NORMAL,NONE,NONE,NORMAL,0,0,,,none,Normal ambient weather telemetry with diurnal solar cycles
HYD_AWS_01,Hyderabad (AWS030),2026-08-24T08:00:00Z,32.6,57.6,1004.46,SYNTHETIC_SIMULATION,SCN_CLEAN_BASELINE,CLEAN_NORMAL,NONE,NONE,NORMAL,0,0,,,none,Normal ambient weather telemetry with diurnal solar cycles
HYD_AWS_01,Hyderabad (AWS030),2026-08-24T09:00:00Z,35.21,52.9,1005.09,SYNTHETIC_SIMULATION,SCN_CLEAN_BASELINE,CLEAN_NORMAL,NONE,NONE,NORMAL,0,0,,,none,Normal ambient weather telemetry with diurnal solar cycles
HYD_AWS_01,Hyderabad (AWS030),2026-08-24T10:00:00Z,36.46,47.0,1005.81,SYNTHETIC_SIMULATION,SCN_CLEAN_BASELINE,CLEAN_NORMAL,NONE,NONE,NORMAL,0,0,,,none,Normal ambient weather telemetry with diurnal solar cycles
HYD_AWS_01,Hyderabad (AWS030),2026-08-24T11:00:00Z,38.61,42.7,1006.13,SYNTHETIC_SIMULATION,SCN_CLEAN_BASELINE,CLEAN_NORMAL,NONE,NONE,NORMAL,0,0,,,none,Normal ambient weather telemetry with diurnal solar cycles
HYD_AWS_01,Hyderabad (AWS030),2026-08-24T12:00:00Z,40.18,36.0,1006.57,SYNTHETIC_SIMULATION,SCN_CLEAN_BASELINE,CLEAN_NORMAL,NONE,NONE,NORMAL,0,0,,,none,Normal ambient weather telemetry with diurnal solar cycles
HYD_AWS_01,Hyderabad (AWS030),2026-08-24T13:00:00Z,41.13,35.3,1006.13,SYNTHETIC_SIMULATION,SCN_CLEAN_BASELINE,CLEAN_NORMAL,NONE,NONE,NORMAL,0,0,,,none,Normal ambient weather telemetry with diurnal solar cycles
HYD_AWS_01,Hyderabad (AWS030),2026-08-24T14:00:00Z,41.22,33.1,1005.93,SYNTHETIC_SIMULATION,SCN_CLEAN_BASELINE,CLEAN_NORMAL,NONE,NONE,NORMAL,0,0,,,none,Normal ambient weather telemetry with diurnal solar cycles
HYD_AWS_01,Hyderabad (AWS030),2026-08-24T15:00:00Z,40.98,33.2,1005.1,SYNTHETIC_SIMULATION,SCN_CLEAN_BASELINE,CLEAN_NORMAL,NONE,NONE,NORMAL,0,0,,,none,Normal ambient weather telemetry with diurnal solar cycles
HYD_AWS_01,Hyderabad (AWS030),2026-08-24T16:00:00Z,41.38,37.7,1004.74,SYNTHETIC_SIMULATION,SCN_CLEAN_BASELINE,CLEAN_NORMAL,NONE,NONE,NORMAL,0,0,,,none,Normal ambient weather telemetry with diurnal solar cycles
HYD_AWS_01,Hyderabad (AWS030),2026-08-24T17:00:00Z,39.79,39.1,1004.53,SYNTHETIC_SIMULATION,SCN_CLEAN_BASELINE,CLEAN_NORMAL,NONE,NONE,NORMAL,0,0,,,none,Normal ambient weather telemetry with diurnal solar cycles
HYD_AWS_01,Hyderabad (AWS030),2026-08-24T18:00:00Z,38.7,43.8,1004.38,SYNTHETIC_SIMULATION,SCN_CLEAN_BASELINE,CLEAN_NORMAL,NONE,NONE,NORMAL,0,0,,,none,Normal ambient weather telemetry with diurnal solar cycles
HYD_AWS_01,Hyderabad (AWS030),2026-08-24T19:00:00Z,36.92,45.7,1004.4,SYNTHETIC_SIMULATION,SCN_CLEAN_BASELINE,CLEAN_NORMAL,NONE,NONE,NORMAL,0,0,,,none,Normal ambient weather telemetry with diurnal solar cycles
HYD_AWS_01,Hyderabad (AWS030),2026-08-24T20:00:00Z,34.54,53.9,1004.79,SYNTHETIC_SIMULATION,SCN_CLEAN_BASELINE,CLEAN_NORMAL,NONE,NONE,NORMAL,0,0,,,none,Normal ambient weather telemetry with diurnal solar cycles
HYD_AWS_01,Hyderabad (AWS030),2026-08-24T21:00:00Z,32.97,60.0,1005.85,SYNTHETIC_SIMULATION,SCN_CLEAN_BASELINE,CLEAN_NORMAL,NONE,NONE,NORMAL,0,0,,,none,Normal ambient weather telemetry with diurnal solar cycles
HYD_AWS_01,Hyderabad (AWS030),2026-08-24T22:00:00Z,30.75,65.4,1005.97,SYNTHETIC_SIMULATION,SCN_CLEAN_BASELINE,CLEAN_NORMAL,NONE,NONE,NORMAL,0,0,,,none,Normal ambient weather telemetry with diurnal solar cycles
HYD_AWS_01,Hyderabad (AWS030),2026-08-24T23:00:00Z,28.2,71.0,1007.13,SYNTHETIC_SIMULATION,SCN_CLEAN_BASELINE,CLEAN_NORMAL,NONE,NONE,NORMAL,0,0,,,none,Normal ambient weather telemetry with diurnal solar cycles
HYD_AWS_01,Hyderabad (AWS030),2026-08-25T00:00:00Z,27.64,75.9,1007.54,SYNTHETIC_SIMULATION,SCN_CLEAN_BASELINE,CLEAN_NORMAL,NONE,NONE,NORMAL,0,0,,,none,Normal ambient weather telemetry with diurnal solar cycles
HYD_AWS_01,Hyderabad (AWS030),2026-08-25T01:00:00Z,25.97,77.2,1007.46,SYNTHETIC_SIMULATION,SCN_CLEAN_BASELINE,CLEAN_NORMAL,NONE,NONE,NORMAL,0,0,,,none,Normal ambient weather telemetry with diurnal solar cycles
HYD_AWS_01,Hyderabad (AWS030),2026-08-25T02:00:00Z,26.09,80.1,1006.8,SYNTHETIC_SIMULATION,SCN_CLEAN_BASELINE,CLEAN_NORMAL,NONE,NONE,NORMAL,0,0,,,none,Normal ambient weather telemetry with diurnal solar cycles
HYD_AWS_01,Hyderabad (AWS030),2026-08-25T03:00:00Z,25.59,80.3,1006.66,SYNTHETIC_SIMULATION,SCN_CLEAN_BASELINE,CLEAN_NORMAL,NONE,NONE,NORMAL,0,0,,,none,Normal ambient weather telemetry with diurnal solar cycles
HYD_AWS_01,Hyderabad (AWS030),2026-08-25T04:00:00Z,25.71,79.6,1005.64,SYNTHETIC_SIMULATION,SCN_CLEAN_BASELINE,CLEAN_NORMAL,NONE,NONE,NORMAL,0,0,,,none,Normal ambient weather telemetry with diurnal solar cycles
HYD_AWS_01,Hyderabad (AWS030),2026-08-25T05:00:00Z,27.01,76.0,1005.87,SYNTHETIC_SIMULATION,SCN_CLEAN_BASELINE,CLEAN_NORMAL,NONE,NONE,NORMAL,0,0,,,none,Normal ambient weather telemetry with diurnal solar cycles
HYD_AWS_01,Hyderabad (AWS030),2026-08-25T06:00:00Z,28.25,74.2,1005.57,SYNTHETIC_SIMULATION,SCN_CLEAN_BASELINE,CLEAN_NORMAL,NONE,NONE,NORMAL,0,0,,,none,Normal ambient weather telemetry with diurnal solar cycles
HYD_AWS_01,Hyderabad (AWS030),2026-08-25T07:00:00Z,29.9,66.9,1005.75,SYNTHETIC_SIMULATION,SCN_CLEAN_BASELINE,CLEAN_NORMAL,NONE,NONE,NORMAL,0,0,,,none,Normal ambient weather telemetry with diurnal solar cycles
HYD_AWS_01,Hyderabad (AWS030),2026-08-25T08:00:00Z,30.97,60.0,1006.5,SYNTHETIC_SIMULATION,SCN_CLEAN_BASELINE,CLEAN_NORMAL,NONE,NONE,NORMAL,0,0,,,none,Normal ambient weather telemetry with diurnal solar cycles
HYD_AWS_01,Hyderabad (AWS030),2026-08-25T09:00:00Z,33.83,55.4,1007.19,SYNTHETIC_SIMULATION,SCN_CLEAN_BASELINE,CLEAN_NORMAL,NONE,NONE,NORMAL,0,0,,,none,Normal ambient weather telemetry with diurnal solar cycles
HYD_AWS_01,Hyderabad (AWS030),2026-08-25T10:00:00Z,36.18,53.1,1007.87,SYNTHETIC_SIMULATION,SCN_CLEAN_BASELINE,CLEAN_NORMAL,NONE,NONE,NORMAL,0,0,,,none,Normal ambient weather telemetry with diurnal solar cycles
HYD_AWS_01,Hyderabad (AWS030),2026-08-25T11:00:00Z,37.63,46.0,1008.35,SYNTHETIC_SIMULATION,SCN_CLEAN_BASELINE,CLEAN_NORMAL,NONE,NONE,NORMAL,0,0,,,none,Normal ambient weather telemetry with diurnal solar cycles
HYD_AWS_01,Hyderabad (AWS030),2026-08-25T12:00:00Z,38.57,42.6,1009.28,SYNTHETIC_SIMULATION,SCN_CLEAN_BASELINE,CLEAN_NORMAL,NONE,NONE,NORMAL,0,0,,,none,Normal ambient weather telemetry with diurnal solar cycles
HYD_AWS_01,Hyderabad (AWS030),2026-08-25T13:00:00Z,39.48,39.6,1009.01,SYNTHETIC_SIMULATION,SCN_CLEAN_BASELINE,CLEAN_NORMAL,NONE,NONE,NORMAL,0,0,,,none,Normal ambient weather telemetry with diurnal solar cycles
HYD_AWS_01,Hyderabad (AWS030),2026-08-25T14:00:00Z,40.28,37.5,1008.76,SYNTHETIC_SIMULATION,SCN_CLEAN_BASELINE,CLEAN_NORMAL,NONE,NONE,NORMAL,0,0,,,none,Normal ambient weather telemetry with diurnal solar cycles
HYD_AWS_01,Hyderabad (AWS030),2026-08-25T15:00:00Z,39.16,38.1,1008.22,SYNTHETIC_SIMULATION,SCN_CLEAN_BASELINE,CLEAN_NORMAL,NONE,NONE,NORMAL,0,0,,,none,Normal ambient weather telemetry with diurnal solar cycles
HYD_AWS_01,Hyderabad (AWS030),2026-08-25T16:00:00Z,38.63,41.2,1007.76,SYNTHETIC_SIMULATION,SCN_CLEAN_BASELINE,CLEAN_NORMAL,NONE,NONE,NORMAL,0,0,,,none,Normal ambient weather telemetry with diurnal solar cycles
HYD_AWS_01,Hyderabad (AWS030),2026-08-25T17:00:00Z,37.51,45.6,1006.78,SYNTHETIC_SIMULATION,SCN_CLEAN_BASELINE,CLEAN_NORMAL,NONE,NONE,NORMAL,0,0,,,none,Normal ambient weather telemetry with diurnal solar cycles
HYD_AWS_01,Hyderabad (AWS030),2026-08-25T18:00:00Z,36.47,46.7,1006.85,SYNTHETIC_SIMULATION,SCN_CLEAN_BASELINE,CLEAN_NORMAL,NONE,NONE,NORMAL,0,0,,,none,Normal ambient weather telemetry with diurnal solar cycles
HYD_AWS_01,Hyderabad (AWS030),2026-08-25T19:00:00Z,34.81,53.0,1007.69,SYNTHETIC_SIMULATION,SCN_CLEAN_BASELINE,CLEAN_NORMAL,NONE,NONE,NORMAL,0,0,,,none,Normal ambient weather telemetry with diurnal solar cycles
HYD_AWS_01,Hyderabad (AWS030),2026-08-25T20:00:00Z,32.61,58.8,1008.49,SYNTHETIC_SIMULATION,SCN_CLEAN_BASELINE,CLEAN_NORMAL,NONE,NONE,NORMAL,0,0,,,none,Normal ambient weather telemetry with diurnal solar cycles
HYD_AWS_01,Hyderabad (AWS030),2026-08-25T21:00:00Z,30.05,66.4,1008.97,SYNTHETIC_SIMULATION,SCN_CLEAN_BASELINE,CLEAN_NORMAL,NONE,NONE,NORMAL,0,0,,,none,Normal ambient weather telemetry with diurnal solar cycles
HYD_AWS_01,Hyderabad (AWS030),2026-08-25T22:00:00Z,28.98,71.3,1009.41,SYNTHETIC_SIMULATION,SCN_CLEAN_BASELINE,CLEAN_NORMAL,NONE,NONE,NORMAL,0,0,,,none,Normal ambient weather telemetry with diurnal solar cycles
HYD_AWS_01,Hyderabad (AWS030),2026-08-25T23:00:00Z,27.07,77.3,1010.89,SYNTHETIC_SIMULATION,SCN_CLEAN_BASELINE,CLEAN_NORMAL,NONE,NONE,NORMAL,0,0,,,none,Normal ambient weather telemetry with diurnal solar cycles
HYD_AWS_01,Hyderabad (AWS030),2026-08-26T00:00:00Z,25.19,78.9,1011.28,SYNTHETIC_SIMULATION,SCN_CLEAN_BASELINE,CLEAN_NORMAL,NONE,NONE,NORMAL,0,0,,,none,Normal ambient weather telemetry with diurnal solar cycles
HYD_AWS_01,Hyderabad (AWS030),2026-08-26T01:00:00Z,23.77,82.2,1011.21,SYNTHETIC_SIMULATION,SCN_CLEAN_BASELINE,CLEAN_NORMAL,NONE,NONE,NORMAL,0,0,,,none,Normal ambient weather telemetry with diurnal solar cycles
HYD_AWS_01,Hyderabad (AWS030),2026-08-26T02:00:00Z,23.07,84.3,1010.36,SYNTHETIC_SIMULATION,SCN_CLEAN_BASELINE,CLEAN_NORMAL,NONE,NONE,NORMAL,0,0,,,none,Normal ambient weather telemetry with diurnal solar cycles
HYD_AWS_01,Hyderabad (AWS030),2026-08-26T03:00:00Z,22.85,86.2,1010.11,SYNTHETIC_SIMULATION,SCN_CLEAN_BASELINE,CLEAN_NORMAL,NONE,NONE,NORMAL,0,0,,,none,Normal ambient weather telemetry with diurnal solar cycles
HYD_AWS_01,Hyderabad (AWS030),2026-08-26T04:00:00Z,23.79,85.4,1009.46,SYNTHETIC_SIMULATION,SCN_CLEAN_BASELINE,CLEAN_NORMAL,NONE,NONE,NORMAL,0,0,,,none,Normal ambient weather telemetry with diurnal solar cycles
HYD_AWS_01,Hyderabad (AWS030),2026-08-26T05:00:00Z,24.65,81.1,1009.42,SYNTHETIC_SIMULATION,SCN_CLEAN_BASELINE,CLEAN_NORMAL,NONE,NONE,NORMAL,0,0,,,none,Normal ambient weather telemetry with diurnal solar cycles
HYD_AWS_01,Hyderabad (AWS030),2026-08-26T06:00:00Z,25.27,77.5,1009.24,SYNTHETIC_SIMULATION,SCN_CLEAN_BASELINE,CLEAN_NORMAL,NONE,NONE,NORMAL,0,0,,,none,Normal ambient weather telemetry with diurnal solar cycles
HYD_AWS_01,Hyderabad (AWS030),2026-08-26T07:00:00Z,27.9,72.3,1009.72,SYNTHETIC_SIMULATION,SCN_CLEAN_BASELINE,CLEAN_NORMAL,NONE,NONE,NORMAL,0,0,,,none,Normal ambient weather telemetry with diurnal solar cycles
HYD_AWS_01,Hyderabad (AWS030),2026-08-26T08:00:00Z,29.77,66.0,1010.32,SYNTHETIC_SIMULATION,SCN_CLEAN_BASELINE,CLEAN_NORMAL,NONE,NONE,NORMAL,0,0,,,none,Normal ambient weather telemetry with diurnal solar cycles
HYD_AWS_01,Hyderabad (AWS030),2026-08-26T09:00:00Z,31.5,63.7,1011.1,SYNTHETIC_SIMULATION,SCN_CLEAN_BASELINE,CLEAN_NORMAL,NONE,NONE,NORMAL,0,0,,,none,Normal ambient weather telemetry with diurnal solar cycles
HYD_AWS_01,Hyderabad (AWS030),2026-08-26T10:00:00Z,33.37,57.3,1011.93,SYNTHETIC_SIMULATION,SCN_CLEAN_BASELINE,CLEAN_NORMAL,NONE,NONE,NORMAL,0,0,,,none,Normal ambient weather telemetry with diurnal solar cycles
HYD_AWS_01,Hyderabad (AWS030),2026-08-26T11:00:00Z,34.9,52.6,1012.47,SYNTHETIC_SIMULATION,SCN_CLEAN_BASELINE,CLEAN_NORMAL,NONE,NONE,NORMAL,0,0,,,none,Normal ambient weather telemetry with diurnal solar cycles
HYD_AWS_01,Hyderabad (AWS030),2026-08-26T12:00:00Z,35.9,49.3,1012.83,SYNTHETIC_SIMULATION,SCN_CLEAN_BASELINE,CLEAN_NORMAL,NONE,NONE,NORMAL,0,0,,,none,Normal ambient weather telemetry with diurnal solar cycles
HYD_AWS_01,Hyderabad (AWS030),2026-08-26T13:00:00Z,37.14,47.6,1012.7,SYNTHETIC_SIMULATION,SCN_CLEAN_BASELINE,CLEAN_NORMAL,NONE,NONE,NORMAL,0,0,,,none,Normal ambient weather telemetry with diurnal solar cycles
HYD_AWS_01,Hyderabad (AWS030),2026-08-26T14:00:00Z,37.69,44.2,1011.94,SYNTHETIC_SIMULATION,SCN_CLEAN_BASELINE,CLEAN_NORMAL,NONE,NONE,NORMAL,0,0,,,none,Normal ambient weather telemetry with diurnal solar cycles
HYD_AWS_01,Hyderabad (AWS030),2026-08-26T15:00:00Z,38.05,45.5,1011.81,SYNTHETIC_SIMULATION,SCN_CLEAN_BASELINE,CLEAN_NORMAL,NONE,NONE,NORMAL,0,0,,,none,Normal ambient weather telemetry with diurnal solar cycles
HYD_AWS_01,Hyderabad (AWS030),2026-08-26T16:00:00Z,37.16,46.3,1011.3,SYNTHETIC_SIMULATION,SCN_CLEAN_BASELINE,CLEAN_NORMAL,NONE,NONE,NORMAL,0,0,,,none,Normal ambient weather telemetry with diurnal solar cycles
HYD_AWS_01,Hyderabad (AWS030),2026-08-26T17:00:00Z,35.68,47.3,1011.0,SYNTHETIC_SIMULATION,SCN_CLEAN_BASELINE,CLEAN_NORMAL,NONE,NONE,NORMAL,0,0,,,none,Normal ambient weather telemetry with diurnal solar cycles
HYD_AWS_01,Hyderabad (AWS030),2026-08-26T18:00:00Z,34.61,53.3,1010.12,SYNTHETIC_SIMULATION,SCN_CLEAN_BASELINE,CLEAN_NORMAL,NONE,NONE,NORMAL,0,0,,,none,Normal ambient weather telemetry with diurnal solar cycles
HYD_AWS_01,Hyderabad (AWS030),2026-08-26T19:00:00Z,32.44,60.0,1010.79,SYNTHETIC_SIMULATION,SCN_CLEAN_BASELINE,CLEAN_NORMAL,NONE,NONE,NORMAL,0,0,,,none,Normal ambient weather telemetry with diurnal solar cycles
HYD_AWS_01,Hyderabad (AWS030),2026-08-26T20:00:00Z,30.68,62.9,1010.91,SYNTHETIC_SIMULATION,SCN_CLEAN_BASELINE,CLEAN_NORMAL,NONE,NONE,NORMAL,0,0,,,none,Normal ambient weather telemetry with diurnal solar cycles
HYD_AWS_01,Hyderabad (AWS030),2026-08-26T21:00:00Z,28.55,71.2,1012.01,SYNTHETIC_SIMULATION,SCN_CLEAN_BASELINE,CLEAN_NORMAL,NONE,NONE,NORMAL,0,0,,,none,Normal ambient weather telemetry with diurnal solar cycles
HYD_AWS_01,Hyderabad (AWS030),2026-08-26T22:00:00Z,26.74,75.6,1012.83,SYNTHETIC_SIMULATION,SCN_CLEAN_BASELINE,CLEAN_NORMAL,NONE,NONE,NORMAL,0,0,,,none,Normal ambient weather telemetry with diurnal solar cycles
HYD_AWS_01,Hyderabad (AWS030),2026-08-26T23:00:00Z,25.03,79.1,1013.04,SYNTHETIC_SIMULATION,SCN_CLEAN_BASELINE,CLEAN_NORMAL,NONE,NONE,NORMAL,0,0,,,none,Normal ambient weather telemetry with diurnal solar cycles
HYD_AWS_01,Hyderabad (AWS030),2026-08-27T00:00:00Z,23.39,85.0,1013.68,SYNTHETIC_SIMULATION,SCN_CLEAN_BASELINE,CLEAN_NORMAL,NONE,NONE,NORMAL,0,0,,,none,Normal ambient weather telemetry with diurnal solar cycles
HYD_AWS_01,Hyderabad (AWS030),2026-08-27T01:00:00Z,22.53,86.5,1013.27,SYNTHETIC_SIMULATION,SCN_CLEAN_BASELINE,CLEAN_NORMAL,NONE,NONE,NORMAL,0,0,,,none,Normal ambient weather telemetry with diurnal solar cycles
HYD_AWS_01,Hyderabad (AWS030),2026-08-27T02:00:00Z,21.51,89.5,1012.73,SYNTHETIC_SIMULATION,SCN_CLEAN_BASELINE,CLEAN_NORMAL,NONE,NONE,NORMAL,0,0,,,none,Normal ambient weather telemetry with diurnal solar cycles
HYD_AWS_01,Hyderabad (AWS030),2026-08-27T03:00:00Z,21.81,88.6,1012.19,SYNTHETIC_SIMULATION,SCN_CLEAN_BASELINE,CLEAN_NORMAL,NONE,NONE,NORMAL,0,0,,,none,Normal ambient weather telemetry with diurnal solar cycles
HYD_AWS_01,Hyderabad (AWS030),2026-08-27T04:00:00Z,22.76,87.6,1011.31,SYNTHETIC_SIMULATION,SCN_CLEAN_BASELINE,CLEAN_NORMAL,NONE,NONE,NORMAL,0,0,,,none,Normal ambient weather telemetry with diurnal solar cycles
HYD_AWS_01,Hyderabad (AWS030),2026-08-27T05:00:00Z,24.02,84.6,1011.41,SYNTHETIC_SIMULATION,SCN_CLEAN_BASELINE,CLEAN_NORMAL,NONE,NONE,NORMAL,0,0,,,none,Normal ambient weather telemetry with diurnal solar cycles
HYD_AWS_01,Hyderabad (AWS030),2026-08-27T06:00:00Z,,81.1,1011.0,SYNTHETIC_SIMULATION,SCN_CLEAN_BASELINE,CLEAN_NORMAL,NONE,NONE,NORMAL,0,0,,,none,Normal ambient weather telemetry with diurnal solar cycles
HYD_AWS_01,Hyderabad (AWS030),2026-08-27T07:00:00Z,25.85,75.8,1010.78,SYNTHETIC_SIMULATION,SCN_CLEAN_BASELINE,CLEAN_NORMAL,NONE,NONE,NORMAL,0,0,,,none,Normal ambient weather telemetry with diurnal solar cycles
HYD_AWS_01,Hyderabad (AWS030),2026-08-27T08:00:00Z,28.58,69.6,1011.47,SYNTHETIC_SIMULATION,SCN_CLEAN_BASELINE,CLEAN_NORMAL,NONE,NONE,NORMAL,0,0,,,none,Normal ambient weather telemetry with diurnal solar cycles
HYD_AWS_01,Hyderabad (AWS030),2026-08-27T09:00:00Z,30.75,62.9,1011.96,SYNTHETIC_SIMULATION,SCN_CLEAN_BASELINE,CLEAN_NORMAL,NONE,NONE,NORMAL,0,0,,,none,Normal ambient weather telemetry with diurnal solar cycles
HYD_AWS_01,Hyderabad (AWS030),2026-08-27T10:00:00Z,32.73,58.2,1012.48,SYNTHETIC_SIMULATION,SCN_CLEAN_BASELINE,CLEAN_NORMAL,NONE,NONE,NORMAL,0,0,,,none,Normal ambient weather telemetry with diurnal solar cycles
HYD_AWS_01,Hyderabad (AWS030),2026-08-27T11:00:00Z,34.81,52.3,1013.32,SYNTHETIC_SIMULATION,SCN_CLEAN_BASELINE,CLEAN_NORMAL,NONE,NONE,NORMAL,0,0,,,none,Normal ambient weather telemetry with diurnal solar cycles
HYD_AWS_01,Hyderabad (AWS030),2026-08-27T12:00:00Z,35.69,48.7,1013.37,SYNTHETIC_SIMULATION,SCN_CLEAN_BASELINE,CLEAN_NORMAL,NONE,NONE,NORMAL,0,0,,,none,Normal ambient weather telemetry with diurnal solar cycles
HYD_AWS_01,Hyderabad (AWS030),2026-08-27T13:00:00Z,37.15,45.5,1013.13,SYNTHETIC_SIMULATION,SCN_CLEAN_BASELINE,CLEAN_NORMAL,NONE,NONE,NORMAL,0,0,,,none,Normal ambient weather telemetry with diurnal solar cycles
HYD_AWS_01,Hyderabad (AWS030),2026-08-27T14:00:00Z,37.3,46.5,1012.08,SYNTHETIC_SIMULATION,SCN_CLEAN_BASELINE,CLEAN_NORMAL,NONE,NONE,NORMAL,0,0,,,none,Normal ambient weather telemetry with diurnal solar cycles
HYD_AWS_01,Hyderabad (AWS030),2026-08-27T15:00:00Z,37.56,45.3,1011.37,SYNTHETIC_SIMULATION,SCN_CLEAN_BASELINE,CLEAN_NORMAL,NONE,NONE,NORMAL,0,0,,,none,Normal ambient weather telemetry with diurnal solar cycles
HYD_AWS_01,Hyderabad (AWS030),2026-08-27T16:00:00Z,36.92,47.0,1010.71,SYNTHETIC_SIMULATION,SCN_CLEAN_BASELINE,CLEAN_NORMAL,NONE,NONE,NORMAL,0,0,,,none,Normal ambient weather telemetry with diurnal solar cycles
HYD_AWS_01,Hyderabad (AWS030),2026-08-27T17:00:00Z,35.98,49.0,1010.02,SYNTHETIC_SIMULATION,SCN_CLEAN_BASELINE,CLEAN_NORMAL,NONE,NONE,NORMAL,0,0,,,none,Normal ambient weather telemetry with diurnal solar cycles
HYD_AWS_01,Hyderabad (AWS030),2026-08-27T18:00:00Z,34.88,51.4,1009.98,SYNTHETIC_SIMULATION,SCN_CLEAN_BASELINE,CLEAN_NORMAL,NONE,NONE,NORMAL,0,0,,,none,Normal ambient weather telemetry with diurnal solar cycles
HYD_AWS_01,Hyderabad (AWS030),2026-08-27T19:00:00Z,33.53,55.9,1010.02,SYNTHETIC_SIMULATION,SCN_CLEAN_BASELINE,CLEAN_NORMAL,NONE,NONE,NORMAL,0,0,,,none,Normal ambient weather telemetry with diurnal solar cycles
HYD_AWS_01,Hyderabad (AWS030),2026-08-27T20:00:00Z,31.8,63.4,1010.42,SYNTHETIC_SIMULATION,SCN_CLEAN_BASELINE,CLEAN_NORMAL,NONE,NONE,NORMAL,0,0,,,none,Normal ambient weather telemetry with diurnal solar cycles
HYD_AWS_01,Hyderabad (AWS030),2026-08-27T21:00:00Z,29.96,66.5,1010.88,SYNTHETIC_SIMULATION,SCN_CLEAN_BASELINE,CLEAN_NORMAL,NONE,NONE,NORMAL,0,0,,,none,Normal ambient weather telemetry with diurnal solar cycles
HYD_AWS_01,Hyderabad (AWS030),2026-08-27T22:00:00Z,27.09,72.1,1011.27,SYNTHETIC_SIMULATION,SCN_CLEAN_BASELINE,CLEAN_NORMAL,NONE,NONE,NORMAL,0,0,,,none,Normal ambient weather telemetry with diurnal solar cycles
HYD_AWS_01,Hyderabad (AWS030),2026-08-27T23:00:00Z,25.33,78.3,1011.97,SYNTHETIC_SIMULATION,SCN_CLEAN_BASELINE,CLEAN_NORMAL,NONE,NONE,NORMAL,0,0,,,none,Normal ambient weather telemetry with diurnal solar cycles
